open_time,open,high,low,close,volume
2024-01-01T00:00:00Z,42000.0,42051.73251931632,41851.859848419605,41899.48484394996,1218.6507080861768
2024-01-01T01:00:00Z,41899.48484394996,41958.93234581498,41753.70007567162,41814.28914831813,1268.6843594563898
2024-01-01T02:00:00Z,41814.28914831813,41833.51862162135,41814.050601022354,41815.814394359135,1056.5700374481617
2024-01-01T03:00:00Z,41815.814394359135,41846.61800075252,41756.283067719865,41841.42314351377,848.3790746498295
2024-01-01T04:00:00Z,41841.42314351377,41844.59829976261,41686.41453826844,41761.23162893364,1608.0316279534413
2024-01-01T05:00:00Z,41761.23162893364,41919.93524188086,41758.67637448351,41873.74348520668,993.3940195308926
2024-01-01T06:00:00Z,41873.74348520668,41882.42922099608,41801.611871846566,41873.00918063087,1052.6699612649993
2024-01-01T07:00:00Z,41873.00918063087,41934.32238887289,41760.08731506078,41769.45309765431,1891.9157946804482
2024-01-01T08:00:00Z,41769.45309765431,41810.85331327735,41729.67226906085,41755.391375855004,1227.0554581779716
2024-01-01T09:00:00Z,41755.391375855004,41758.176842356464,41596.52258627917,41661.464005094655,852.2991807157919
2024-01-01T10:00:00Z,41661.464005094655,41761.18397621313,41588.806330281244,41745.54181007145,1840.948745511423
2024-01-01T11:00:00Z,41745.54181007145,41879.188993974734,41701.98438188163,41821.9795455157,1594.6360648154484
2024-01-01T12:00:00Z,41821.9795455157,41857.70394972347,41646.69655040299,41708.722906780444,801.6191349316141
2024-01-01T13:00:00Z,41708.722906780444,41902.24011923119,41678.002779988405,41835.67314053679,1047.8308195752093
2024-01-01T14:00:00Z,41835.67314053679,41864.60646686941,41746.45642442681,41821.06962892342,1079.8899151277315
2024-01-01T15:00:00Z,41821.06962892342,41828.06431882698,41625.263385626975,41679.12032808468,1989.235110384134
2024-01-01T16:00:00Z,41679.12032808468,41715.985798496,41636.64124034373,41677.923557721006,1622.2640297059659
2024-01-01T17:00:00Z,41677.923557721006,41723.5911620698,41552.796938813815,41594.53346391354,1433.934082605425
2024-01-01T18:00:00Z,41594.53346391354,41607.29035264576,41472.62112635988,41498.73667171112,1890.6104117525167
2024-01-01T19:00:00Z,41498.73667171112,41543.52941469905,41429.72465125823,41452.72069778967,654.9098436015742
2024-01-01T20:00:00Z,41452.72069778967,41513.74788592723,41264.13748670883,41322.41388077172,1062.313331215289
2024-01-01T21:00:00Z,41322.41388077172,41428.11205221583,41255.01155818622,41377.41941857227,1937.4201771790497
2024-01-01T22:00:00Z,41377.41941857227,41451.60264075609,41277.41658414563,41349.52381654968,1385.7781925901336
2024-01-01T23:00:00Z,41349.52381654968,41501.293102138705,41321.35680551951,41464.474712633855,870.8116852077185
2024-01-02T00:00:00Z,41464.474712633855,41589.490036547686,41459.27457630803,41577.31809405186,1707.9226643681209
2024-01-02T01:00:00Z,41577.31809405186,41695.731050101385,41514.54318348566,41659.493080819804,578.2604424652513
2024-01-02T02:00:00Z,41659.493080819804,41681.23368018837,41555.41971395342,41586.88606423797,755.9445134683542
2024-01-02T03:00:00Z,41586.88606423797,41612.2422431431,41390.28555331408,41457.72144345938,1975.1705916732417
2024-01-02T04:00:00Z,41457.72144345938,41567.39875205043,41438.80533361829,41531.47576240107,1938.3163077784739
2024-01-02T05:00:00Z,41531.47576240107,41593.80974174218,41529.353305288234,41539.16410423795,818.1372459915158
2024-01-02T06:00:00Z,41539.16410423795,41700.28461636028,41473.05514411863,41640.64324348934,1402.0336729224396
2024-01-02T07:00:00Z,41640.64324348934,41684.22870686192,41554.76733825553,41618.4679921346,961.96591264153
2024-01-02T08:00:00Z,41618.4679921346,41649.46706710011,41560.848808407565,41628.768431555865,515.3503311689857
2024-01-02T09:00:00Z,41628.768431555865,41755.90613475437,41627.005882015226,41684.3580518612,1390.529807576943
2024-01-02T10:00:00Z,41684.3580518612,41791.391876384034,41640.53253775637,41727.5157208312,885.7951501363432
2024-01-02T11:00:00Z,41727.5157208312,41799.41919088481,41631.2771018546,41699.19761463804,700.3066667389162
2024-01-02T12:00:00Z,41699.19761463804,41706.243026805954,41575.750578051026,41577.64935328681,1170.2831922413236
2024-01-02T13:00:00Z,41577.64935328681,41642.69956546095,41420.74789538451,41469.89714056545,689.7920627596898
2024-01-02T14:00:00Z,41469.89714056545,41505.815492292786,41432.85713332739,41481.49472611411,829.4118861243244
2024-01-02T15:00:00Z,41481.49472611411,41495.29045799621,41352.983056175486,41381.318860035324,1564.9627940080873
2024-01-02T16:00:00Z,41381.318860035324,41399.79327235297,41328.00315674115,41396.32966566539,1810.8034776027737
2024-01-02T17:00:00Z,41396.32966566539,41537.9087269403,41395.74295234334,41478.604315084296,1195.8195663742301
2024-01-02T18:00:00Z,41478.604315084296,41535.89832223304,41334.504455602975,41347.651741661066,1567.2314006833437
2024-01-02T19:00:00Z,41347.651741661066,41399.90672354683,41250.00223058653,41273.52352656567,562.8667240371299
2024-01-02T20:00:00Z,41273.52352656567,41296.72939531246,41172.62825397966,41240.184831150196,942.5405243516215
2024-01-02T21:00:00Z,41240.184831150196,41282.3211259374,41169.068553254525,41241.121201053,647.845110432262
2024-01-02T22:00:00Z,41241.121201053,41309.59100269219,41186.02825499081,41271.47506099925,1950.6669959073747
2024-01-02T23:00:00Z,41271.47506099925,41323.933567239605,41175.088222895785,41214.522222306325,1341.0152329827006
2024-01-03T00:00:00Z,41214.522222306325,41275.623846299175,41010.37582925188,41083.639406922484,1032.8387811628904
2024-01-03T01:00:00Z,41083.639406922484,41158.130703865914,41020.998432492415,41029.068895919554,614.1620984492407
2024-01-03T02:00:00Z,41029.068895919554,41090.14358856802,40844.07494332972,40901.06845612641,1172.088326942659
2024-01-03T03:00:00Z,40901.06845612641,40938.96923820572,40852.71995012336,40937.48579798542,1163.955108868481
2024-01-03T04:00:00Z,40937.48579798542,40971.918842810745,40907.37225903268,40942.7137195451,838.2288928137937
2024-01-03T05:00:00Z,40942.7137195451,40975.257410816295,40788.83043765689,40807.359706537594,1556.268836439485
2024-01-03T06:00:00Z,40807.359706537594,40956.83054416348,40773.1602956012,40902.54856729208,854.6554714322743
2024-01-03T07:00:00Z,40902.54856729208,40939.05741575123,40820.78390226697,40868.170666022954,1944.6875377111273
2024-01-03T08:00:00Z,40868.170666022954,40904.14870975771,40706.901173055914,40743.79254148213,1575.7603601134301
2024-01-03T09:00:00Z,40743.79254148213,40919.402024109506,40696.78196831519,40860.938367142146,1637.7885783409909
2024-01-03T10:00:00Z,40860.938367142146,40975.76491721406,40808.51141921676,40911.34697351724,1524.4629747665565
2024-01-03T11:00:00Z,40911.34697351724,40980.097892266225,40805.99240158926,40834.93884615243,1422.064606642531
2024-01-03T12:00:00Z,40834.93884615243,41004.66710969913,40760.74819495036,40932.38926758461,509.5782484323301
2024-01-03T13:00:00Z,40932.38926758461,40955.76921513278,40846.83242152385,40876.17414569409,718.1322920027903
2024-01-03T14:00:00Z,40876.17414569409,40898.11101190131,40853.47896736789,40892.14725509284,1915.286466949675
2024-01-03T15:00:00Z,40892.14725509284,40999.53007580053,40884.030884472166,40964.85390322573,1934.0025056128434
2024-01-03T16:00:00Z,40964.85390322573,41041.47541559318,40939.706872515315,41026.03902126008,1462.3659392633476
2024-01-03T17:00:00Z,41026.03902126008,41100.09356204916,40954.69613444602,41080.52835933503,983.1677732766466
2024-01-03T18:00:00Z,41080.52835933503,41143.93121787947,40995.294477384705,41006.80002803357,1521.7448380632222
2024-01-03T19:00:00Z,41006.80002803357,41051.647709232675,40895.95851176086,40916.764340434354,1068.4929507653821
2024-01-03T20:00:00Z,40916.764340434354,41084.00636730674,40883.998265862196,41048.98394198953,1425.6385527449243
2024-01-03T21:00:00Z,41048.98394198953,41062.05994265075,40954.32459325766,40983.172172331775,908.6026597651667
2024-01-03T22:00:00Z,40983.172172331775,41055.2311643536,40887.13095929066,40889.70918875745,1715.6497422173024
2024-01-03T23:00:00Z,40889.70918875745,41072.97906175245,40888.28509945521,41020.13413650847,1251.8030544372527
2024-01-04T00:00:00Z,41020.13413650847,41065.72378922628,40829.384105042605,40881.91468996446,860.3409788475396
2024-01-04T01:00:00Z,40881.91468996446,40922.74503307749,40727.1063552153,40734.195271576355,963.4439333189582
2024-01-04T02:00:00Z,40734.195271576355,40801.27931896259,40692.67328760049,40720.42660169671,702.4284217966725
2024-01-04T03:00:00Z,40720.42660169671,40869.61683334039,40680.720436255884,40807.940841049625,573.7387013656344
2024-01-04T04:00:00Z,40807.940841049625,40838.163643593194,40672.82060255041,40714.212997028466,837.6798284227625
2024-01-04T05:00:00Z,40714.212997028466,40868.18724058727,40644.825878993805,40804.92513117468,1825.3341666426127
2024-01-04T06:00:00Z,40804.92513117468,40848.580371192416,40654.17371210678,40660.20681346939,1849.5150860330075
2024-01-04T07:00:00Z,40660.20681346939,40791.23066280091,40646.084801871875,40734.28499185082,589.4681941422355
2024-01-04T08:00:00Z,40734.28499185082,40874.3349154208,40687.76382188396,40828.845911984776,1206.662785402215
2024-01-04T09:00:00Z,40828.845911984776,40944.22950676065,40808.61625620852,40918.879842546,1029.6894232329644
2024-01-04T10:00:00Z,40918.879842546,40965.91279672246,40791.51529150449,40858.27626558776,606.5225526859687
2024-01-04T11:00:00Z,40858.27626558776,40896.65794071462,40677.71491004001,40728.5655969338,784.6739444157959
2024-01-04T12:00:00Z,40728.5655969338,40732.97262010407,40656.73715644504,40659.52323321349,1242.5878190463268
2024-01-04T13:00:00Z,40659.52323321349,40762.7383658057,40647.6591991089,40713.75037328835,656.163452930868
2024-01-04T14:00:00Z,40713.75037328835,40883.4017702436,40683.11903940135,40843.009904544735,1536.292789804205
2024-01-04T15:00:00Z,40843.009904544735,40950.69801388274,40837.1365366142,40911.35451239119,1740.9136878594602
2024-01-04T16:00:00Z,40911.35451239119,40914.39034760202,40799.04859502632,40825.4690655062,1298.8254424147754
2024-01-04T17:00:00Z,40825.4690655062,40876.99415181487,40772.2468037448,40863.93708958701,1240.718645734601
2024-01-04T18:00:00Z,40863.93708958701,40927.75874180654,40702.034773917105,40762.540218670365,1859.5511236738766
2024-01-04T19:00:00Z,40762.540218670365,40832.682282114976,40704.21440757789,40816.38377439423,1854.1398042736691
2024-01-04T20:00:00Z,40816.38377439423,40894.49568811592,40743.62054040265,40826.360296877734,1085.218826794804
2024-01-04T21:00:00Z,40826.360296877734,41029.16871624298,40766.81979618082,40958.91042944455,516.8679756656966
2024-01-04T22:00:00Z,40958.91042944455,41004.93004408061,40868.94682381809,40914.48594739703,1633.5143861489737
2024-01-04T23:00:00Z,40914.48594739703,40970.654469808804,40844.676057617886,40958.54391658386,1304.3400179651187
2024-01-05T00:00:00Z,40958.54391658386,41088.563338017804,40883.68938646099,41073.05106145048,1332.2890581856557
2024-01-05T01:00:00Z,41073.05106145048,41211.22170920223,41006.8420205209,41155.724569640064,1043.5385917515937
2024-01-05T02:00:00Z,41155.724569640064,41186.14262957737,41017.19975025532,41030.56969346723,1309.7683638915569
2024-01-05T03:00:00Z,41030.56969346723,41152.22854823447,41020.74066198071,41125.062090626365,540.4982370699183
2024-01-05T04:00:00Z,41125.062090626365,41168.5943830344,41099.97508283976,41101.94720215489,1498.1594056643046
2024-01-05T05:00:00Z,41101.94720215489,41109.97533269329,40945.63049734959,41015.2078879752,1284.5465433266656
2024-01-05T06:00:00Z,41015.2078879752,41172.27557648946,41005.994334516145,41133.73040384872,860.0703514613322
2024-01-05T07:00:00Z,41133.73040384872,41181.79554159894,41053.1924010521,41111.0082257776,1627.070131049518
2024-01-05T08:00:00Z,41111.0082257776,41175.21324925624,41078.7485112708,41156.24187303216,1067.05999250258
2024-01-05T09:00:00Z,41156.24187303216,41176.15340758025,41112.77886085655,41153.11525657774,1188.1728158050582
2024-01-05T10:00:00Z,41153.11525657774,41214.83247660256,40969.797733900916,41013.78083003128,1704.1284885471298
2024-01-05T11:00:00Z,41013.78083003128,41139.55649327474,40939.27150599557,41084.74389790417,1065.3094031918276
2024-01-05T12:00:00Z,41084.74389790417,41085.02480553,41003.00152363918,41052.82743460227,1372.2259882458254
2024-01-05T13:00:00Z,41052.82743460227,41150.582278761656,41038.05776377719,41075.75857786918,840.9039140105634
2024-01-05T14:00:00Z,41075.75857786918,41206.92978964372,41039.54601267464,41146.00150930966,582.4323411332954
2024-01-05T15:00:00Z,41146.00150930966,41207.97894484572,41069.640969589345,41107.12854220742,1192.2408456464495
2024-01-05T16:00:00Z,41107.12854220742,41154.26418779513,41029.07734143674,41073.964108584936,1539.5518064952726
2024-01-05T17:00:00Z,41073.964108584936,41239.89313667714,41045.8454723181,41183.54604232875,875.5893230541438
2024-01-05T18:00:00Z,41183.54604232875,41327.58234725716,41113.93446730584,41268.11339797373,798.184580304332
2024-01-05T19:00:00Z,41268.11339797373,41439.21609771255,41262.32181818369,41372.42126406991,961.9648968656854
2024-01-05T20:00:00Z,41372.42126406991,41423.48490184318,41310.08428914258,41412.522893110785,897.2615425015372
2024-01-05T21:00:00Z,41412.522893110785,41489.41369239154,41396.15738334335,41467.22833101776,810.4446731572316
2024-01-05T22:00:00Z,41467.22833101776,41520.70705952925,41450.158418717816,41466.49821756624,1529.6119626661605
2024-01-05T23:00:00Z,41466.49821756624,41515.19279380876,41389.41527589056,41417.02928657988,789.8848001968872
2024-01-06T00:00:00Z,41417.02928657988,41421.360425642844,41257.11275154697,41309.33874949314,1120.5014071662345
2024-01-06T01:00:00Z,41309.33874949314,41375.380574051065,41147.20206132421,41196.311842398165,531.7339635981947
2024-01-06T02:00:00Z,41196.311842398165,41308.333901045844,41163.030415435,41263.73530653059,1250.9426907173581
2024-01-06T03:00:00Z,41263.73530653059,41430.44243032481,41216.019268589625,41402.40003094491,1453.5877773659881
2024-01-06T04:00:00Z,41402.40003094491,41428.378324625584,41305.495600104834,41362.118748153334,1453.6405129126708
2024-01-06T05:00:00Z,41362.118748153334,41400.652210319866,41332.43131861915,41349.1939914155,1684.1111730687894
2024-01-06T06:00:00Z,41349.1939914155,41397.432981255384,41171.03586309731,41205.15695299736,832.0760366472093
2024-01-06T07:00:00Z,41205.15695299736,41274.92413328256,41198.64847595873,41231.196727494666,1235.1656759648904
2024-01-06T08:00:00Z,41231.196727494666,41291.12903852539,41106.198237743105,41130.71862749317,992.5242323346614
2024-01-06T09:00:00Z,41130.71862749317,41134.32821723573,41031.3366779211,41045.336703798006,727.5184133314599
2024-01-06T10:00:00Z,41045.336703798006,41146.14074239642,41028.760495874776,41082.58973528592,667.6342766736183
2024-01-06T11:00:00Z,41082.58973528592,41101.59906813018,41052.19728344698,41092.9285862983,1641.304501786198
2024-01-06T12:00:00Z,41092.9285862983,41145.40164328983,40963.47289739543,41003.87563652799,627.4807987353083
2024-01-06T13:00:00Z,41003.87563652799,41048.83014892744,40919.418293624054,40926.6374162973,805.5101942104332
2024-01-06T14:00:00Z,40926.6374162973,41011.01379265214,40887.60588182381,40949.656685678616,1495.2672140209238
2024-01-06T15:00:00Z,40949.656685678616,40972.35197539449,40778.51718266467,40802.377720562356,1870.134130347893
2024-01-06T16:00:00Z,40802.377720562356,40861.23817010245,40757.05887730246,40759.63276562873,1247.6354544581009
2024-01-06T17:00:00Z,40759.63276562873,40934.91571004505,40716.15778547438,40877.06753491062,773.2102465400139
2024-01-06T18:00:00Z,40877.06753491062,41010.91972152783,40804.714782305025,41004.93547641064,1664.3372044536166
2024-01-06T19:00:00Z,41004.93547641064,41110.64479310697,40992.63713832013,41070.84742418658,1011.2884309636565
2024-01-06T20:00:00Z,41070.84742418658,41169.23134383615,41041.64893880666,41120.03267225823,1701.811562773097
2024-01-06T21:00:00Z,41120.03267225823,41141.57707393269,40979.27397697713,40986.05705865398,987.226361266635
2024-01-06T22:00:00Z,40986.05705865398,41130.44611503472,40974.85419785616,41073.93726805075,962.5873162277219
2024-01-06T23:00:00Z,41073.93726805075,41123.58042659676,40924.379926511705,40957.57361809314,847.3725883186451
2024-01-07T00:00:00Z,40957.57361809314,41022.46405873639,40887.94022015091,40919.825604833095,1536.27596914367
2024-01-07T01:00:00Z,40919.825604833095,40993.658919408466,40878.09498679403,40958.13791847671,1045.7396439349436
2024-01-07T02:00:00Z,40958.13791847671,40995.21960486139,40844.810118690075,40867.64780612744,995.1272282922835
2024-01-07T03:00:00Z,40867.64780612744,40936.14964070926,40741.69745527975,40773.61107970578,800.3735597736219
2024-01-07T04:00:00Z,40773.61107970578,40789.67860479757,40567.993839023686,40633.12933250542,1005.3123311676669
2024-01-07T05:00:00Z,40633.12933250542,40700.53425867001,40584.33341321894,40683.24614816224,1175.3597697096832
2024-01-07T06:00:00Z,40683.24614816224,40793.79691605214,40655.092600970354,40754.16345579536,920.1545495668234
2024-01-07T07:00:00Z,40754.16345579536,40844.83265586793,40702.29440480344,40782.44219979033,1220.1786429805973
2024-01-07T08:00:00Z,40782.44219979033,40849.29920092135,40667.52823057515,40730.99513841829,718.7023306761172
2024-01-07T09:00:00Z,40730.99513841829,40842.6734915733,40680.31134309188,40784.767393637885,1946.5135232941475
2024-01-07T10:00:00Z,40784.767393637885,40916.922836966936,40710.01188687794,40898.46804440087,991.4632092402096
2024-01-07T11:00:00Z,40898.46804440087,40971.697512520805,40849.86724158605,40862.41223250644,1093.1545648103865
2024-01-07T12:00:00Z,40862.41223250644,40920.653740976064,40842.38575570682,40900.18669754109,1691.3109792517455
2024-01-07T13:00:00Z,40900.18669754109,40989.731091201975,40840.942995143654,40933.942232652,1808.1901932999879
2024-01-07T14:00:00Z,40933.942232652,41113.771917977494,40860.55853002196,41052.01849649003,1248.9668091862181
2024-01-07T15:00:00Z,41052.01849649003,41151.03397446493,40979.32145558565,41112.49417299494,1482.5522478918956
2024-01-07T16:00:00Z,41112.49417299494,41162.29705722827,41069.55103981571,41091.667312583704,694.2217668809337
2024-01-07T17:00:00Z,41091.667312583704,41101.933574716255,41057.256260400965,41057.55726949402,638.8008762070624
2024-01-07T18:00:00Z,41057.55726949402,41114.80778848286,41040.2234771779,41043.862522949756,1455.0416282687008
2024-01-07T19:00:00Z,41043.862522949756,41082.13918148266,40905.07545809217,40927.259467748154,1168.9285211886809
2024-01-07T20:00:00Z,40927.259467748154,41021.84405213271,40897.87837029489,40990.838018916904,1592.798276477879
2024-01-07T21:00:00Z,40990.838018916904,41017.008118260375,40822.958559305436,40875.595349064664,1752.3872009499653
2024-01-07T22:00:00Z,40875.595349064664,41038.706006831475,40828.70543938698,41019.41963406002,968.9327800430972
2024-01-07T23:00:00Z,41019.41963406002,41143.43569031259,41009.28843410598,41079.971390528066,1017.505526372218
2024-01-08T00:00:00Z,41079.971390528066,41237.27340713964,41032.559384812426,41210.843622913504,1727.7593064119378
2024-01-08T01:00:00Z,41210.843622913504,41269.60162142561,41144.17909548753,41144.451477148075,1010.6716645123417
2024-01-08T02:00:00Z,41144.451477148075,41170.390653767114,41028.53536246678,41044.52027906324,538.0058852083126
2024-01-08T03:00:00Z,41044.52027906324,41148.47223396512,41001.530576903904,41135.45997228114,1331.2656048524286
2024-01-08T04:00:00Z,41135.45997228114,41303.82793286562,41088.83658823167,41240.306485838984,753.3756301626067
2024-01-08T05:00:00Z,41240.306485838984,41325.871366266765,41170.66355755983,41318.55861106921,962.5601479298838
2024-01-08T06:00:00Z,41318.55861106921,41334.80396693257,41214.67954651742,41244.388578909944,1687.3017116807057
2024-01-08T07:00:00Z,41244.388578909944,41406.81063435176,41189.68986352802,41350.85606798042,866.1328773847129
2024-01-08T08:00:00Z,41350.85606798042,41373.672818660314,41264.714189133905,41297.21474474407,1811.7173111739883
2024-01-08T09:00:00Z,41297.21474474407,41452.28265431392,41224.87148847552,41446.00102047981,1877.5446913849732
2024-01-08T10:00:00Z,41446.00102047981,41497.961221072845,41375.43925422604,41434.27657908191,780.2951528057067
2024-01-08T11:00:00Z,41434.27657908191,41542.656491907146,41368.2487814831,41469.02919113236,1867.3939275025166
2024-01-08T12:00:00Z,41469.02919113236,41522.62857885005,41307.96091911999,41344.45000566478,1863.8238452319167
2024-01-08T13:00:00Z,41344.45000566478,41385.60919864565,41235.47153803586,41244.516436122816,1706.563104043457
2024-01-08T14:00:00Z,41244.516436122816,41313.623245202616,41221.29702345271,41311.28711882973,712.3638956445575
2024-01-08T15:00:00Z,41311.28711882973,41399.1732477184,41306.58757745943,41351.92482505414,1926.3314975745006
2024-01-08T16:00:00Z,41351.92482505414,41524.55583281909,41308.86251956227,41491.50444964599,1045.18181439903
2024-01-08T17:00:00Z,41491.50444964599,41553.236546378634,41458.45009402734,41523.35562551329,1624.6377706369456
2024-01-08T18:00:00Z,41523.35562551329,41545.72686508571,41372.01746489268,41429.29239393865,837.437096631133
2024-01-08T19:00:00Z,41429.29239393865,41497.65873344834,41287.970706793654,41299.93393674701,1116.582214687982
2024-01-08T20:00:00Z,41299.93393674701,41319.56035232514,41217.545790808894,41243.97964930358,1306.0138979334704
2024-01-08T21:00:00Z,41243.97964930358,41283.97290480184,41124.966243653435,41128.7966722117,618.358850197411
2024-01-08T22:00:00Z,41128.7966722117,41146.81820070536,41013.82991000497,41039.444790667,936.8885366128741
2024-01-08T23:00:00Z,41039.444790667,41189.852057014425,41003.956414303146,41140.50184158425,1657.066447975534
2024-01-09T00:00:00Z,41140.50184158425,41219.91800630591,41094.31027537606,41196.26453242386,1618.1693801662536
2024-01-09T01:00:00Z,41196.26453242386,41263.003116266504,41148.805024933616,41206.564059518154,1891.841182895112
2024-01-09T02:00:00Z,41206.564059518154,41256.93186404897,41062.53748443353,41135.800007850405,1292.1459633069144
2024-01-09T03:00:00Z,41135.800007850405,41264.47364864102,41081.534945794556,41257.370995474485,898.0500306849356
2024-01-09T04:00:00Z,41257.370995474485,41364.21825982447,41217.243869382175,41332.457350268945,872.7868478970627
2024-01-09T05:00:00Z,41332.457350268945,41397.369200962574,41211.32030785361,41259.56946936324,1443.1100626768534
2024-01-09T06:00:00Z,41259.56946936324,41281.552060718364,41071.68128684694,41144.29006345872,804.8540427560381
2024-01-09T07:00:00Z,41144.29006345872,41207.87827031557,41106.00360022999,41155.63529611741,1331.3849103403259
2024-01-09T08:00:00Z,41155.63529611741,41355.293365595404,41137.85822796413,41296.688108003924,1145.3194584534776
2024-01-09T09:00:00Z,41296.688108003924,41347.9695727636,41221.97394743648,41272.59723082087,891.484807629568
2024-01-09T10:00:00Z,41272.59723082087,41362.66285850355,41271.45210878193,41330.31943987249,937.775324677875
2024-01-09T11:00:00Z,41330.31943987249,41345.08898519578,41243.078493401445,41293.38185086303,1988.5604261688711
2024-01-09T12:00:00Z,41293.38185086303,41470.0598955188,41229.09009292331,41422.83771839428,1237.4845476805772
2024-01-09T13:00:00Z,41422.83771839428,41515.852123220786,41418.36220473234,41448.822285945316,1043.474066092151
2024-01-09T14:00:00Z,41448.822285945316,41474.39993925443,41378.9637002725,41411.05073678172,585.749342259309
2024-01-09T15:00:00Z,41411.05073678172,41536.52703854371,41393.487272924125,41464.76803222095,778.610953352917
2024-01-09T16:00:00Z,41464.76803222095,41524.50358010632,41398.17946844139,41415.16741982315,1656.3753140856368
2024-01-09T17:00:00Z,41415.16741982315,41459.79614494569,41262.891458376755,41316.979278794395,1510.7919157077606
2024-01-09T18:00:00Z,41316.979278794395,41388.72722891503,41128.71498918163,41192.31293524056,1221.4811983655673
2024-01-09T19:00:00Z,41192.31293524056,41345.208303571984,41179.669755779,41300.13459178433,1095.3726102813137
2024-01-09T20:00:00Z,41300.13459178433,41431.14300633379,41296.9923872865,41396.36187847174,748.6717009473106
2024-01-09T21:00:00Z,41396.36187847174,41440.311614593804,41253.937682906384,41302.22243722692,1171.7925760606631
2024-01-09T22:00:00Z,41302.22243722692,41374.4331546423,41247.631865233685,41273.34744867631,1508.0501400277815
2024-01-09T23:00:00Z,41273.34744867631,41311.90270783833,41171.2473394485,41184.71810228578,669.9785364461367
2024-01-10T00:00:00Z,41184.71810228578,41193.34424627373,41107.149403438714,41135.7383528437,1479.3459177435534
2024-01-10T01:00:00Z,41135.7383528437,41210.14509701213,41099.941846546986,41150.47263757537,626.1332684592745
2024-01-10T02:00:00Z,41150.47263757537,41248.83167442057,41094.11096840411,41218.68038785554,1963.0859968880263
2024-01-10T03:00:00Z,41218.68038785554,41244.728115572885,41191.843443009246,41225.946220672806,1247.8137994792173
2024-01-10T04:00:00Z,41225.946220672806,41233.55260303701,41141.80998754399,41171.69181512111,1484.214530716626
2024-01-10T05:00:00Z,41171.69181512111,41323.61819339297,41105.38796387913,41266.495133082986,1701.946251731698
2024-01-10T06:00:00Z,41266.495133082986,41314.82012349092,41235.85319910626,41239.91316823986,1691.0533056499091
2024-01-10T07:00:00Z,41239.91316823986,41322.20605964861,41204.492824440174,41302.30973534858,907.6132428740598
2024-01-10T08:00:00Z,41302.30973534858,41422.84631331289,41243.73975366596,41390.84420799161,1885.8259700658587
2024-01-10T09:00:00Z,41390.84420799161,41502.65004259346,41365.162238343146,41474.140681542536,1918.7125251933617
2024-01-10T10:00:00Z,41474.140681542536,41609.7209702775,41446.97388571449,41595.4943759078,1682.2138013415945
2024-01-10T11:00:00Z,41595.4943759078,41693.65953445222,41562.023393580035,41672.4246585249,1942.48701964257
2024-01-10T12:00:00Z,41672.4246585249,41692.9795583607,41499.66617695259,41549.487353956916,1861.2143862766911
2024-01-10T13:00:00Z,41549.487353956916,41718.75302536716,41490.2157522705,41683.547791905345,1958.472569548357
2024-01-10T14:00:00Z,41683.547791905345,41700.60865710229,41612.921050714256,41632.38831032748,1673.6686473640461
2024-01-10T15:00:00Z,41632.38831032748,41673.38925456373,41454.519838826614,41524.25383835302,801.5605848855885
2024-01-10T16:00:00Z,41524.25383835302,41602.6188417637,41451.78074023162,41562.87900135191,1270.1985806206267
2024-01-10T17:00:00Z,41562.87900135191,41630.64408033399,41503.71566612063,41560.13983139576,717.7706072506651
2024-01-10T18:00:00Z,41560.13983139576,41681.21542828993,41487.485208761515,41651.27825079559,1944.610773816297
2024-01-10T19:00:00Z,41651.27825079559,41682.484275120034,41632.21888287193,41649.24394991174,914.3672937650156
2024-01-10T20:00:00Z,41649.24394991174,41661.85811831455,41506.31245963495,41561.07574537764,577.0250558917808
2024-01-10T21:00:00Z,41561.07574537764,41635.5460729592,41505.907656741634,41590.70766493444,1351.1423592721621
2024-01-10T22:00:00Z,41590.70766493444,41739.98549605269,41583.72425502334,41718.89126837407,1373.8210266367669
2024-01-10T23:00:00Z,41718.89126837407,41793.00008082678,41580.55696845546,41649.69160320892,1531.3801291160541
2024-01-11T00:00:00Z,41649.69160320892,41768.11783412422,41613.31868096131,41749.78730036762,1074.2501253969117
2024-01-11T01:00:00Z,41749.78730036762,41777.823879102514,41667.50988253479,41703.34098232599,1480.9849925981418
2024-01-11T02:00:00Z,41703.34098232599,41743.78974697869,41551.30134567974,41560.89470880438,1953.0893655647092
2024-01-11T03:00:00Z,41560.89470880438,41620.60986423833,41537.267127946354,41576.42106449905,1558.6138680270071
2024-01-11T04:00:00Z,41576.42106449905,41707.68517912344,41532.87102754788,41639.427885973164,904.697818476191
2024-01-11T05:00:00Z,41639.427885973164,41681.77125529012,41583.62447247916,41677.99628288373,959.9806090904173
2024-01-11T06:00:00Z,41677.99628288373,41753.70606475015,41633.18296346003,41743.811107379595,753.5851437874502
2024-01-11T07:00:00Z,41743.811107379595,41763.593896717015,41541.14336803499,41604.77484421466,1082.9688714801505
2024-01-11T08:00:00Z,41604.77484421466,41670.896575312894,41531.39735822253,41611.62187836758,888.6965822339015
2024-01-11T09:00:00Z,41611.62187836758,41728.477189932666,41552.082666719485,41669.84096095747,1020.1921356551385
2024-01-11T10:00:00Z,41669.84096095747,41728.636008459005,41643.34036084502,41662.15265127727,1228.5874668792062
2024-01-11T11:00:00Z,41662.15265127727,41766.05109714549,41643.86858812447,41702.2074726616,1498.018540481657
2024-01-11T12:00:00Z,41702.2074726616,41713.9737809084,41581.56994292412,41617.3476790297,1471.7009212986188
2024-01-11T13:00:00Z,41617.3476790297,41730.4980192516,41605.023937786704,41659.39174878553,1295.494958926621
2024-01-11T14:00:00Z,41659.39174878553,41678.80643479102,41584.57350691758,41653.39884890505,715.7675904822374
2024-01-11T15:00:00Z,41653.39884890505,41656.42733676935,41533.29632940396,41581.569769432776,1486.531781877003
2024-01-11T16:00:00Z,41581.569769432776,41650.70627871635,41451.05121011203,41498.66390355067,802.3847364139591
2024-01-11T17:00:00Z,41498.66390355067,41695.16987905832,41475.126941065246,41631.16951346411,1797.3995895418736
2024-01-11T18:00:00Z,41631.16951346411,41657.26008993553,41488.84267750391,41520.254740673015,1932.5625182679403
2024-01-11T19:00:00Z,41520.254740673015,41549.187450685764,41444.33325020342,41459.87879546191,1729.1285462688547
2024-01-11T20:00:00Z,41459.87879546191,41523.45654850862,41339.36764936009,41364.93326085982,1324.8477805355692
2024-01-11T21:00:00Z,41364.93326085982,41497.90925587003,41325.2855064335,41477.90921613289,1453.9363370324536
2024-01-11T22:00:00Z,41477.90921613289,41531.77279250905,41429.463433733144,41501.22018032705,971.8887471295598
2024-01-11T23:00:00Z,41501.22018032705,41501.8908145798,41352.301449834784,41397.73442444621,1361.283287819178
2024-01-12T00:00:00Z,41397.73442444621,41499.37476662335,41347.2704732029,41487.61587541334,1179.9795796731346
2024-01-12T01:00:00Z,41487.61587541334,41557.4822154153,41448.68751337366,41495.12212038837,1153.4661093874429
2024-01-12T02:00:00Z,41495.12212038837,41549.896818505054,41429.66407840511,41538.80912102315,1276.127225278854
2024-01-12T03:00:00Z,41538.80912102315,41574.918750549376,41330.613084397846,41401.52585917594,1968.1976009583968
2024-01-12T04:00:00Z,41401.52585917594,41421.43388471639,41309.19222096516,41379.41939270169,926.577827686366
2024-01-12T05:00:00Z,41379.41939270169,41397.948985140385,41199.49960607601,41234.79961623342,1510.3154613024763
2024-01-12T06:00:00Z,41234.79961623342,41259.87426199592,41050.297521071414,41104.87296748699,1016.5900190532516
2024-01-12T07:00:00Z,41104.87296748699,41158.20878642972,40974.82110666344,41007.562808838746,1542.5446013414883
2024-01-12T08:00:00Z,41007.562808838746,41068.49707490582,40964.434727261076,41002.8401366348,1962.513598835954
2024-01-12T09:00:00Z,41002.8401366348,41150.897139165696,40966.066467738376,41096.77313089017,1414.3762299354046
2024-01-12T10:00:00Z,41096.77313089017,41102.49838613744,40993.421571699575,41059.77038153246,1711.1255017545338
2024-01-12T11:00:00Z,41059.77038153246,41204.29705048201,41018.45359703925,41139.85898927519,1991.751389970121
2024-01-12T12:00:00Z,41139.85898927519,41213.40949017219,41125.77225682423,41131.82587695303,1067.6112321433125
2024-01-12T13:00:00Z,41131.82587695303,41214.53846150688,41092.76835390899,41153.158736081816,1685.355093225086
2024-01-12T14:00:00Z,41153.158736081816,41203.93709704657,41055.544318227614,41115.28906799883,1400.3296528379599
2024-01-12T15:00:00Z,41115.28906799883,41164.561253054766,40971.527235902526,40971.53690548301,954.2970670019383
2024-01-12T16:00:00Z,40971.53690548301,41028.79589654206,40843.32106865146,40855.94553396358,1578.8008353536347
2024-01-12T17:00:00Z,40855.94553396358,40871.46754639716,40675.503556013755,40727.63378672054,1886.8129077959484
2024-01-12T18:00:00Z,40727.63378672054,40773.710909826725,40569.290079175575,40599.095627380826,1432.8673690959733
2024-01-12T19:00:00Z,40599.095627380826,40600.35415648995,40466.372221790516,40472.27582629597,1836.6126084187651
2024-01-12T20:00:00Z,40472.27582629597,40518.212790767844,40459.426442575015,40469.4314317163,1528.7404518258159
2024-01-12T21:00:00Z,40469.4314317163,40604.59918215281,40410.88682333356,40589.75590835418,1772.7190852385086
2024-01-12T22:00:00Z,40589.75590835418,40779.850408557315,40541.38148493224,40737.41581522955,1017.301169732445
2024-01-12T23:00:00Z,40737.41581522955,40844.963742448155,40690.647224095424,40821.67746104662,1440.0120313438824
2024-01-13T00:00:00Z,40821.67746104662,41027.51432316819,40814.483906501395,40968.47238860671,765.5637533723955
2024-01-13T01:00:00Z,40968.47238860671,40998.194814544746,40871.87052332772,40925.63091624961,889.5225051783809
2024-01-13T02:00:00Z,40925.63091624961,40977.22853227708,40902.73824390042,40943.321096206986,1463.6078295214095
2024-01-13T03:00:00Z,40943.321096206986,41016.790966400615,40913.84209283592,40923.53659997924,1848.2563996643462
2024-01-13T04:00:00Z,40923.53659997924,40999.10903848308,40917.695689590924,40964.68411520841,1470.3554591373697
2024-01-13T05:00:00Z,40964.68411520841,41081.90985598078,40911.246193637395,41055.67328066931,1297.5252670417576
2024-01-13T06:00:00Z,41055.67328066931,41120.125979889104,40909.35901760937,40932.74924324283,1220.4493462680712
2024-01-13T07:00:00Z,40932.74924324283,41076.89412110532,40868.707308210694,41011.19327432755,1051.3056107862596
2024-01-13T08:00:00Z,41011.19327432755,41126.80760749767,40969.817116869424,41115.34756307325,1148.6159974692828
2024-01-13T09:00:00Z,41115.34756307325,41279.329031456145,41065.91915980236,41225.15925403281,1716.2306045638793
2024-01-13T10:00:00Z,41225.15925403281,41258.46297624629,41171.739424511376,41179.45462950879,1026.0798714313646
2024-01-13T11:00:00Z,41179.45462950879,41234.30614538933,41079.588552640475,41089.29455201782,1872.4263456428619
2024-01-13T12:00:00Z,41089.29455201782,41152.82053555323,41080.34917749582,41119.35719501616,1169.8556903529352
2024-01-13T13:00:00Z,41119.35719501616,41149.30223681938,41046.114717616074,41138.49552335956,1041.312013658246
2024-01-13T14:00:00Z,41138.49552335956,41159.880863448445,41090.878268771994,41118.859936353045,914.7115450072256
2024-01-13T15:00:00Z,41118.859936353045,41230.46077573335,41091.50466203873,41225.08646805548,1396.3581603077512
2024-01-13T16:00:00Z,41225.08646805548,41249.41514718868,41182.627986962,41218.93609781233,593.8175675810036
2024-01-13T17:00:00Z,41218.93609781233,41251.573746775844,41103.62201272156,41161.123107966974,1145.315545879142
2024-01-13T18:00:00Z,41161.123107966974,41210.17851527634,41114.957009830665,41135.70646633656,1325.3001265439243
2024-01-13T19:00:00Z,41135.70646633656,41181.99266355814,41003.703111564275,41044.13379731426,1481.0418765110637
2024-01-13T20:00:00Z,41044.13379731426,41216.195489702666,40969.99539446078,41156.561817170965,849.9188879810085
2024-01-13T21:00:00Z,41156.561817170965,41326.10371850846,41129.06862004196,41292.74382242389,1182.492544400644
2024-01-13T22:00:00Z,41292.74382242389,41490.69714259241,41232.36859059271,41419.11915914224,951.8988723380917
2024-01-13T23:00:00Z,41419.11915914224,41434.39573266247,41254.346005311156,41304.76149083668,1553.3133160262146
2024-01-14T00:00:00Z,41304.76149083668,41305.03312408964,41099.82561584666,41174.456996854635,1006.787712982941
2024-01-14T01:00:00Z,41174.456996854635,41209.36463723592,41029.640270272124,41036.973449025754,1722.463980285185
2024-01-14T02:00:00Z,41036.973449025754,41091.71330586852,40967.43915174163,41045.794460013174,687.1987190674815
2024-01-14T03:00:00Z,41045.794460013174,41104.808854119874,40914.79654094735,40960.3398559095,1157.6567180878442
2024-01-14T04:00:00Z,40960.3398559095,41006.79812088667,40846.32981919563,40917.1811363504,1922.9304729682285
2024-01-14T05:00:00Z,40917.1811363504,41115.78970035026,40907.303980198856,41042.4053434941,542.2526261930581
2024-01-14T06:00:00Z,41042.4053434941,41159.6993027228,41003.26452734718,41141.16308343389,1202.4850562875945
2024-01-14T07:00:00Z,41141.16308343389,41316.47407769996,41131.06128454459,41283.276980331655,806.2516292189705
2024-01-14T08:00:00Z,41283.276980331655,41465.58147989409,41272.79533936535,41404.391531919995,1945.2311616249256
2024-01-14T09:00:00Z,41404.391531919995,41458.94083045842,41323.58287403766,41365.93120677196,1787.059219629221
2024-01-14T10:00:00Z,41365.93120677196,41368.15191308815,41320.94748795322,41362.769666683416,1776.958296951067
2024-01-14T11:00:00Z,41362.769666683416,41424.7487277226,41302.50665405543,41336.00166008082,1038.5657343564403
2024-01-14T12:00:00Z,41336.00166008082,41353.14107399246,41256.18371992037,41293.732541479796,1939.0182321296243
2024-01-14T13:00:00Z,41293.732541479796,41378.536063016036,41280.284015261255,41320.96006689401,1054.3516282684031
2024-01-14T14:00:00Z,41320.96006689401,41373.808355203706,41320.305705946106,41345.02563529048,1802.136792831033
2024-01-14T15:00:00Z,41345.02563529048,41394.44398958224,41160.20233228251,41233.749393173566,934.2311736280872
2024-01-14T16:00:00Z,41233.749393173566,41258.59761698722,41124.0059063178,41164.66045498842,1969.882234117719
2024-01-14T17:00:00Z,41164.66045498842,41183.03474389284,40990.84089457824,41058.05867217685,915.2906498100849
2024-01-14T18:00:00Z,41058.05867217685,41162.30168455576,41058.024259227,41108.17922642417,541.0830222365257
2024-01-14T19:00:00Z,41108.17922642417,41254.77967996191,41056.07679025374,41185.89544068115,1200.70489166124
2024-01-14T20:00:00Z,41185.89544068115,41225.41725032749,41057.962546690236,41066.199488745006,986.5004270191964
2024-01-14T21:00:00Z,41066.199488745006,41104.824147620115,40891.706746222364,40926.75854301503,926.7152518261863
2024-01-14T22:00:00Z,40926.75854301503,40931.72171723747,40841.07101929337,40843.15906146143,690.2756259992982
2024-01-14T23:00:00Z,40843.15906146143,40990.397431552905,40789.4284493734,40987.91023562645,1183.9679999830764
2024-01-15T00:00:00Z,40987.91023562645,41037.04965242397,40914.34532730874,41014.19087929869,1711.5659089722421
2024-01-15T01:00:00Z,41014.19087929869,41046.550792663926,40916.738064877805,40985.58561150431,734.4979027162283
2024-01-15T02:00:00Z,40985.58561150431,41144.23162671135,40943.0601005302,41097.79595740077,1299.4796700935658
2024-01-15T03:00:00Z,41097.79595740077,41131.868427873196,41079.10896277108,41125.05971090989,1030.3973806357008
2024-01-15T04:00:00Z,41125.05971090989,41131.482964494506,40988.013084393344,41041.46669936875,1131.978022565722
2024-01-15T05:00:00Z,41041.46669936875,41143.206568927206,40970.84280280524,41113.80939326902,866.3392401275012
2024-01-15T06:00:00Z,41113.80939326902,41149.24088905444,41054.47683450016,41117.52292658192,696.2815540502554
2024-01-15T07:00:00Z,41117.52292658192,41165.31573978937,41070.69229591362,41131.28997023847,849.110648155212
2024-01-15T08:00:00Z,41131.28997023847,41217.999335596425,41123.57530505206,41144.11671206233,1957.5466829370062
2024-01-15T09:00:00Z,41144.11671206233,41317.74773614151,41138.037464878005,41284.139003904966,1245.0164338305135
2024-01-15T10:00:00Z,41284.139003904966,41423.11060145591,41227.67844034359,41423.03239088234,1669.784094609938
2024-01-15T11:00:00Z,41423.03239088234,41468.25289358087,41296.584305529876,41307.70973296674,649.4914189159006
2024-01-15T12:00:00Z,41307.70973296674,41336.45910803115,41258.27718087585,41314.10819811473,1290.1914097778672
2024-01-15T13:00:00Z,41314.10819811473,41383.10383075626,41232.47685227616,41232.93385407827,1702.9146340109783
2024-01-15T14:00:00Z,41232.93385407827,41300.3718098387,41122.000883000095,41167.540526508004,1188.1080220621218
2024-01-15T15:00:00Z,41167.540526508004,41231.777521704535,41018.01496966263,41082.35005824794,1941.2103880728903
2024-01-15T16:00:00Z,41082.35005824794,41178.59085602405,41015.241211149616,41109.23495088958,1499.7798744139386
2024-01-15T17:00:00Z,41109.23495088958,41154.506841205686,41035.12181349015,41060.8588778028,1720.380957027654
2024-01-15T18:00:00Z,41060.8588778028,41141.74829634569,40993.965155551894,41076.738322938196,1631.7988873983647
2024-01-15T19:00:00Z,41076.738322938196,41101.8734363511,40981.26227480431,40987.66940707998,1002.7043220418996
2024-01-15T20:00:00Z,40987.66940707998,41010.15505844664,40825.36364729641,40884.91083796892,679.3383742401378
2024-01-15T21:00:00Z,40884.91083796892,41079.35999595935,40827.06289915627,41010.2297844185,857.2683591670839
2024-01-15T22:00:00Z,41010.2297844185,41044.53925900625,40900.97830284653,40947.38937222167,1888.7750572134125
2024-01-15T23:00:00Z,40947.38937222167,40953.848651870394,40741.829158342356,40803.49216927064,533.7345421988769
2024-01-16T00:00:00Z,40803.49216927064,40935.566895258635,40730.269796240376,40921.59535618399,1206.4083517771141
2024-01-16T01:00:00Z,40921.59535618399,41015.2670866904,40859.84971394926,40953.38996105452,1122.070020174957
2024-01-16T02:00:00Z,40953.38996105452,41012.533551678534,40922.245208162676,40941.46703696443,956.9346803056189
2024-01-16T03:00:00Z,40941.46703696443,41118.906546107406,40879.39649575703,41052.75586979874,1015.845130435253
2024-01-16T04:00:00Z,41052.75586979874,41060.57723947771,40943.16331580931,41005.60588923325,572.7554316947235
2024-01-16T05:00:00Z,41005.60588923325,41007.412727591895,40876.28502928634,40910.58465415585,1993.4117274929517
2024-01-16T06:00:00Z,40910.58465415585,40929.489810944164,40761.60960543993,40781.72883888718,1551.9703648121238
2024-01-16T07:00:00Z,40781.72883888718,40794.775556978064,40686.801092825415,40738.68028961302,1850.4889417911993
2024-01-16T08:00:00Z,40738.68028961302,40743.41468987325,40607.64541453541,40638.201307930605,1901.9079213001385
2024-01-16T09:00:00Z,40638.201307930605,40648.557273614286,40457.62079246762,40506.0365511481,1642.0899479152465
2024-01-16T10:00:00Z,40506.0365511481,40509.41472362987,40450.29917028881,40491.613260324724,649.5052160916996
2024-01-16T11:00:00Z,40491.613260324724,40495.87322598547,40293.49379734487,40363.76936345312,654.0888141812625
2024-01-16T12:00:00Z,40363.76936345312,40425.3509921241,40341.25374153434,40356.31038600895,1084.9412674505395
2024-01-16T13:00:00Z,40356.31038600895,40486.76763701177,40341.74428431957,40444.42492777082,1305.0501474055309
2024-01-16T14:00:00Z,40444.42492777082,40654.25341950451,40372.23624309081,40592.85297308595,535.3684559179618
2024-01-16T15:00:00Z,40592.85297308595,40630.555950302936,40459.3872902975,40460.33773053222,1943.4175875468943
2024-01-16T16:00:00Z,40460.33773053222,40501.55985040601,40332.177565290796,40397.977489557496,1138.1690140844726
2024-01-16T17:00:00Z,40397.977489557496,40489.212678026866,40364.602667129824,40477.61873623458,1589.6720945056443
2024-01-16T18:00:00Z,40477.61873623458,40491.51760346563,40403.624330565835,40468.04953483439,1036.6233829898995
2024-01-16T19:00:00Z,40468.04953483439,40615.43333541189,40405.99102869193,40591.83976722174,686.1102709044758
2024-01-16T20:00:00Z,40591.83976722174,40715.6832012824,40544.76928079654,40644.31211861848,1121.137287607526
2024-01-16T21:00:00Z,40644.31211861848,40861.00072429196,40582.642034070435,40788.527101404274,833.7562003043654
2024-01-16T22:00:00Z,40788.527101404274,40834.50015237985,40655.24941629848,40665.29967288983,590.6975527328001
2024-01-16T23:00:00Z,40665.29967288983,40752.71932553913,40644.98718568409,40681.892794316904,1731.5404643956904
2024-01-17T00:00:00Z,40681.892794316904,40890.73955100723,40675.79211151862,40820.11754154008,701.2894025917825
2024-01-17T01:00:00Z,40820.11754154008,41029.089574744736,40807.25477911795,40956.70000181983,771.4453632927346
2024-01-17T02:00:00Z,40956.70000181983,41027.65018241032,40948.90394734849,41020.37968574746,739.9726208686625
2024-01-17T03:00:00Z,41020.37968574746,41071.70978200818,40957.18937067572,41043.85905685028,729.254685533674
2024-01-17T04:00:00Z,41043.85905685028,41222.01544979482,41015.767479076225,41162.96343928949,1407.0326463474448
2024-01-17T05:00:00Z,41162.96343928949,41225.14511684056,41093.05369955825,41215.994928455955,1160.5508759741483
2024-01-17T06:00:00Z,41215.994928455955,41284.38022396957,41214.42567178729,41220.46157703119,900.803136507825
2024-01-17T07:00:00Z,41220.46157703119,41275.70146983205,41063.32671219987,41079.720640199295,1576.7056513203627
2024-01-17T08:00:00Z,41079.720640199295,41219.706235436504,41066.20344931363,41145.026164764866,1120.9765485343844
2024-01-17T09:00:00Z,41145.026164764866,41264.806799116544,41131.83939071929,41231.48166531354,1512.1757303563948
2024-01-17T10:00:00Z,41231.48166531354,41353.35694126933,41202.84750248513,41319.80829097682,698.2946235227369
2024-01-17T11:00:00Z,41319.80829097682,41382.823325102174,41264.99865279793,41291.58708823048,1930.649944711717
2024-01-17T12:00:00Z,41291.58708823048,41327.29113747399,41190.48704406599,41248.90869784271,1867.7528347931593
2024-01-17T13:00:00Z,41248.90869784271,41383.97930393099,41215.05061558093,41352.31579600212,694.4459738710024
2024-01-17T14:00:00Z,41352.31579600212,41425.22642753063,41338.01918717187,41363.809780731324,973.1668185812102
2024-01-17T15:00:00Z,41363.809780731324,41397.849290711,41197.45885492294,41233.52332137562,1984.8414423545314
2024-01-17T16:00:00Z,41233.52332137562,41353.39850099433,41218.49801270459,41284.55391202362,1156.7181208374757
2024-01-17T17:00:00Z,41284.55391202362,41350.75467141232,41241.72455402702,41345.197070299975,1438.3203655913853
2024-01-17T18:00:00Z,41345.197070299975,41360.438304975374,41144.48750233756,41203.29410263813,742.800457256404
2024-01-17T19:00:00Z,41203.29410263813,41276.22251676537,41174.078709096844,41244.61387496113,1813.533749547217
2024-01-17T20:00:00Z,41244.61387496113,41310.573198872386,41152.02569721977,41213.578130643575,1331.7571128919617
2024-01-17T21:00:00Z,41213.578130643575,41238.603969812415,41022.44625957583,41094.066381962206,895.8895944951141
2024-01-17T22:00:00Z,41094.066381962206,41136.228191281196,41039.14079258573,41121.164483961365,1531.7234854039802
2024-01-17T23:00:00Z,41121.164483961365,41282.66636900436,41112.885926912575,41238.14453554439,1694.0013927829455
2024-01-18T00:00:00Z,41238.14453554439,41331.75371937856,41199.17857760613,41261.005740492445,986.4493516301486
2024-01-18T01:00:00Z,41261.005740492445,41303.109872635745,41191.55757786116,41243.946541936,1448.5435921303083
2024-01-18T02:00:00Z,41243.946541936,41392.688194578135,41228.580895406114,41352.49427796312,1788.4294008931997
2024-01-18T03:00:00Z,41352.49427796312,41427.75056995873,41317.93313025736,41415.89250295959,1776.5279896058091
2024-01-18T04:00:00Z,41415.89250295959,41448.13137008695,41350.95668733111,41438.97666499005,1596.5370051397977
2024-01-18T05:00:00Z,41438.97666499005,41491.03870827351,41283.36755181035,41348.14066476478,1363.4187024532628
2024-01-18T06:00:00Z,41348.14066476478,41522.9601519875,41347.230047406614,41482.61621769461,1489.1026029989407
2024-01-18T07:00:00Z,41482.61621769461,41650.40066861502,41425.973002894425,41581.67664006348,1912.9595375809008
2024-01-18T08:00:00Z,41581.67664006348,41708.17413533678,41577.147088885424,41672.64143870002,751.3014031821921
2024-01-18T09:00:00Z,41672.64143870002,41742.05186303961,41476.852164300726,41537.4092905708,1859.4821752366174
2024-01-18T10:00:00Z,41537.4092905708,41654.48967815558,41495.12239710134,41620.48102034637,538.2509987967727
2024-01-18T11:00:00Z,41620.48102034637,41650.49758749386,41514.51645152756,41518.540842241884,978.5792083234276
2024-01-18T12:00:00Z,41518.540842241884,41536.316904951294,41505.21396153805,41524.21079416247,628.3872059796165
2024-01-18T13:00:00Z,41524.21079416247,41586.99134811549,41477.81970389829,41511.37112831585,1556.502604387688
2024-01-18T14:00:00Z,41511.37112831585,41636.49963554898,41451.67438770363,41576.21464860668,1250.845156627424
2024-01-18T15:00:00Z,41576.21464860668,41588.865585827065,41419.19217680524,41440.056302468685,1005.6142381587646
2024-01-18T16:00:00Z,41440.056302468685,41507.060573335206,41418.437659063246,41469.71471994152,751.4226040542918
2024-01-18T17:00:00Z,41469.71471994152,41615.90280427274,41417.08552799717,41541.240491208795,711.0385849449489
2024-01-18T18:00:00Z,41541.240491208795,41659.73630422175,41500.901009768575,41599.77443311518,1450.8847540147253
2024-01-18T19:00:00Z,41599.77443311518,41744.30682433535,41546.76795647099,41708.39813059642,753.6888176605503
2024-01-18T20:00:00Z,41708.39813059642,41852.09065351473,41694.06957372811,41809.26521199514,1436.8720959626257
2024-01-18T21:00:00Z,41809.26521199514,41940.14460966853,41785.848880948746,41906.72540666073,1566.127178010305
2024-01-18T22:00:00Z,41906.72540666073,42127.32068987437,41883.49504840665,42055.24101482148,1228.8348740315873
2024-01-18T23:00:00Z,42055.24101482148,42065.906743125284,41977.344144353396,42018.29406904397,931.2963458743096
2024-01-19T00:00:00Z,42018.29406904397,42080.459876706176,41970.01626530628,42011.68607188657,1984.6958980987777
2024-01-19T01:00:00Z,42011.68607188657,42025.573317476665,41917.71904695349,41922.54815555737,1558.8683684961775
2024-01-19T02:00:00Z,41922.54815555737,41938.97355981324,41810.6062234552,41858.36906206015,1982.487351796336
2024-01-19T03:00:00Z,41858.36906206015,42006.098243194574,41788.47033068966,41934.32174572252,1290.7587170490501
2024-01-19T04:00:00Z,41934.32174572252,41991.68303884468,41833.90164042934,41850.235972637725,604.4732873162973
2024-01-19T05:00:00Z,41850.235972637725,41905.64432858851,41764.93703786349,41812.41072614047,1115.608586432814
2024-01-19T06:00:00Z,41812.41072614047,41825.31823827931,41655.080284030235,41700.12309058831,1241.3459556909486
2024-01-19T07:00:00Z,41700.12309058831,41768.58166965341,41657.13392725025,41712.88613007487,1802.0961491051276
2024-01-19T08:00:00Z,41712.88613007487,41877.74508275434,41685.85807248996,41838.81440916422,1256.1379065170781
2024-01-19T09:00:00Z,41838.81440916422,41851.96776869734,41709.69622554549,41763.71829380618,1162.1020689830827
2024-01-19T10:00:00Z,41763.71829380618,41793.17986798516,41596.32755528692,41620.42896012341,591.0376574343221
2024-01-19T11:00:00Z,41620.42896012341,41666.457933923186,41416.785122589434,41477.175163550186,1758.204595651549
2024-01-19T12:00:00Z,41477.175163550186,41523.233940960825,41429.32712212884,41506.30885611353,903.881483145174
2024-01-19T13:00:00Z,41506.30885611353,41530.96653498756,41415.384243612716,41425.5130032829,667.0268817649785
2024-01-19T14:00:00Z,41425.5130032829,41577.63713999645,41352.678058576326,41571.31309050402,1537.6361913861858
2024-01-19T15:00:00Z,41571.31309050402,41652.29450090734,41520.292203513156,41643.95274626815,800.1861471682992
2024-01-19T16:00:00Z,41643.95274626815,41680.356030708805,41576.31593807422,41646.33984714812,650.510591399298
2024-01-19T17:00:00Z,41646.33984714812,41690.1466887016,41459.14836434318,41498.530946543135,1472.6419035158556
2024-01-19T18:00:00Z,41498.530946543135,41526.33264611809,41320.94919167319,41374.44383924471,1387.8897986668303
2024-01-19T19:00:00Z,41374.44383924471,41375.061849196754,41316.002569868084,41319.311222267526,1838.1494090632368
2024-01-19T20:00:00Z,41319.311222267526,41324.64309531124,41229.61457993458,41251.49106904722,816.663244775828
2024-01-19T21:00:00Z,41251.49106904722,41268.21211155584,41210.98765824632,41264.5329568206,1470.0594363317523
2024-01-19T22:00:00Z,41264.5329568206,41320.13972337282,41246.416071455635,41275.37533263915,1086.9509151058992
2024-01-19T23:00:00Z,41275.37533263915,41371.22169941825,41213.42349884121,41349.824104717234,784.61411549709
2024-01-20T00:00:00Z,41349.824104717234,41417.110521544026,41293.406189012174,41343.172164484786,913.7751189528726
2024-01-20T01:00:00Z,41343.172164484786,41364.31803434371,41246.569994523066,41302.921880762944,1047.494229257717
2024-01-20T02:00:00Z,41302.921880762944,41456.30847186298,41240.614716783166,41404.139470902664,1295.6636373628087
2024-01-20T03:00:00Z,41404.139470902664,41455.70020842159,41306.05162425119,41338.73601882607,576.5350792137639
2024-01-20T04:00:00Z,41338.73601882607,41352.72064753503,41318.24498554422,41323.74529508913,898.4777083654437
2024-01-20T05:00:00Z,41323.74529508913,41510.40470233169,41291.21213546635,41460.22284327993,1373.8090927614635
2024-01-20T06:00:00Z,41460.22284327993,41502.47845480523,41406.79703275826,41426.33870111424,1782.4045526335442
2024-01-20T07:00:00Z,41426.33870111424,41547.843543255585,41384.63824253386,41514.516364891424,1058.8384397930104
2024-01-20T08:00:00Z,41514.516364891424,41658.40108977415,41445.090895142625,41595.76114195969,660.7318509843093
2024-01-20T09:00:00Z,41595.76114195969,41734.43099917694,41587.43482368677,41718.050515717056,1120.2429251687236
2024-01-20T10:00:00Z,41718.050515717056,41770.745675932994,41669.76622403831,41762.10146711822,1950.756563417579
2024-01-20T11:00:00Z,41762.10146711822,41907.91101465464,41750.217268918714,41845.83809519323,1005.1386063802603
2024-01-20T12:00:00Z,41845.83809519323,41873.59554721611,41703.59955145696,41769.92199989671,1994.399592967884
2024-01-20T13:00:00Z,41769.92199989671,41812.0530307166,41653.63807003912,41699.24893663726,1957.5847489015155
2024-01-20T14:00:00Z,41699.24893663726,41708.086995041354,41676.710306938345,41684.14931894595,718.1613400018587
2024-01-20T15:00:00Z,41684.14931894595,41691.06293621432,41625.023708698944,41676.96503520036,790.2517281167624
2024-01-20T16:00:00Z,41676.96503520036,41730.97390373503,41504.958298188045,41539.67019978654,1633.47334002206
2024-01-20T17:00:00Z,41539.67019978654,41591.45472594034,41534.374993564285,41562.829008392444,1780.0507153261635
2024-01-20T18:00:00Z,41562.829008392444,41636.283445493915,41556.667415351454,41616.67366335217,1444.7397225467676
2024-01-20T19:00:00Z,41616.67366335217,41801.426645673346,41547.48892023658,41745.702693943116,1990.3088726133112
2024-01-20T20:00:00Z,41745.702693943116,41759.524518825754,41598.66283679959,41633.62270608734,667.1408235661243
2024-01-20T21:00:00Z,41633.62270608734,41694.81671344938,41609.275058521904,41628.83250395901,1726.4539215046768
2024-01-20T22:00:00Z,41628.83250395901,41690.04063953432,41549.486002215446,41555.20132917826,678.5842580576505
2024-01-20T23:00:00Z,41555.20132917826,41598.68414588808,41417.34546855452,41419.033567098275,1541.1599086911363
2024-01-21T00:00:00Z,41419.033567098275,41486.89139306467,41365.487869639735,41394.36872465428,1750.9718839332545
2024-01-21T01:00:00Z,41394.36872465428,41498.08136118834,41335.93342626889,41470.00176144154,1399.6455097819714
2024-01-21T02:00:00Z,41470.00176144154,41529.92221622486,41458.44982370142,41497.92563436937,1284.0444675879805
2024-01-21T03:00:00Z,41497.92563436937,41535.95270449984,41424.20801916806,41503.538636168254,756.8701347652345
2024-01-21T04:00:00Z,41503.538636168254,41668.721021155856,41496.14484244947,41626.834761084574,1344.0363959035844
2024-01-21T05:00:00Z,41626.834761084574,41664.01548363189,41497.22647417993,41533.197516605294,1658.612566369163
2024-01-21T06:00:00Z,41533.197516605294,41661.4515786731,41467.438156611046,41656.071577258415,1906.1114659721266
2024-01-21T07:00:00Z,41656.071577258415,41662.16474898433,41516.66553446159,41551.46658435856,547.7801474563464
2024-01-21T08:00:00Z,41551.46658435856,41589.77016722184,41423.213553910595,41438.90013666033,1400.6592390367318
2024-01-21T09:00:00Z,41438.90013666033,41488.86544744671,41304.482773106196,41351.293461270245,613.4878267858708
2024-01-21T10:00:00Z,41351.293461270245,41475.869282979875,41276.74155397652,41406.67385613071,563.0684339160504
2024-01-21T11:00:00Z,41406.67385613071,41487.06623605213,41375.402880597394,41463.12770794113,1189.7103064014448
2024-01-21T12:00:00Z,41463.12770794113,41510.3300287343,41318.02497386817,41327.78751924271,1783.5362147358412
2024-01-21T13:00:00Z,41327.78751924271,41374.48995147204,41166.76741361308,41208.2818922521,548.3195798005984
2024-01-21T14:00:00Z,41208.2818922521,41245.47985888254,41063.20760098402,41092.477533389,732.5288941977833
2024-01-21T15:00:00Z,41092.477533389,41109.84546464481,40911.81563511581,40972.85535715057,705.3573815381612
2024-01-21T16:00:00Z,40972.85535715057,41058.47653039431,40911.595010622994,41049.91638841845,1656.4488904203738
2024-01-21T17:00:00Z,41049.91638841845,41193.71912090248,40976.80520812914,41164.44896701162,1121.3691702597525
2024-01-21T18:00:00Z,41164.44896701162,41265.85928838971,41153.09147937072,41203.71868340444,568.2000790377848
2024-01-21T19:00:00Z,41203.71868340444,41279.013179490445,41187.2766382499,41261.98648352332,1240.392139283706
2024-01-21T20:00:00Z,41261.98648352332,41282.27271071377,41148.40936725752,41163.60940338794,636.933813752911
2024-01-21T21:00:00Z,41163.60940338794,41321.58522800272,41108.71044443754,41258.28765988747,1159.414993297216
2024-01-21T22:00:00Z,41258.28765988747,41425.703734900904,41216.7072495457,41384.975161139504,532.0695718550544
2024-01-21T23:00:00Z,41384.975161139504,41401.23427757917,41292.2776639105,41341.61949878955,1944.6432841624141
2024-01-22T00:00:00Z,41341.61949878955,41403.87068450283,41279.19082700934,41379.91713770957,619.911860768159
2024-01-22T01:00:00Z,41379.91713770957,41474.80057735703,41307.566661240744,41471.571603687524,1632.0993101593056
2024-01-22T02:00:00Z,41471.571603687524,41653.363464083886,41422.2468353909,41617.192149215574,1099.1370591294276
2024-01-22T03:00:00Z,41617.192149215574,41732.76287196784,41582.957915262115,41692.42682829931,1705.022455057055
2024-01-22T04:00:00Z,41692.42682829931,41845.292006572025,41673.10653086166,41824.41218376063,1991.0985228792642
2024-01-22T05:00:00Z,41824.41218376063,41851.99928038018,41734.55820042262,41775.597705210486,934.5347823587263
2024-01-22T06:00:00Z,41775.597705210486,41796.21842355914,41729.24944567248,41762.39403967014,1697.2564669702015
2024-01-22T07:00:00Z,41762.39403967014,41911.16927741903,41692.38945442008,41841.44523006388,900.9699397744822
2024-01-22T08:00:00Z,41841.44523006388,41976.996511594385,41794.51315826303,41925.04740665447,1231.8106879234178
2024-01-22T09:00:00Z,41925.04740665447,42093.45796676842,41854.682586633746,42051.19328211002,658.2595019301606
2024-01-22T10:00:00Z,42051.19328211002,42061.17887366097,41954.64174645169,42008.66727415864,1188.3379922044214
2024-01-22T11:00:00Z,42008.66727415864,42033.95187171827,41918.42090700737,41954.74655929699,960.1875501248949
2024-01-22T12:00:00Z,41954.74655929699,42001.45316824325,41951.22161887341,41952.73118128654,829.5913376355002
2024-01-22T13:00:00Z,41952.73118128654,42009.78965949555,41908.28622620417,41960.105878296854,1599.2204505713673
2024-01-22T14:00:00Z,41960.105878296854,42028.51869179809,41882.62440935727,41940.207596295426,1257.1437891495104
2024-01-22T15:00:00Z,41940.207596295426,42021.71249100776,41919.14296068998,41961.35991401621,923.7552361680841
2024-01-22T16:00:00Z,41961.35991401621,41999.30581047931,41957.15157346322,41961.039307535495,1254.600345721656
2024-01-22T17:00:00Z,41961.039307535495,42151.550581240765,41920.55230340574,42086.65743896391,1550.5931281859598
2024-01-22T18:00:00Z,42086.65743896391,42092.03409029106,41986.40714530537,42048.10357940226,1308.8168981853796
2024-01-22T19:00:00Z,42048.10357940226,42127.282357827164,41974.98654940946,42081.30681591281,953.0473947639862
2024-01-22T20:00:00Z,42081.30681591281,42157.5285912615,42029.7907987017,42102.43964680022,1865.6364416894717
2024-01-22T21:00:00Z,42102.43964680022,42162.17997402668,41961.93902008255,41964.76201996185,976.2848339798265
2024-01-22T22:00:00Z,41964.76201996185,42024.83730996053,41853.87112858414,41920.54181055126,1331.6028110433613
2024-01-22T23:00:00Z,41920.54181055126,41987.158235783616,41918.56472884652,41937.28166966398,1057.4106498900353
2024-01-23T00:00:00Z,41937.28166966398,41940.92416364729,41899.698662076386,41922.859846889136,919.7467470895621
2024-01-23T01:00:00Z,41922.859846889136,41937.04069128636,41783.64901182528,41811.45337838776,1492.0456367534223
2024-01-23T02:00:00Z,41811.45337838776,41940.768244773215,41752.4639288815,41916.840268901164,1568.8311599749932
2024-01-23T03:00:00Z,41916.840268901164,41931.832877421075,41731.867816948,41797.69279134582,711.0213437434847
2024-01-23T04:00:00Z,41797.69279134582,41879.4784818792,41737.214146794475,41835.67376338466,1664.5175315523318
2024-01-23T05:00:00Z,41835.67376338466,41941.01711366392,41781.450913214576,41930.784233770515,1844.9739268794767
2024-01-23T06:00:00Z,41930.784233770515,42052.31596842592,41924.5953012631,41980.45703832083,1198.6987879237736
2024-01-23T07:00:00Z,41980.45703832083,42143.51461603605,41954.57397944481,42120.814971087086,942.3447463478379
2024-01-23T08:00:00Z,42120.814971087086,42153.167415631935,42045.29971871957,42083.21145081138,885.7265448472554
2024-01-23T09:00:00Z,42083.21145081138,42152.992023249506,42057.03658141768,42083.26314061423,874.1035988628826
2024-01-23T10:00:00Z,42083.26314061423,42261.52767233257,42023.85694691218,42208.302617646,1874.1035136766666
2024-01-23T11:00:00Z,42208.302617646,42376.175172264135,42208.251191613774,42353.36174979624,1606.7825253512144
2024-01-23T12:00:00Z,42353.36174979624,42430.67029827948,42285.51121540046,42401.54117968467,1704.9097437012824
2024-01-23T13:00:00Z,42401.54117968467,42468.682806236684,42370.14733667504,42422.71382936752,775.1034699289509
2024-01-23T14:00:00Z,42422.71382936752,42477.29740258338,42323.869265878064,42360.957350695586,1282.432293471298
2024-01-23T15:00:00Z,42360.957350695586,42477.60935012051,42352.057245092736,42407.36257268692,639.955950225165
2024-01-23T16:00:00Z,42407.36257268692,42504.3984411091,42364.70011899773,42488.13014219594,1260.8708782353478
2024-01-23T17:00:00Z,42488.13014219594,42587.08235505478,42458.18621560399,42539.15531532782,1406.9158677452642
2024-01-23T18:00:00Z,42539.15531532782,42732.59233664087,42504.92877169203,42669.57769997972,1596.6927431746496
2024-01-23T19:00:00Z,42669.57769997972,42738.905401470445,42606.46421603295,42606.69163177478,1350.766200235143
2024-01-23T20:00:00Z,42606.69163177478,42754.97012661935,42566.08952414852,42686.55403717612,1268.2095321138395
2024-01-23T21:00:00Z,42686.55403717612,42775.48104273979,42658.618911200356,42718.70808286935,1454.8426142960107
2024-01-23T22:00:00Z,42718.70808286935,42724.63373865453,42639.221445035546,42645.041325903345,768.0329270443036
2024-01-23T23:00:00Z,42645.041325903345,42654.93723732776,42558.22480178256,42616.80678650255,1529.0740668451942
2024-01-24T00:00:00Z,42616.80678650255,42630.25230624824,42550.83869258458,42582.00740100303,1808.4848781776066
2024-01-24T01:00:00Z,42582.00740100303,42734.62226664496,42553.139791169335,42682.868497038864,1752.3777179331103
2024-01-24T02:00:00Z,42682.868497038864,42710.80989895315,42615.348886958556,42685.28039069935,1506.064114741217
2024-01-24T03:00:00Z,42685.28039069935,42690.439321285165,42516.683869153596,42552.22643252789,1663.3931941970247
2024-01-24T04:00:00Z,42552.22643252789,42592.01603931815,42523.358232982406,42533.57548997793,1407.1303650641917
2024-01-24T05:00:00Z,42533.57548997793,42560.66423121103,42490.36890535625,42506.23652630278,1387.1044549015946
2024-01-24T06:00:00Z,42506.23652630278,42644.95007617339,42460.77694779715,42604.99330869852,1335.0594534449679
2024-01-24T07:00:00Z,42604.99330869852,42720.13806490152,42604.21804318313,42667.867008527995,1948.8436380080016
2024-01-24T08:00:00Z,42667.867008527995,42671.579408076264,42611.222882187496,42665.48748684271,1640.4316090881516
2024-01-24T09:00:00Z,42665.48748684271,42710.48760543643,42622.47137332338,42625.439074474205,1606.6039973428665
2024-01-24T10:00:00Z,42625.439074474205,42737.996022710424,42589.896626691865,42677.51467847517,1879.7605265357654
2024-01-24T11:00:00Z,42677.51467847517,42677.88918480108,42645.15457730588,42651.835475241045,985.4786614817401
2024-01-24T12:00:00Z,42651.835475241045,42669.1350975883,42562.37514231575,42569.21706786048,1473.3686956844986
2024-01-24T13:00:00Z,42569.21706786048,42755.37333303784,42542.695007288916,42685.69035141949,1248.872417687127
2024-01-24T14:00:00Z,42685.69035141949,42738.48482569129,42631.04003399311,42693.38750592734,1148.0317203828226
2024-01-24T15:00:00Z,42693.38750592734,42717.102906002045,42548.36377364366,42549.24275217751,1523.4917294795878
2024-01-24T16:00:00Z,42549.24275217751,42732.67435632174,42497.39458955962,42689.73838563504,1353.5868568488045
2024-01-24T17:00:00Z,42689.73838563504,42844.00323586983,42646.89690409913,42831.46497954342,999.0797119306961
2024-01-24T18:00:00Z,42831.46497954342,42847.772137162814,42760.285112730344,42818.90794525221,999.5868371317271
2024-01-24T19:00:00Z,42818.90794525221,42883.10966186339,42748.03133804936,42749.361907197665,779.8243239282918
2024-01-24T20:00:00Z,42749.361907197665,42927.72127239693,42734.265945088315,42877.73735255409,698.9531935153058
2024-01-24T21:00:00Z,42877.73735255409,42992.01429114922,42802.9261513091,42929.57182456509,1913.140167280123
2024-01-24T22:00:00Z,42929.57182456509,43011.32483793758,42870.50262927884,43005.00680521898,1156.1953166974436
2024-01-24T23:00:00Z,43005.00680521898,43016.29459449354,43003.981514115694,43014.522226984824,1276.6849576730779
2024-01-25T00:00:00Z,43014.522226984824,43078.49755385775,42942.00380431915,43058.17535525653,602.3885397737657
2024-01-25T01:00:00Z,43058.17535525653,43240.54835131779,43051.54743904246,43170.64767165844,1742.816699039818
2024-01-25T02:00:00Z,43170.64767165844,43237.66931380452,43137.87397350629,43205.083386367274,1320.8869504144368
2024-01-25T03:00:00Z,43205.083386367274,43389.93414875835,43169.62334557252,43333.10251454179,1188.5396546485285
2024-01-25T04:00:00Z,43333.10251454179,43374.11306450415,43171.307328948904,43235.83533053607,1451.1015823905368
2024-01-25T05:00:00Z,43235.83533053607,43299.30125147585,43162.00196061365,43265.40831587239,1777.1494621483787
2024-01-25T06:00:00Z,43265.40831587239,43320.30593687825,43204.94118901306,43270.67209972967,885.087274826605
2024-01-25T07:00:00Z,43270.67209972967,43330.77615410207,43213.35649974257,43309.370671473254,957.8490338181139
2024-01-25T08:00:00Z,43309.370671473254,43500.03824447791,43269.76301958795,43448.101919955465,1353.0599179395608
2024-01-25T09:00:00Z,43448.101919955465,43493.23465116715,43446.28441959351,43473.17926258272,1178.7035264411702
2024-01-25T10:00:00Z,43473.17926258272,43508.484266958694,43395.591445403916,43411.38528788559,809.942537442236
2024-01-25T11:00:00Z,43411.38528788559,43583.50177728615,43355.24765367186,43555.14722869898,710.0162916229699
2024-01-25T12:00:00Z,43555.14722869898,43606.97217334172,43398.68061951721,43431.394962159364,1700.6147204439903
2024-01-25T13:00:00Z,43431.394962159364,43468.581237331644,43242.99095170356,43287.79854223266,832.333572245635
2024-01-25T14:00:00Z,43287.79854223266,43367.18801652612,43279.66342809124,43352.48131099463,733.6331130660118
2024-01-25T15:00:00Z,43352.48131099463,43382.7679646041,43157.619165824886,43216.3980762036,760.8532091220567
2024-01-25T16:00:00Z,43216.3980762036,43241.54549155336,43134.92082267695,43151.49208879813,1804.591662363792
2024-01-25T17:00:00Z,43151.49208879813,43260.67696459952,43102.03033459284,43251.69944274375,1859.6735807486475
2024-01-25T18:00:00Z,43251.69944274375,43281.8519171462,43103.37587793675,43105.37305663475,974.7958914662861
2024-01-25T19:00:00Z,43105.37305663475,43139.70813016979,42976.96379440292,42992.29780019728,1601.3218367974223
2024-01-25T20:00:00Z,42992.29780019728,42998.53939110924,42915.276705680335,42956.76842985354,1189.0672283406325
2024-01-25T21:00:00Z,42956.76842985354,43084.5883006855,42938.20436271729,43028.75237643351,1076.276867942027
2024-01-25T22:00:00Z,43028.75237643351,43167.531930979174,42987.335333450435,43094.92843057908,1415.5753105053714
2024-01-25T23:00:00Z,43094.92843057908,43127.54546413927,43021.29835543285,43045.06673322469,1243.7639843420625
2024-01-26T00:00:00Z,43045.06673322469,43069.21034332851,42978.71711348024,42980.85476337969,631.0862393252194
2024-01-26T01:00:00Z,42980.85476337969,43116.819814407114,42908.61014123951,43090.82361689765,868.1736509711028
2024-01-26T02:00:00Z,43090.82361689765,43157.84055885629,43016.60944332705,43049.97719943453,1516.4683982483064
2024-01-26T03:00:00Z,43049.97719943453,43161.76259872366,43034.85027040902,43132.714757688096,514.7294335320996
2024-01-26T04:00:00Z,43132.714757688096,43284.645549197514,43074.07872957797,43241.63186824083,1972.6093306098821
2024-01-26T05:00:00Z,43241.63186824083,43397.528456808344,43233.29975769821,43353.129215842644,1365.0143667618631
2024-01-26T06:00:00Z,43353.129215842644,43360.71322180803,43346.99401685009,43348.384779694956,1018.395415917947
2024-01-26T07:00:00Z,43348.384779694956,43414.07080709138,43235.55743351716,43310.05685949143,1881.7463975386215
2024-01-26T08:00:00Z,43310.05685949143,43374.03509756208,43228.01818159294,43256.590781009676,1046.064337041455
2024-01-26T09:00:00Z,43256.590781009676,43283.08623171463,43206.048900077614,43279.963255504736,592.4141206641536
2024-01-26T10:00:00Z,43279.963255504736,43362.496240849905,43275.42670853168,43306.487447873835,1470.236319640444
2024-01-26T11:00:00Z,43306.487447873835,43335.306155902224,43247.8176176481,43309.15509772856,973.1409603231423
2024-01-26T12:00:00Z,43309.15509772856,43340.10630710414,43189.36298263379,43216.78306304027,1730.2648353069344
2024-01-26T13:00:00Z,43216.78306304027,43246.58518702471,43070.248837764535,43128.74124872414,1194.065849573769
2024-01-26T14:00:00Z,43128.74124872414,43139.775352905395,43053.867629835535,43080.23284171353,1295.7413363782844
2024-01-26T15:00:00Z,43080.23284171353,43238.89451742994,43040.188959799285,43164.05884182107,1247.3474010075274
2024-01-26T16:00:00Z,43164.05884182107,43276.59271332463,43144.97382472942,43241.68233316111,1546.4403689658502
2024-01-26T17:00:00Z,43241.68233316111,43357.8139596323,43177.19431527781,43341.206962406504,591.0521080664486
2024-01-26T18:00:00Z,43341.206962406504,43369.47673292739,43180.39505674979,43248.25976788037,1222.0497524930092
2024-01-26T19:00:00Z,43248.25976788037,43266.51621456658,43166.78994185296,43201.847793169516,1339.8053556908706
2024-01-26T20:00:00Z,43201.847793169516,43298.22368892697,43192.57410163377,43231.25197831471,1574.1513744965036
2024-01-26T21:00:00Z,43231.25197831471,43415.437650247266,43178.003184942165,43369.879195371555,1708.0708454421867
2024-01-26T22:00:00Z,43369.879195371555,43509.66919565999,43335.91481943744,43485.77669877702,1761.959193168804
2024-01-26T23:00:00Z,43485.77669877702,43519.41045952388,43311.151989733444,43383.59042405894,1097.0321625465185
2024-01-27T00:00:00Z,43383.59042405894,43415.42509589015,43327.506668176306,43363.54146917781,1653.0030139393461
2024-01-27T01:00:00Z,43363.54146917781,43398.07510435358,43214.31975295461,43246.30608331551,1940.3514889642734
2024-01-27T02:00:00Z,43246.30608331551,43374.72522570035,43222.41073252729,43352.67031999983,1986.9794275931943
2024-01-27T03:00:00Z,43352.67031999983,43405.02607818819,43205.16458786761,43206.401793101795,937.917374220802
2024-01-27T04:00:00Z,43206.401793101795,43300.96363139147,43158.68478405347,43250.26575012898,835.6195376294668
2024-01-27T05:00:00Z,43250.26575012898,43314.337469996644,43199.96640653593,43220.763432248736,1305.0533647587324
2024-01-27T06:00:00Z,43220.763432248736,43302.60863572026,43160.43070394499,43238.27449191415,1684.9536561131022
2024-01-27T07:00:00Z,43238.27449191415,43293.479714282345,43122.47081916617,43189.50716938,612.7867280552027
2024-01-27T08:00:00Z,43189.50716938,43291.94235973546,43160.610989154986,43257.21469874056,1463.8277214739887
2024-01-27T09:00:00Z,43257.21469874056,43417.62958165744,43197.43106702781,43349.80079776301,1898.7399782891196
2024-01-27T10:00:00Z,43349.80079776301,43496.85736044271,43297.91531913778,43458.56756221252,1870.6358023443054
2024-01-27T11:00:00Z,43458.56756221252,43490.676770491,43428.580253963235,43485.39530650162,1523.3718287204692
2024-01-27T12:00:00Z,43485.39530650162,43493.732592364686,43278.47850327242,43341.70345101964,1526.7582886670234
2024-01-27T13:00:00Z,43341.70345101964,43400.248589110066,43151.30277259784,43197.13350924962,1071.3618304186848
2024-01-27T14:00:00Z,43197.13350924962,43247.83061914499,43186.644170411215,43240.82544682055,1529.9561555007274
2024-01-27T15:00:00Z,43240.82544682055,43341.749797976954,43208.086399913416,43295.42757438084,794.9183412170152
2024-01-27T16:00:00Z,43295.42757438084,43365.58701919774,43162.370974227764,43184.13313973575,1124.848611192494
2024-01-27T17:00:00Z,43184.13313973575,43187.53760522544,43160.009424607626,43187.30623928196,797.0719407040467
2024-01-27T18:00:00Z,43187.30623928196,43257.02569332731,43055.42593613829,43068.53594204768,940.8155580267048
2024-01-27T19:00:00Z,43068.53594204768,43127.470740808356,42934.43167395662,42999.50060097257,1455.5036006881733
2024-01-27T20:00:00Z,42999.50060097257,43084.00078132878,42997.27060705046,43038.976737772304,1496.9889186000237
2024-01-27T21:00:00Z,43038.976737772304,43241.255956153596,42970.51563983782,43175.170933589856,690.7551193201014
2024-01-27T22:00:00Z,43175.170933589856,43313.6598603147,43156.865817955964,43239.238656721245,933.9920691100589
2024-01-27T23:00:00Z,43239.238656721245,43400.71024043642,43227.766928652265,43382.55708603442,1518.1411737004742
2024-01-28T00:00:00Z,43382.55708603442,43429.20030007519,43310.48967581361,43329.51802406913,843.9672108766147
2024-01-28T01:00:00Z,43329.51802406913,43388.734352996085,43279.41867402768,43356.1098186002,1333.4101590649047
2024-01-28T02:00:00Z,43356.1098186002,43371.51861881996,43272.79845568342,43278.742946952276,616.5548021696408
2024-01-28T03:00:00Z,43278.742946952276,43366.95755686599,43278.50015595625,43342.14460010188,545.938024023718
2024-01-28T04:00:00Z,43342.14460010188,43495.85244219487,43326.126563825484,43448.846739683555,1683.9567243084957
2024-01-28T05:00:00Z,43448.846739683555,43570.85271130868,43435.0828997373,43566.75272252034,1512.683478325573
2024-01-28T06:00:00Z,43566.75272252034,43669.21100231579,43530.636781790025,43649.26983875691,1002.1199769845366
2024-01-28T07:00:00Z,43649.26983875691,43711.950985555355,43570.90908361878,43614.164458898325,1449.3419283872668
2024-01-28T08:00:00Z,43614.164458898325,43804.9719580549,43563.90627909065,43736.30638299483,551.7523382791886
2024-01-28T09:00:00Z,43736.30638299483,43809.078338970554,43661.538435192684,43697.19077432762,546.6851296401624
2024-01-28T10:00:00Z,43697.19077432762,43790.01511168055,43642.67741747219,43748.434830951825,1333.8386516501319
2024-01-28T11:00:00Z,43748.434830951825,43776.58967350628,43673.25360428016,43683.172209731325,1126.952812099483
2024-01-28T12:00:00Z,43683.172209731325,43695.58743661087,43679.32977355694,43685.698493106065,1448.631055529831
2024-01-28T13:00:00Z,43685.698493106065,43784.988585304825,43650.74683760016,43726.999355398846,630.7098289501557
2024-01-28T14:00:00Z,43726.999355398846,43755.464910797615,43659.04447707113,43733.266423815825,825.3231375293926
2024-01-28T15:00:00Z,43733.266423815825,43874.294472579495,43711.08628734744,43826.011340887424,1394.9082881679237
2024-01-28T16:00:00Z,43826.011340887424,43846.393178455735,43643.04331114586,43696.03361814565,560.4698675762983
2024-01-28T17:00:00Z,43696.03361814565,43781.3655964268,43623.80240454093,43713.532360000114,1655.355197733595
2024-01-28T18:00:00Z,43713.532360000114,43835.20363009387,43686.60268577749,43811.50631999223,891.3770571056705
2024-01-28T19:00:00Z,43811.50631999223,43817.79711690606,43676.57084183309,43680.75515277504,827.4532392090382
2024-01-28T20:00:00Z,43680.75515277504,43709.07867289649,43594.08574304232,43630.222890757934,1752.8671282618277
2024-01-28T21:00:00Z,43630.222890757934,43665.36132108585,43529.684470126325,43589.96508281042,1173.049465070363
2024-01-28T22:00:00Z,43589.96508281042,43729.60812138268,43522.71678781024,43656.90336802286,917.2765619448153
2024-01-28T23:00:00Z,43656.90336802286,43828.50910325204,43639.34127760078,43759.06835275505,718.8478671294605
2024-01-29T00:00:00Z,43759.06835275505,43877.504218756294,43743.64734227742,43827.763993594686,1972.1854176428337
2024-01-29T01:00:00Z,43827.763993594686,43901.29313947504,43779.818927368004,43817.32073820128,1580.44593506264
2024-01-29T02:00:00Z,43817.32073820128,43878.026805833164,43675.197650061724,43708.35912894457,829.526919593025
2024-01-29T03:00:00Z,43708.35912894457,43757.83075720298,43619.57402375371,43686.15592506748,1642.616719398007
2024-01-29T04:00:00Z,43686.15592506748,43868.30857934185,43658.11419739538,43811.24867418402,758.6741018586395
2024-01-29T05:00:00Z,43811.24867418402,43966.23122118637,43739.49714760059,43933.56473395022,1511.4172855678798
2024-01-29T06:00:00Z,43933.56473395022,44064.595541686795,43918.55249584585,44020.63987499227,1229.8667100416747
2024-01-29T07:00:00Z,44020.63987499227,44078.134621936144,43992.73306477285,44069.85719159435,1696.831236443516
2024-01-29T08:00:00Z,44069.85719159435,44070.80775814915,43967.87708129593,43984.547994132925,1152.1670413853567
2024-01-29T09:00:00Z,43984.547994132925,44023.806002942496,43898.70807451692,43918.959589589336,1149.4401550997864
2024-01-29T10:00:00Z,43918.959589589336,44106.72556391262,43862.05510083014,44044.39555006233,1161.0707869184798
2024-01-29T11:00:00Z,44044.39555006233,44120.47450260402,44028.87930495793,44060.43951879446,1034.8399190360137
2024-01-29T12:00:00Z,44060.43951879446,44094.594849593515,43928.325872199915,43951.54179951656,1508.8790602054287
2024-01-29T13:00:00Z,43951.54179951656,44000.4276933291,43867.25727381304,43910.47474463584,1384.4334377432006
2024-01-29T14:00:00Z,43910.47474463584,43941.874882577365,43879.962180475806,43889.34156207767,1469.8739741291442
2024-01-29T15:00:00Z,43889.34156207767,43910.64592272573,43768.6650994389,43835.961818598174,1126.4236435001958
2024-01-29T16:00:00Z,43835.961818598174,43882.65522123947,43688.351675147685,43718.34265487739,1077.79057022692
2024-01-29T17:00:00Z,43718.34265487739,43787.44552616597,43651.06121982398,43749.70372843894,948.8029726333918
2024-01-29T18:00:00Z,43749.70372843894,43907.01709481064,43730.40904870361,43843.68115486342,523.396169200546
2024-01-29T19:00:00Z,43843.68115486342,43883.524047033265,43675.18190947051,43740.20194957059,1199.5248239529433
2024-01-29T20:00:00Z,43740.20194957059,43784.35903046552,43602.6666308339,43661.89433044121,1887.8574480924506
2024-01-29T21:00:00Z,43661.89433044121,43692.899312331196,43620.2479616284,43678.49090920536,1250.556664331255
2024-01-29T22:00:00Z,43678.49090920536,43685.97975903498,43526.05618394928,43591.66152435394,923.4533878442799
2024-01-29T23:00:00Z,43591.66152435394,43745.596871971524,43591.47667840823,43703.074080397775,1854.9721377311764
2024-01-30T00:00:00Z,43703.074080397775,43861.03747967334,43651.08981215673,43847.371022809035,563.6415779692345
2024-01-30T01:00:00Z,43847.371022809035,43976.17277035935,43801.09553236217,43965.613016257535,1622.097151161061
2024-01-30T02:00:00Z,43965.613016257535,44058.43259255167,43952.23919977082,43992.20425931304,1959.432220710703
2024-01-30T03:00:00Z,43992.20425931304,44045.90960545354,43989.32330817166,44037.57179273267,816.344125502506
2024-01-30T04:00:00Z,44037.57179273267,44066.33442352369,43913.90517733799,43923.13998840266,941.7819881768773
2024-01-30T05:00:00Z,43923.13998840266,44081.76051233702,43901.93424329984,44029.15718739145,679.4420906630763
2024-01-30T06:00:00Z,44029.15718739145,44052.512765877116,43901.62410474742,43906.516928812336,709.6415408602538
2024-01-30T07:00:00Z,43906.516928812336,44078.90571478546,43844.21763645831,44054.39626697119,583.796270695971
2024-01-30T08:00:00Z,44054.39626697119,44058.22718949402,43910.86391478941,43950.90561118275,1811.110493680265
2024-01-30T09:00:00Z,43950.90561118275,44083.72321952816,43891.1348953506,44056.32789533189,1085.6945291804197
2024-01-30T10:00:00Z,44056.32789533189,44084.384564063665,44031.50291323945,44062.953368987335,1461.3909359923418
2024-01-30T11:00:00Z,44062.953368987335,44077.831332402595,44003.8753504962,44029.13553262285,559.16812229426
2024-01-30T12:00:00Z,44029.13553262285,44098.076352188415,43950.3428508202,43992.28001489366,902.7639784014582
2024-01-30T13:00:00Z,43992.28001489366,44032.161825664625,43973.16482519226,43984.027702490304,1315.444522292953
2024-01-30T14:00:00Z,43984.027702490304,43992.21213732139,43898.52987685349,43915.52240661788,1010.770292280109
2024-01-30T15:00:00Z,43915.52240661788,43984.47091812688,43879.25980134385,43980.81367609674,1368.3626099220196
2024-01-30T16:00:00Z,43980.81367609674,44095.57622299949,43922.28872072438,44084.96716596385,1007.2496357084214
2024-01-30T17:00:00Z,44084.96716596385,44135.38700821276,43919.4119900558,43972.88437605227,1990.2153858998997
2024-01-30T18:00:00Z,43972.88437605227,44025.66264127027,43829.25430909177,43899.77084865987,1296.9292244185904
2024-01-30T19:00:00Z,43899.77084865987,43966.908468627036,43877.98448790792,43957.65238513752,1093.4840800000143
2024-01-30T20:00:00Z,43957.65238513752,43966.47091707012,43836.20327845341,43863.773712671384,1462.680625713921
2024-01-30T21:00:00Z,43863.773712671384,43904.35646556578,43825.06796198079,43865.424010404306,1625.1727752527522
2024-01-30T22:00:00Z,43865.424010404306,43961.385006886594,43857.5339399532,43936.56993652487,706.1137145202304
2024-01-30T23:00:00Z,43936.56993652487,43968.03656818019,43841.15696743492,43893.56245915735,648.6811713531611
2024-01-31T00:00:00Z,43893.56245915735,43949.26200221076,43743.90935651729,43807.71072903102,896.3230909456532
2024-01-31T01:00:00Z,43807.71072903102,43865.585308056885,43788.56818252075,43824.23014009176,1244.27427607967
2024-01-31T02:00:00Z,43824.23014009176,43894.57079256836,43672.83751028688,43691.164028235486,1859.4140809574294
2024-01-31T03:00:00Z,43691.164028235486,43839.434130339476,43678.633590072204,43808.66665773971,931.7353907724608
2024-01-31T04:00:00Z,43808.66665773971,43941.25664835353,43788.8525249087,43937.04672700237,898.1795043384142
2024-01-31T05:00:00Z,43937.04672700237,44010.74810503999,43861.37653121749,43894.32452517002,1876.8391359932946
2024-01-31T06:00:00Z,43894.32452517002,43940.481030700495,43867.54821496591,43939.934981153005,1000.2923563863944
2024-01-31T07:00:00Z,43939.934981153005,43957.503376796,43829.87191772114,43846.305234814376,1829.775390933761
2024-01-31T08:00:00Z,43846.305234814376,43898.13758864375,43824.23260710946,43864.7060477918,1441.7181260319371
2024-01-31T09:00:00Z,43864.7060477918,43866.56982902445,43807.242716720066,43819.49325760547,1712.2682947984986
2024-01-31T10:00:00Z,43819.49325760547,43927.831393886445,43787.08514009653,43875.75181813941,1427.8461751999714
2024-01-31T11:00:00Z,43875.75181813941,43923.21066095657,43669.66040312225,43732.37244005844,1426.9617053256013
2024-01-31T12:00:00Z,43732.37244005844,43791.26539066331,43673.67492150428,43739.30539485806,1116.4395832374748
2024-01-31T13:00:00Z,43739.30539485806,43786.9999938563,43574.5821735577,43623.021012762314,1910.3926388422926
2024-01-31T14:00:00Z,43623.021012762314,43666.26353943334,43412.75054042619,43480.82455601372,566.4544761763569
2024-01-31T15:00:00Z,43480.82455601372,43582.92221732124,43418.90223512467,43534.5385902048,1311.5430774707106
2024-01-31T16:00:00Z,43534.5385902048,43647.90390976821,43518.33817280678,43588.79146443875,518.6798844659152
2024-01-31T17:00:00Z,43588.79146443875,43664.213119896565,43579.924083224396,43651.94773807348,664.2982427543343
2024-01-31T18:00:00Z,43651.94773807348,43836.14694736164,43616.31878863181,43769.86101452942,1595.3954826876427
2024-01-31T19:00:00Z,43769.86101452942,43778.61948025677,43660.70190756196,43706.70441564828,912.0552991143581
2024-01-31T20:00:00Z,43706.70441564828,43760.99074580693,43571.928688791304,43572.16808267325,1488.2629763920013
2024-01-31T21:00:00Z,43572.16808267325,43593.61220090852,43450.78046341168,43477.83793688065,1613.9592785198436
2024-01-31T22:00:00Z,43477.83793688065,43526.52489330463,43454.099183230406,43520.53065233645,1310.8145322624719
2024-01-31T23:00:00Z,43520.53065233645,43690.731478913825,43459.69414367479,43657.99055081601,1729.4338182064466
2024-02-01T00:00:00Z,43657.99055081601,43753.553985200604,43647.15190835721,43734.997533149355,1688.2725451027331
2024-02-01T01:00:00Z,43734.997533149355,43771.96086244096,43620.26801176676,43651.7855672652,1413.9246873733816
2024-02-01T02:00:00Z,43651.7855672652,43802.05095914724,43646.37600654974,43785.43274837289,1659.794999711266
2024-02-01T03:00:00Z,43785.43274837289,43827.47393830399,43683.25063942616,43703.39605368805,1794.5549381566527
2024-02-01T04:00:00Z,43703.39605368805,43804.315831122556,43676.78581708829,43743.04195940047,801.4739920250769
2024-02-01T05:00:00Z,43743.04195940047,43807.80134934956,43738.18616929238,43793.88640556824,1982.6672665074238
2024-02-01T06:00:00Z,43793.88640556824,43905.31941927496,43762.83150180394,43898.24777716163,621.693372739105
2024-02-01T07:00:00Z,43898.24777716163,43942.99772781012,43707.06496791662,43766.67788153062,1939.859759859105
2024-02-01T08:00:00Z,43766.67788153062,43917.12663381166,43764.26637838192,43887.67438909712,1495.0674283547942
2024-02-01T09:00:00Z,43887.67438909712,43896.97420578429,43865.97276179815,43883.825413713,746.097929320977
2024-02-01T10:00:00Z,43883.825413713,44037.72967726655,43810.578943264314,44013.6168120093,1355.4642361359324
2024-02-01T11:00:00Z,44013.6168120093,44137.913229780504,43996.725280974286,44079.74022194903,1769.4377362048779
2024-02-01T12:00:00Z,44079.74022194903,44215.35234882303,44056.15647527374,44208.45211870446,895.5990050306732
2024-02-01T13:00:00Z,44208.45211870446,44298.0004587305,44143.1662512467,44239.1916035531,1218.9480262343732
2024-02-01T14:00:00Z,44239.1916035531,44435.08348074192,44184.9528488729,44386.73451981161,1166.3457147816682
2024-02-01T15:00:00Z,44386.73451981161,44466.89001760379,44326.68544773451,44422.83082726869,1270.6218814722067
2024-02-01T16:00:00Z,44422.83082726869,44443.64722327749,44344.50082287329,44371.179358076355,906.2978475866464
2024-02-01T17:00:00Z,44371.179358076355,44461.81552237052,44296.71947137952,44387.830766541854,894.6337610852527
2024-02-01T18:00:00Z,44387.830766541854,44430.527107234906,44335.27663006681,44360.763140922296,606.4738952187516
2024-02-01T19:00:00Z,44360.763140922296,44425.87450146341,44239.790053923985,44273.77696443181,573.8368265530708
2024-02-01T20:00:00Z,44273.77696443181,44320.64638575673,44206.5694562167,44302.45093558562,1596.1005313186326
2024-02-01T21:00:00Z,44302.45093558562,44326.08205493197,44153.35896262037,44160.23015428317,942.0341163324026
2024-02-01T22:00:00Z,44160.23015428317,44312.853346049145,44093.74614389069,44250.56227856493,1201.864921370419
2024-02-01T23:00:00Z,44250.56227856493,44315.91145655392,44230.37024319033,44272.919757654934,1931.4903371097814
2024-02-02T00:00:00Z,44272.919757654934,44343.12871672507,44158.77926222527,44174.55136967962,1669.9774234850925
2024-02-02T01:00:00Z,44174.55136967962,44178.19812128759,44110.29356582771,44169.422606364686,1351.6195303063578
2024-02-02T02:00:00Z,44169.422606364686,44244.37454075323,43987.53138053497,44051.980241326215,1443.1571762754293
2024-02-02T03:00:00Z,44051.980241326215,44117.92414418655,43924.89247590741,43928.04159405562,1933.406820384281
2024-02-02T04:00:00Z,43928.04159405562,44069.47770891438,43859.553023523564,44010.153950543936,1470.401996674117
2024-02-02T05:00:00Z,44010.153950543936,44042.4785970599,43943.921273897446,43973.95752192135,1270.3315686500578
2024-02-02T06:00:00Z,43973.95752192135,44077.376822443046,43937.35866500174,44029.38592374409,1639.7688882499046
2024-02-02T07:00:00Z,44029.38592374409,44097.32353710365,43867.49314553275,43886.15332319732,960.2023566986825
2024-02-02T08:00:00Z,43886.15332319732,43992.09232675063,43859.45009510798,43955.107146504466,637.901808512733
2024-02-02T09:00:00Z,43955.107146504466,44054.62245124935,43931.678207084595,44019.293117566674,1108.4161418187587
2024-02-02T10:00:00Z,44019.293117566674,44114.24245221086,43972.01573828488,44041.48713406508,983.2124706441671
2024-02-02T11:00:00Z,44041.48713406508,44062.78786019347,43914.978495053074,43928.65874130629,788.2708518820477
2024-02-02T12:00:00Z,43928.65874130629,44031.75373228802,43904.712546409944,44003.147560315636,743.9600581104961
2024-02-02T13:00:00Z,44003.147560315636,44140.80279145648,43950.66124918667,44073.6552491249,887.9728816455472
2024-02-02T14:00:00Z,44073.6552491249,44082.272836874086,44038.6939443997,44060.2368578956,690.7763436889504
2024-02-02T15:00:00Z,44060.2368578956,44110.886432737396,44020.091259695975,44059.31622258013,1634.5841212763148
2024-02-02T16:00:00Z,44059.31622258013,44225.08146202452,44027.3893515048,44166.44831551216,1457.681419430569
2024-02-02T17:00:00Z,44166.44831551216,44249.81710402925,44108.664413180595,44197.702935205394,1756.0960305822207
2024-02-02T18:00:00Z,44197.702935205394,44257.08715468843,44151.493116787955,44185.35642232279,1769.7675251414646
2024-02-02T19:00:00Z,44185.35642232279,44249.22819345441,44159.46614605586,44169.22100705726,1922.1290116550974
2024-02-02T20:00:00Z,44169.22100705726,44243.39378229451,43979.50702257605,44035.73733563295,646.4570692976268
2024-02-02T21:00:00Z,44035.73733563295,44055.96473360226,43942.23298166021,43974.732821514175,845.3337355614894
2024-02-02T22:00:00Z,43974.732821514175,44013.80850256007,43821.18061749983,43875.704119278926,1014.2308815953412
2024-02-02T23:00:00Z,43875.704119278926,43879.456746798496,43742.97704812282,43744.068944165076,1965.4960827300745
2024-02-03T00:00:00Z,43744.068944165076,43821.23825307626,43676.97684969652,43803.610792675296,520.2281368577844
2024-02-03T01:00:00Z,43803.610792675296,43940.09074188858,43788.76812256005,43938.20984875735,604.7186363447915
2024-02-03T02:00:00Z,43938.20984875735,44036.15031756618,43908.43109528836,44019.713709710224,1063.546898480413
2024-02-03T03:00:00Z,44019.713709710224,44106.194501358725,43975.561432631126,44044.98196458212,700.6140308742426
2024-02-03T04:00:00Z,44044.98196458212,44095.95919379636,43880.536123042846,43913.79659998165,1249.1031357497882
2024-02-03T05:00:00Z,43913.79659998165,43932.36475281601,43729.68943823682,43798.272577353,1944.0946718558719
2024-02-03T06:00:00Z,43798.272577353,43829.92418120438,43681.32015253161,43748.313545905155,1689.447281762051
2024-02-03T07:00:00Z,43748.313545905155,43801.39015613174,43674.16558137008,43696.01530760814,697.7425493078623
2024-02-03T08:00:00Z,43696.01530760814,43847.637199083045,43623.82190847908,43819.53245778241,1809.3158253399204
2024-02-03T09:00:00Z,43819.53245778241,43900.43123184331,43788.275400413746,43831.69372363086,1252.5660466148454
2024-02-03T10:00:00Z,43831.69372363086,43832.33829503424,43697.0110585418,43729.00594163042,706.3677628020022
2024-02-03T11:00:00Z,43729.00594163042,43765.47016562584,43664.687115773435,43690.79636767649,1634.767338482225
2024-02-03T12:00:00Z,43690.79636767649,43812.950436885716,43650.3690317205,43776.958728037454,1978.9494709871408
2024-02-03T13:00:00Z,43776.958728037454,43811.16438359232,43722.97876447136,43777.03696401208,553.2604293311387
2024-02-03T14:00:00Z,43777.03696401208,43792.00676979232,43669.299464753785,43707.596827429465,532.4711450272669
2024-02-03T15:00:00Z,43707.596827429465,43845.43026027427,43672.9132023623,43787.983985745675,1872.2718881845062
2024-02-03T16:00:00Z,43787.983985745675,43816.42438624269,43775.71740258104,43783.30424048631,1110.3504559185671
2024-02-03T17:00:00Z,43783.30424048631,43837.05408219815,43677.339677288415,43739.50492128263,661.6989670059747
2024-02-03T18:00:00Z,43739.50492128263,43784.7542076734,43710.0795531442,43744.97634510946,1174.8746715730267
2024-02-03T19:00:00Z,43744.97634510946,43914.51544045958,43714.33109047748,43884.89257996492,1343.003887937952
2024-02-03T20:00:00Z,43884.89257996492,44050.70197672671,43811.30786736914,44004.606688826694,1043.391799403118
2024-02-03T21:00:00Z,44004.606688826694,44152.18636993437,43935.87611828412,44090.354922855404,1992.932304951552
2024-02-03T22:00:00Z,44090.354922855404,44121.139281213196,44050.37973538236,44100.6025592842,1472.3745670917933
2024-02-03T23:00:00Z,44100.6025592842,44153.48858383522,43926.14474579334,43980.951431968184,895.4705069923862
2024-02-04T00:00:00Z,43980.951431968184,44033.106000350934,43921.17295303595,43921.5366634794,1861.829446325836
2024-02-04T01:00:00Z,43921.5366634794,44030.12188303986,43880.39495036766,43991.3508527624,984.4967533418262
2024-02-04T02:00:00Z,43991.3508527624,44102.93262095947,43939.7963228276,44085.00364108289,508.53494536559145
2024-02-04T03:00:00Z,44085.00364108289,44154.15889045215,43945.470639448715,43945.84139931743,621.1114690293422
2024-02-04T04:00:00Z,43945.84139931743,44061.40825865642,43935.39626535463,44021.327057885486,1799.895995203926
2024-02-04T05:00:00Z,44021.327057885486,44055.189635945346,43854.12445755426,43904.031120741936,1715.470796767516
2024-02-04T06:00:00Z,43904.031120741936,43997.06687716606,43894.80753011423,43959.53085653349,860.3000905198497
2024-02-04T07:00:00Z,43959.53085653349,44014.68163926621,43937.290062832275,43976.5569629278,1973.7715219832623
2024-02-04T08:00:00Z,43976.5569629278,44122.9742951172,43959.93522852091,44053.466457552684,1913.4623668555844
2024-02-04T09:00:00Z,44053.466457552684,44228.71843634168,43983.25473231103,44188.87542352376,1957.056691458879
2024-02-04T10:00:00Z,44188.87542352376,44335.58469939727,44173.20196683486,44317.70007318884,577.6431247108472
2024-02-04T11:00:00Z,44317.70007318884,44444.807898634914,44279.70621134177,44434.41796408832,526.4724753339397
2024-02-04T12:00:00Z,44434.41796408832,44582.9630656916,44365.813071022734,44517.81035909555,896.2785906311619
2024-02-04T13:00:00Z,44517.81035909555,44570.352005204135,44385.578184302474,44425.59937922316,682.1595135020581
2024-02-04T14:00:00Z,44425.59937922316,44489.09207016451,44372.297528235096,44459.873879914245,1584.6922149920424
2024-02-04T15:00:00Z,44459.873879914245,44474.41660247115,44418.2127985802,44421.06134261514,1885.984029857679
2024-02-04T16:00:00Z,44421.06134261514,44467.15266867589,44221.23128399108,44271.94648379909,1911.9143919696123
2024-02-04T17:00:00Z,44271.94648379909,44392.12016851536,44199.33492346094,44318.234447199204,1457.6196566799617
2024-02-04T18:00:00Z,44318.234447199204,44324.19014867871,44292.480258868505,44318.0210284801,603.4050130972166
2024-02-04T19:00:00Z,44318.0210284801,44364.07091479285,44249.13114361797,44335.43874071258,1823.3268226758332
2024-02-04T20:00:00Z,44335.43874071258,44357.24954671486,44295.87404618718,44346.82724671236,1686.4638653436798
2024-02-04T21:00:00Z,44346.82724671236,44476.929175713434,44345.360299250766,44458.08235240497,1565.018042037318
2024-02-04T22:00:00Z,44458.08235240497,44461.4740366324,44377.091129134766,44398.47001803576,1210.8340897239837
2024-02-04T23:00:00Z,44398.47001803576,44454.41310996029,44252.36093057243,44303.17575972755,1300.677673580755
2024-02-05T00:00:00Z,44303.17575972755,44330.624568714025,44239.19054931743,44276.15353046354,972.0772254464089
2024-02-05T01:00:00Z,44276.15353046354,44360.66685463174,44242.46404210965,44341.24026392676,1265.6825737151428
2024-02-05T02:00:00Z,44341.24026392676,44348.44358393777,44262.89851576395,44323.01827045078,913.545689879457
2024-02-05T03:00:00Z,44323.01827045078,44383.067877834255,44193.05293436691,44257.261791872355,1433.166570137565
2024-02-05T04:00:00Z,44257.261791872355,44366.60350400543,44251.055785900295,44362.63033640694,1864.4074000169865
2024-02-05T05:00:00Z,44362.63033640694,44448.24100246038,44289.906202274055,44427.17558981346,1633.8484665817703
2024-02-05T06:00:00Z,44427.17558981346,44562.67037964675,44366.7406254666,44533.794373471974,581.6291327928558
2024-02-05T07:00:00Z,44533.794373471974,44606.05815106202,44429.2190351013,44503.49330645823,669.641520492839
2024-02-05T08:00:00Z,44503.49330645823,44524.99292777458,44369.33011943222,44434.056559023105,1226.2555251443987
2024-02-05T09:00:00Z,44434.056559023105,44638.16857149222,44422.93681850662,44577.30546340991,1158.5986707444408
2024-02-05T10:00:00Z,44577.30546340991,44590.1881647072,44464.091362239844,44484.78091219752,1349.7936363853987
2024-02-05T11:00:00Z,44484.78091219752,44691.836326880955,44457.89925673741,44630.340605725076,1097.312981735196
2024-02-05T12:00:00Z,44630.340605725076,44650.9955491238,44552.903404426026,44605.23113091169,1102.6077180081465
2024-02-05T13:00:00Z,44605.23113091169,44625.38892898896,44558.84002781891,44575.808195806785,1956.2697348809681
2024-02-05T14:00:00Z,44575.808195806785,44649.38409259779,44380.861725202216,44432.754785530175,1398.493732662279
2024-02-05T15:00:00Z,44432.754785530175,44543.44516186648,44414.627262439906,44488.78402464328,593.0731139705176
2024-02-05T16:00:00Z,44488.78402464328,44673.24029666762,44431.14611676249,44629.87508922208,1832.671833075414
2024-02-05T17:00:00Z,44629.87508922208,44634.00708494585,44484.51318996109,44550.470662220745,1536.2006078065135
2024-02-05T18:00:00Z,44550.470662220745,44558.04555094413,44480.98687464161,44540.23036920985,528.3737649121382
2024-02-05T19:00:00Z,44540.23036920985,44696.55837445893,44512.34820624177,44625.938299272246,988.7533531385061
2024-02-05T20:00:00Z,44625.938299272246,44724.65927640315,44607.49411795006,44717.48387412779,1778.986491504444
2024-02-05T21:00:00Z,44717.48387412779,44765.21569114884,44608.925129365525,44653.31915043088,1537.5104247058946
2024-02-05T22:00:00Z,44653.31915043088,44676.72496694418,44540.84985193014,44568.94433251094,1922.625485806402
2024-02-05T23:00:00Z,44568.94433251094,44619.86168406061,44402.54516560372,44461.16152486388,1964.5103053005764
2024-02-06T00:00:00Z,44461.16152486388,44470.127465207435,44310.339590041476,44353.09240460034,1706.6715670915887
2024-02-06T01:00:00Z,44353.09240460034,44447.968852219485,44319.782608529764,44394.92714530629,1817.683048171146
2024-02-06T02:00:00Z,44394.92714530629,44443.16432017117,44391.91388757565,44394.80356694582,1458.591964128126
2024-02-06T03:00:00Z,44394.80356694582,44408.37699893022,44209.704919339856,44280.0558866854,862.3004798834686
2024-02-06T04:00:00Z,44280.0558866854,44467.42392983123,44269.213941457674,44400.1807886952,1443.0260882203834
2024-02-06T05:00:00Z,44400.1807886952,44406.59528975928,44209.671938251515,44260.58522262862,509.94717981312806
2024-02-06T06:00:00Z,44260.58522262862,44379.88946514622,44242.603120624386,44311.881034556594,1928.7120409097204
2024-02-06T07:00:00Z,44311.881034556594,44359.99112339887,44291.90654193171,44357.96181302085,911.9504547525933
2024-02-06T08:00:00Z,44357.96181302085,44391.18706179064,44264.1251404247,44273.690159929974,1461.5937612851683
2024-02-06T09:00:00Z,44273.690159929974,44376.044458343415,44267.1837568496,44346.31968142709,1441.6571400814062
2024-02-06T10:00:00Z,44346.31968142709,44367.63954703105,44243.10281722481,44297.97127182013,1560.9344923784213
2024-02-06T11:00:00Z,44297.97127182013,44353.47045331318,44105.157677525836,44173.83216983938,1427.4789928288571
2024-02-06T12:00:00Z,44173.83216983938,44192.493746973814,44086.567510512345,44115.908800099656,1175.3509494871887
2024-02-06T13:00:00Z,44115.908800099656,44201.86434840561,44107.25159623252,44133.393566737606,1366.2146601309444
2024-02-06T14:00:00Z,44133.393566737606,44215.63336353181,44083.18223844681,44171.77741070473,1871.3842294670656
2024-02-06T15:00:00Z,44171.77741070473,44172.58039666772,44120.082813965826,44159.824430400826,1144.3485439397464
2024-02-06T16:00:00Z,44159.824430400826,44221.51725585829,44001.90725478985,44032.567703156914,503.8471553687935
2024-02-06T17:00:00Z,44032.567703156914,44100.89473053597,44010.896148108935,44061.654702951295,1493.2657986128377
2024-02-06T18:00:00Z,44061.654702951295,44129.917794830755,43992.0864108569,44009.301166715224,1143.0452511613498
2024-02-06T19:00:00Z,44009.301166715224,44043.30173608719,43965.74573518109,44013.553588698596,1436.293601029451
2024-02-06T20:00:00Z,44013.553588698596,44132.90657095566,43954.73925565661,44106.07373713778,1069.9710396656405
2024-02-06T21:00:00Z,44106.07373713778,44108.562949666695,44055.18142732293,44086.63157292502,1594.9167711112386
2024-02-06T22:00:00Z,44086.63157292502,44219.79091555047,44018.07846926655,44181.305091475595,1394.1193598161528
2024-02-06T23:00:00Z,44181.305091475595,44216.70724449398,44128.13432483917,44176.59434977738,997.2029972726408
2024-02-07T00:00:00Z,44176.59434977738,44236.85671139961,44079.65973525244,44090.589759837894,1746.1969296887792
2024-02-07T01:00:00Z,44090.589759837894,44208.29325913986,44035.19227524822,44141.57632844318,887.087090249501
2024-02-07T02:00:00Z,44141.57632844318,44222.265940759266,44091.38301915401,44181.447309176045,1576.505960063046
2024-02-07T03:00:00Z,44181.447309176045,44220.99871615491,44149.5052252626,44170.53420107022,927.0472501599639
2024-02-07T04:00:00Z,44170.53420107022,44202.38139336021,43976.85730086445,44032.45762172153,1745.7396574138777
2024-02-07T05:00:00Z,44032.45762172153,44105.87785907693,44028.001240606915,44080.60578496472,1727.319105094376
2024-02-07T06:00:00Z,44080.60578496472,44263.474299570575,44018.797791726574,44214.38176345128,545.1106150548325
2024-02-07T07:00:00Z,44214.38176345128,44364.712015293924,44185.65685624632,44319.64375644881,1572.0051247680262
2024-02-07T08:00:00Z,44319.64375644881,44390.117221096945,44176.176153616616,44178.126775135555,1697.5450086321591
2024-02-07T09:00:00Z,44178.126775135555,44250.56281101176,43979.48834429411,44050.544229404404,1241.4175170255699
2024-02-07T10:00:00Z,44050.544229404404,44160.0245641571,44034.83116393188,44129.22217753734,1547.593991074668
2024-02-07T11:00:00Z,44129.22217753734,44179.501607250284,44086.84447135351,44123.25298810078,1886.3251510796836
2024-02-07T12:00:00Z,44123.25298810078,44141.25920534178,44031.36112037216,44091.16931716403,1558.412784877912
2024-02-07T13:00:00Z,44091.16931716403,44101.598883572704,44073.82914847411,44098.69125798243,824.0449027969762
2024-02-07T14:00:00Z,44098.69125798243,44308.75595778335,44083.19116188328,44238.136899020494,1079.3225652756369
2024-02-07T15:00:00Z,44238.136899020494,44247.94462143582,44104.025037445535,44169.8645483575,831.9027020591102
2024-02-07T16:00:00Z,44169.8645483575,44283.31131256707,44132.76625071836,44248.26784276599,1764.18768875913
2024-02-07T17:00:00Z,44248.26784276599,44261.723103315104,44198.67323738721,44223.90220881939,1839.6394788506814
2024-02-07T18:00:00Z,44223.90220881939,44238.81257170849,44111.40300335362,44127.910799132624,670.4993981913841
2024-02-07T19:00:00Z,44127.910799132624,44202.98459587725,44100.61533203136,44191.24987554578,883.431949763748
2024-02-07T20:00:00Z,44191.24987554578,44210.217105747644,44079.66288384968,44152.6094089134,969.8497836812708
2024-02-07T21:00:00Z,44152.6094089134,44320.17438694947,44093.58058671639,44288.31787750846,1553.069551157312
2024-02-07T22:00:00Z,44288.31787750846,44305.36697161913,44134.9016089566,44141.00807614452,1855.6852745678204
2024-02-07T23:00:00Z,44141.00807614452,44206.769835393134,44121.36737886743,44144.03978669381,1774.0851060925293
2024-02-08T00:00:00Z,44144.03978669381,44181.78310250244,43968.94967545222,44020.725851596806,1644.015874232126
2024-02-08T01:00:00Z,44020.725851596806,44044.10818925782,43927.41229089906,43983.4057636408,1927.152372863956
2024-02-08T02:00:00Z,43983.4057636408,43984.832965594054,43916.168371530686,43931.049882651765,1329.5216846002818
2024-02-08T03:00:00Z,43931.049882651765,43961.15248476062,43872.15061775258,43885.01217006188,888.1238463577893
2024-02-08T04:00:00Z,43885.01217006188,43950.59289715374,43867.33172376957,43917.08488078393,519.8597396449743
2024-02-08T05:00:00Z,43917.08488078393,43961.02988405868,43872.35816303098,43892.5273272792,1574.889137350543
2024-02-08T06:00:00Z,43892.5273272792,43948.93945574992,43861.49778017888,43938.86726481367,1013.6425612003858
2024-02-08T07:00:00Z,43938.86726481367,44037.48569988614,43914.030524110574,43964.473106139245,559.7569126716863
2024-02-08T08:00:00Z,43964.473106139245,44047.27379397855,43958.14648600946,43978.96725509373,528.5741564580962
2024-02-08T09:00:00Z,43978.96725509373,44044.366389132825,43899.10033108789,43950.70199963502,998.7758179181308
2024-02-08T10:00:00Z,43950.70199963502,44105.089873042256,43947.98784052614,44075.02144821268,1023.9280735137229
2024-02-08T11:00:00Z,44075.02144821268,44078.74855286268,43919.387374572565,43943.93879706927,1152.2196920496444
2024-02-08T12:00:00Z,43943.93879706927,44015.448281594065,43884.00477862018,43922.42781608181,1599.4342456526679
2024-02-08T13:00:00Z,43922.42781608181,43990.00465682147,43754.40744464266,43777.45608766238,1569.7444945307896
2024-02-08T14:00:00Z,43777.45608766238,43818.76922841748,43652.30202250994,43664.07801450047,1747.1297582381098
2024-02-08T15:00:00Z,43664.07801450047,43736.251942316376,43575.24307478829,43637.09922275738,868.6067184053811
2024-02-08T16:00:00Z,43637.09922275738,43694.651627372856,43543.245032901075,43566.71010345974,863.4734006182173
2024-02-08T17:00:00Z,43566.71010345974,43630.21757351348,43373.29656666161,43424.43043894681,879.8845651375045
2024-02-08T18:00:00Z,43424.43043894681,43587.52605338236,43404.92819662967,43571.47443906935,1053.3324356222665
2024-02-08T19:00:00Z,43571.47443906935,43572.692135063415,43456.1859111023,43473.44983632928,1823.7847986816041
2024-02-08T20:00:00Z,43473.44983632928,43507.82845880419,43319.09710505561,43379.74561349412,588.9456539889574
2024-02-08T21:00:00Z,43379.74561349412,43455.116300923524,43372.341248232085,43395.60750457649,1760.37477268062
2024-02-08T22:00:00Z,43395.60750457649,43469.51628131215,43326.41477314985,43441.98015458499,1439.0055572634928
2024-02-08T23:00:00Z,43441.98015458499,43624.93949417138,43420.98943007867,43562.49809390882,730.5191398792474
2024-02-09T00:00:00Z,43562.49809390882,43571.96303501225,43418.39045948111,43424.928411772344,1654.83712438565
2024-02-09T01:00:00Z,43424.928411772344,43473.74848130879,43335.37453376687,43336.774392540676,721.0286463104658
2024-02-09T02:00:00Z,43336.774392540676,43349.4349873262,43179.73696372897,43215.97651462338,1228.714900850258
2024-02-09T03:00:00Z,43215.97651462338,43286.794407184105,43066.648016015366,43128.979818210806,703.6205359962116
2024-02-09T04:00:00Z,43128.979818210806,43195.24184159043,43075.768807668916,43167.22129887605,809.1514889286761
2024-02-09T05:00:00Z,43167.22129887605,43179.82098359571,43061.68577705091,43104.877112333845,1125.310075092173
2024-02-09T06:00:00Z,43104.877112333845,43168.35943470449,43006.29578251456,43073.581956777525,646.7488922386134
2024-02-09T07:00:00Z,43073.581956777525,43117.80499103189,42926.39938044073,42950.669144875515,724.9881108445359
2024-02-09T08:00:00Z,42950.669144875515,43043.19140444175,42925.73385576505,42986.773569663965,1680.106277217165
2024-02-09T09:00:00Z,42986.773569663965,43051.16703058898,42832.594736928084,42877.97232456943,1354.0176254335374
2024-02-09T10:00:00Z,42877.97232456943,42985.08797670623,42850.49217747908,42942.50136049239,826.2635486343465
2024-02-09T11:00:00Z,42942.50136049239,43015.625937363424,42880.93533154083,42970.18941002595,945.3618858817479
2024-02-09T12:00:00Z,42970.18941002595,42984.18648288956,42926.98883628257,42966.26939908618,1579.5372391433416
2024-02-09T13:00:00Z,42966.26939908618,42979.58347450152,42836.3086601211,42897.75565227592,988.5468050555532
2024-02-09T14:00:00Z,42897.75565227592,42942.27941713691,42789.40221842096,42851.231532846636,1765.0002442141486
2024-02-09T15:00:00Z,42851.231532846636,42959.24282229251,42844.66192148061,42894.29644700841,959.8114950236463
2024-02-09T16:00:00Z,42894.29644700841,43009.19961465747,42871.53641042037,42982.08231279636,1983.2344681563266
2024-02-09T17:00:00Z,42982.08231279636,43003.99950504805,42934.98876788876,42938.759874875606,1208.2153273998638
2024-02-09T18:00:00Z,42938.759874875606,43012.18711791623,42777.896416809715,42844.362287618234,1232.0632905360374
2024-02-09T19:00:00Z,42844.362287618234,42861.998958765005,42766.126479494094,42836.007488214884,505.30769875123644
2024-02-09T20:00:00Z,42836.007488214884,42844.02478640498,42671.717984430725,42690.27220691541,834.781571063093
2024-02-09T21:00:00Z,42690.27220691541,42808.812699950846,42639.59562331728,42792.77242884307,1450.451328657389
2024-02-09T22:00:00Z,42792.77242884307,42861.1501509606,42723.91757226924,42860.1669489343,1210.6464284422786
2024-02-09T23:00:00Z,42860.1669489343,42917.37296426439,42687.419064172216,42737.340716911174,1022.4906793573006
2024-02-10T00:00:00Z,42737.340716911174,42840.129270020276,42697.82227932279,42806.74430517635,1184.9366101593296
2024-02-10T01:00:00Z,42806.74430517635,42955.00370930621,42780.026429118385,42893.2833806764,1863.6150214733264
2024-02-10T02:00:00Z,42893.2833806764,43042.62952865233,42840.79183887505,42990.310699429654,1150.8196967335157
2024-02-10T03:00:00Z,42990.310699429654,43074.391013010325,42934.93930751869,43015.38212094574,1159.6575833578654
2024-02-10T04:00:00Z,43015.38212094574,43056.079945890975,42847.92025830884,42871.87680371151,996.517437485242
2024-02-10T05:00:00Z,42871.87680371151,42906.46101470895,42789.70731827956,42828.30034087654,1706.2859426114826
2024-02-10T06:00:00Z,42828.30034087654,42930.094582863814,42761.64346799576,42900.48514543908,915.019276223142
2024-02-10T07:00:00Z,42900.48514543908,42994.16562786163,42869.20457626625,42941.489196271476,1576.7966959640464
2024-02-10T08:00:00Z,42941.489196271476,43121.11377485712,42909.3827843222,43067.36587860726,670.5058313586661
2024-02-10T09:00:00Z,43067.36587860726,43175.46750731469,43027.314416012305,43130.29390908676,563.3827079302932
2024-02-10T10:00:00Z,43130.29390908676,43138.92138091561,42985.39171059192,42990.13383438845,1989.0624566903466
2024-02-10T11:00:00Z,42990.13383438845,43056.922951597844,42937.82251354206,42968.727273400065,1762.1152258301222
2024-02-10T12:00:00Z,42968.727273400065,42982.9681955893,42773.73934696335,42829.139193061776,1341.1668883205898
2024-02-10T13:00:00Z,42829.139193061776,42835.66162792315,42702.75285465352,42767.92309988605,1332.9927443096267
2024-02-10T14:00:00Z,42767.92309988605,42820.36585680803,42705.74975836572,42780.95700559474,724.9970965248344
2024-02-10T15:00:00Z,42780.95700559474,42806.208317303324,42677.635040465415,42716.394311485885,789.7772511858714
2024-02-10T16:00:00Z,42716.394311485885,42722.939957183204,42603.424365645704,42659.981846016875,511.8671031986252
2024-02-10T17:00:00Z,42659.981846016875,42669.36834329497,42478.99433340123,42542.77240571037,720.2665759061366
2024-02-10T18:00:00Z,42542.77240571037,42586.43335558778,42454.58279160951,42506.18338925448,1168.984123908519
2024-02-10T19:00:00Z,42506.18338925448,42513.81857933696,42493.96420144914,42498.2348782043,1978.460123488192
2024-02-10T20:00:00Z,42498.2348782043,42559.44024906285,42487.93845637575,42503.299040978745,1451.4399023387964
2024-02-10T21:00:00Z,42503.299040978745,42623.21605355087,42432.75202075287,42582.377632652686,1971.7347693934694
2024-02-10T22:00:00Z,42582.377632652686,42601.05334561375,42444.24448474155,42477.49029405781,711.056130439884
2024-02-10T23:00:00Z,42477.49029405781,42500.3097664343,42469.28673552321,42480.44781376332,762.5894364149424
2024-02-11T00:00:00Z,42480.44781376332,42501.16180756823,42310.44034986771,42341.327494511504,1432.6862655384175
2024-02-11T01:00:00Z,42341.327494511504,42404.87052688094,42150.85868411404,42210.25831810896,1589.1830761132892
2024-02-11T02:00:00Z,42210.25831810896,42217.911834041355,42181.58138782273,42194.74954613041,984.9124636959382
2024-02-11T03:00:00Z,42194.74954613041,42311.28797989806,42178.27173502516,42236.43363171532,1790.4758622054344
2024-02-11T04:00:00Z,42236.43363171532,42418.89138508467,42214.89310634071,42359.03171810895,1513.2329204793457
2024-02-11T05:00:00Z,42359.03171810895,42502.44266220799,42298.535698696156,42441.42810620472,1980.1686758640265
2024-02-11T06:00:00Z,42441.42810620472,42558.39548266775,42421.84659097448,42525.94900479685,670.8788733558576
2024-02-11T07:00:00Z,42525.94900479685,42586.39776794591,42479.09077087256,42488.36493991061,1887.4812205150845
2024-02-11T08:00:00Z,42488.36493991061,42587.04177492899,42427.66862477821,42577.44680034383,1465.3552551296066
2024-02-11T09:00:00Z,42577.44680034383,42613.494391464985,42458.72057694346,42502.08604931157,1038.2776707040243
2024-02-11T10:00:00Z,42502.08604931157,42507.58482934758,42473.66216510837,42498.942174957425,1641.3945711172912
2024-02-11T11:00:00Z,42498.942174957425,42625.59659012707,42466.179646266006,42556.004458114425,1335.2427267557807
2024-02-11T12:00:00Z,42556.004458114425,42624.707494540555,42450.19880784624,42506.86323449098,1449.7621132941642
2024-02-11T13:00:00Z,42506.86323449098,42557.66601525906,42374.94775043797,42440.649704353964,1212.513658173185
2024-02-11T14:00:00Z,42440.649704353964,42466.868439043574,42284.7862507327,42309.80042871437,528.694274014962
2024-02-11T15:00:00Z,42309.80042871437,42332.93327267955,42149.50562293109,42201.39521309945,1980.401470835559
2024-02-11T16:00:00Z,42201.39521309945,42382.34624807806,42133.11559458832,42341.98723930034,1384.312867304088
2024-02-11T17:00:00Z,42341.98723930034,42387.93113420173,42234.46094422199,42264.812059701806,1877.5117867152073
2024-02-11T18:00:00Z,42264.812059701806,42266.4877673369,42203.788059288876,42211.68731345609,1463.4540621487076
2024-02-11T19:00:00Z,42211.68731345609,42270.625878175626,42149.56971138996,42235.33118711831,1605.884659046445
2024-02-11T20:00:00Z,42235.33118711831,42321.6485952741,42186.13343454536,42300.23165502064,1589.071442403627
2024-02-11T21:00:00Z,42300.23165502064,42303.04030606303,42139.86162824894,42173.762960587585,1478.9429542294095
2024-02-11T22:00:00Z,42173.762960587585,42194.80937345722,42078.224300105554,42097.02146731726,1375.5783527290716
2024-02-11T23:00:00Z,42097.02146731726,42223.39035732593,42063.36689915389,42219.51332086731,959.6616977659523
2024-02-12T00:00:00Z,42219.51332086731,42224.302656438194,42154.46827980659,42211.03818394069,1545.4258861704548
2024-02-12T01:00:00Z,42211.03818394069,42235.735605493515,42203.5687557719,42232.097804999,926.5585065111327
2024-02-12T02:00:00Z,42232.097804999,42251.170862477964,42054.23778760701,42099.92998640458,1904.0538682434965
2024-02-12T03:00:00Z,42099.92998640458,42111.03467530271,41937.934400391656,41970.44342002095,1614.9648893967276
2024-02-12T04:00:00Z,41970.44342002095,42002.75541384934,41855.99753746594,41863.83584868066,1978.0417664609363
2024-02-12T05:00:00Z,41863.83584868066,41901.35814643249,41839.52726298229,41851.27579585356,844.2327047015519
2024-02-12T06:00:00Z,41851.27579585356,41880.47289668785,41838.19913267681,41866.29536464622,544.3401207846906
2024-02-12T07:00:00Z,41866.29536464622,41909.72224120669,41731.68272142997,41760.01682691366,921.6620447658202
2024-02-12T08:00:00Z,41760.01682691366,41766.13357816701,41700.64059405824,41721.43028115901,1646.2791765620232
2024-02-12T09:00:00Z,41721.43028115901,41794.370358802626,41706.71412419983,41733.242659574265,1959.9455375378045
2024-02-12T10:00:00Z,41733.242659574265,41884.463850902146,41709.113583623424,41873.42947930764,1824.7504824017594
2024-02-12T11:00:00Z,41873.42947930764,41915.503557840755,41737.05821299938,41789.897925615165,603.7507723487347
2024-02-12T12:00:00Z,41789.897925615165,41856.275327954325,41741.656260551754,41786.743147917834,1835.0877368506638
2024-02-12T13:00:00Z,41786.743147917834,41921.82483563377,41778.62587652092,41885.96794970756,1696.3356622864242
2024-02-12T14:00:00Z,41885.96794970756,42065.91098038204,41826.889181303384,42010.20961971742,1588.7658489695305
2024-02-12T15:00:00Z,42010.20961971742,42030.961694782745,41970.403650495085,41981.943779551904,1379.038917312001
2024-02-12T16:00:00Z,41981.943779551904,42122.42820712614,41934.86479223944,42056.215597509254,1659.1746341006567
2024-02-12T17:00:00Z,42056.215597509254,42069.12152979814,41981.828268133046,42015.8274180158,1100.6321365736453
2024-02-12T18:00:00Z,42015.8274180158,42061.39106055969,41919.263726402525,41957.88753652465,782.2653422532205
2024-02-12T19:00:00Z,41957.88753652465,42136.322817480286,41909.85449056096,42080.62539784847,574.1475846766102
2024-02-12T20:00:00Z,42080.62539784847,42182.82293736271,42072.27297483304,42109.76213602379,1959.4814883053311
2024-02-12T21:00:00Z,42109.76213602379,42147.373558360036,41980.17618639882,41993.1288438117,1829.0154071583331
2024-02-12T22:00:00Z,41993.1288438117,42059.47208330721,41926.79138688026,41960.05917184919,619.4057857449751
2024-02-12T23:00:00Z,41960.05917184919,41984.81864560334,41934.25433755223,41974.70894462279,968.1917999062945
2024-02-13T00:00:00Z,41974.70894462279,41999.15561644086,41806.216948108144,41865.600350212764,1009.9426688161543
2024-02-13T01:00:00Z,41865.600350212764,42078.10141269276,41863.28305054219,42006.355799117766,1505.720208497889
2024-02-13T02:00:00Z,42006.355799117766,42098.58742967032,41990.66807671206,42082.40335318611,825.0675382521865
2024-02-13T03:00:00Z,42082.40335318611,42176.57642159105,42037.8249328042,42169.08415243445,1447.8910399191586
2024-02-13T04:00:00Z,42169.08415243445,42220.06313541761,41972.08926181788,42024.87215801099,1149.7017680722383
2024-02-13T05:00:00Z,42024.87215801099,42077.322429902146,41971.22867332266,41998.95624028055,1187.546582459824
2024-02-13T06:00:00Z,41998.95624028055,42207.26829629178,41964.04495848342,42147.30817680103,1267.4299819696048
2024-02-13T07:00:00Z,42147.30817680103,42175.82100357506,41985.16144485331,41999.17637472364,753.8449508418411
2024-02-13T08:00:00Z,41999.17637472364,42064.32978376456,41914.601127682545,41982.18889025851,860.0258022738051
2024-02-13T09:00:00Z,41982.18889025851,41983.698078295085,41833.2583171796,41869.58353157572,1778.4942532319021
2024-02-13T10:00:00Z,41869.58353157572,42065.588640671405,41795.82337362608,42007.08958916439,1536.9055220599084
2024-02-13T11:00:00Z,42007.08958916439,42026.997480449536,41939.21641947017,41979.02878755244,1927.624557168205
2024-02-13T12:00:00Z,41979.02878755244,41992.073233862364,41851.65494021386,41924.92585233497,1478.3096239605864
2024-02-13T13:00:00Z,41924.92585233497,42039.744541077736,41854.21930640104,41995.68872478071,508.60775892180493
2024-02-13T14:00:00Z,41995.68872478071,42062.07707841067,41940.92533975536,41983.393221218015,1093.973077852649
2024-02-13T15:00:00Z,41983.393221218015,42115.80979925762,41922.58635539562,42094.63419684275,1620.7480175932956
2024-02-13T16:00:00Z,42094.63419684275,42236.23628803266,42085.73238930625,42177.24595380887,884.0144017520201
2024-02-13T17:00:00Z,42177.24595380887,42248.98666982527,42062.926117840034,42127.59537719852,1507.8296205867282
2024-02-13T18:00:00Z,42127.59537719852,42156.58073551675,41972.94732440578,41993.94623006868,1496.5499650316938
2024-02-13T19:00:00Z,41993.94623006868,42132.27107334339,41955.53169079654,42109.41515557972,910.7196064381186
2024-02-13T20:00:00Z,42109.41515557972,42153.15663585782,41961.16288739115,41966.01863383212,1946.4321581630768
2024-02-13T21:00:00Z,41966.01863383212,42019.17912059969,41870.46848250681,41916.38099297731,1579.0082312923687
2024-02-13T22:00:00Z,41916.38099297731,41918.23848229487,41871.0495496349,41890.12361285862,1356.3711019558343
2024-02-13T23:00:00Z,41890.12361285862,41956.99159367141,41834.52641518808,41936.35451635799,1364.5251312536257
2024-02-14T00:00:00Z,41936.35451635799,42064.999437389226,41901.741341402354,41997.14298388924,1943.3932002279378
2024-02-14T01:00:00Z,41997.14298388924,42019.649544176275,41853.93279799838,41859.33637917917,1501.214303985073
2024-02-14T02:00:00Z,41859.33637917917,41892.05776944967,41724.48609415953,41726.05498729209,1777.8869236233318
2024-02-14T03:00:00Z,41726.05498729209,41815.909956676885,41694.29753623042,41759.29743175212,748.7829491581074
2024-02-14T04:00:00Z,41759.29743175212,41807.44302909819,41623.14430339438,41684.5319347565,1347.1874756498735
2024-02-14T05:00:00Z,41684.5319347565,41714.41688371014,41577.821156185804,41637.67746037948,1875.2044849644983
2024-02-14T06:00:00Z,41637.67746037948,41689.807266205265,41610.270485457324,41683.018616701185,1271.3950950235703
2024-02-14T07:00:00Z,41683.018616701185,41715.9588688877,41605.96225199595,41631.49737415561,571.3393831139292
2024-02-14T08:00:00Z,41631.49737415561,41699.93247521581,41580.18850315822,41586.605200234495,1641.153624183528
2024-02-14T09:00:00Z,41586.605200234495,41635.78276140008,41486.339477968206,41494.66498817739,1170.8833837624065
2024-02-14T10:00:00Z,41494.66498817739,41541.01381060456,41444.727184473406,41451.823698073924,1484.88628957979
2024-02-14T11:00:00Z,41451.823698073924,41524.74729491508,41448.58522909196,41506.3351148392,1892.9388274518524
2024-02-14T12:00:00Z,41506.3351148392,41530.78023054347,41440.19012796702,41498.261337784556,804.6277840138096
2024-02-14T13:00:00Z,41498.261337784556,41692.20769581812,41495.08643620492,41637.79449379022,503.1545693482173
2024-02-14T14:00:00Z,41637.79449379022,41646.07741894184,41577.8634534978,41611.77553518245,1742.385125759589
2024-02-14T15:00:00Z,41611.77553518245,41654.26922546513,41595.4543921604,41595.486582768775,1098.65327957085
2024-02-14T16:00:00Z,41595.486582768775,41751.925693090074,41587.89817010855,41703.143964667426,1011.8312272224861
2024-02-14T17:00:00Z,41703.143964667426,41710.98151423067,41612.130678397814,41656.81764461715,1779.8893286765904
2024-02-14T18:00:00Z,41656.81764461715,41818.25293088931,41654.434666214824,41748.25105025361,1576.8350123317928
2024-02-14T19:00:00Z,41748.25105025361,41795.115317700176,41746.29043312758,41772.545051152796,541.1437906843403
2024-02-14T20:00:00Z,41772.545051152796,41811.64876642908,41660.45978608209,41683.869722635565,655.6869514126794
2024-02-14T21:00:00Z,41683.869722635565,41824.02909189783,41664.58599889625,41773.24158670727,503.4305100075117
2024-02-14T22:00:00Z,41773.24158670727,41857.42160604917,41714.86953234788,41806.30294573239,1698.3050924272763
2024-02-14T23:00:00Z,41806.30294573239,41875.816443280964,41764.61659445123,41775.63519296037,1471.7550939410569
2024-02-15T00:00:00Z,41775.63519296037,41843.062254477576,41663.72687279601,41674.9915510971,1862.577232012781
2024-02-15T01:00:00Z,41674.9915510971,41769.49282407998,41623.66036188276,41759.715727050774,1662.9083730964678
2024-02-15T02:00:00Z,41759.715727050774,41872.807326075264,41757.27590472981,41828.877713048416,1769.272937877696
2024-02-15T03:00:00Z,41828.877713048416,41843.52187559114,41702.05483059297,41755.363706611155,1039.6525353748389
2024-02-15T04:00:00Z,41755.363706611155,41764.76650000849,41569.69415077304,41638.609246358494,731.4575413979336
2024-02-15T05:00:00Z,41638.609246358494,41692.758524732504,41502.56202472461,41550.991013113846,599.6000542307991
2024-02-15T06:00:00Z,41550.991013113846,41629.700915789756,41519.054655846456,41592.68878402851,1462.39617989737
2024-02-15T07:00:00Z,41592.68878402851,41610.413744486155,41463.49993188548,41505.3679462758,1256.690522420514
2024-02-15T08:00:00Z,41505.3679462758,41553.62020929905,41491.28310489185,41547.53271405994,1712.8217711626503
2024-02-15T09:00:00Z,41547.53271405994,41620.83254960568,41479.92081313521,41584.74105568347,1200.1522878112196
2024-02-15T10:00:00Z,41584.74105568347,41615.19722469964,41501.76199207042,41514.17435906772,1199.9111888606276
2024-02-15T11:00:00Z,41514.17435906772,41605.12048835442,41489.18185334393,41596.16061521039,1141.271968728236
2024-02-15T12:00:00Z,41596.16061521039,41611.6435363712,41480.79240213266,41528.99864568955,835.4407353635194
2024-02-15T13:00:00Z,41528.99864568955,41600.01515610829,41348.66494690575,41402.17768297014,1849.6910602433834
2024-02-15T14:00:00Z,41402.17768297014,41424.14981840814,41224.69384512253,41266.68526777523,1658.5070893796774
2024-02-15T15:00:00Z,41266.68526777523,41327.25600585872,41086.10239371188,41128.19984772711,1972.8777057767118
2024-02-15T16:00:00Z,41128.19984772711,41129.47842444162,41100.346819926875,41127.35337123362,1647.24400554585
2024-02-15T17:00:00Z,41127.35337123362,41167.179202048515,41064.87186695247,41106.52112398867,1275.212221490043
2024-02-15T18:00:00Z,41106.52112398867,41121.23859971225,40920.527380145475,40984.889135535006,1439.6889428961815
2024-02-15T19:00:00Z,40984.889135535006,40993.182585678354,40885.30098056005,40947.34927471477,639.8833224536115
2024-02-15T20:00:00Z,40947.34927471477,40996.73392308273,40828.0590259227,40852.16384343127,908.7735854644043
2024-02-15T21:00:00Z,40852.16384343127,40874.02296591115,40717.11955785597,40790.40840909587,1718.8151788660168
2024-02-15T22:00:00Z,40790.40840909587,40971.463878974464,40785.73760340182,40939.82122695339,1159.33880260374
2024-02-15T23:00:00Z,40939.82122695339,40982.47061259708,40860.87868062661,40907.14251242665,1787.3128769659684
2024-02-16T00:00:00Z,40907.14251242665,40911.469047129205,40851.666046202976,40896.927498962505,1781.228100038184
2024-02-16T01:00:00Z,40896.927498962505,40936.93218958781,40736.05818321976,40791.5377110614,738.5477700335188
2024-02-16T02:00:00Z,40791.5377110614,40826.86012154355,40753.11106353577,40778.44849307871,691.8146426748425
2024-02-16T03:00:00Z,40778.44849307871,40818.689663792815,40680.06530575709,40691.21165622749,624.6318559789263
2024-02-16T04:00:00Z,40691.21165622749,40888.25407657469,40675.79136606365,40835.823600198026,1769.1938237071547
2024-02-16T05:00:00Z,40835.823600198026,40998.86741373607,40767.67688647893,40931.23114460013,1270.3453761830885
2024-02-16T06:00:00Z,40931.23114460013,40968.30732037991,40819.24070551367,40848.40729637642,1406.1545849751178
2024-02-16T07:00:00Z,40848.40729637642,40901.118669949734,40756.3235434656,40800.99453122106,780.5519751056934
2024-02-16T08:00:00Z,40800.99453122106,40808.89502893588,40712.38376160049,40717.684291125406,1422.321344034282
2024-02-16T09:00:00Z,40717.684291125406,40860.6292061735,40681.402658528714,40852.89092559879,1384.1408251477483
2024-02-16T10:00:00Z,40852.89092559879,40924.26548441396,40774.89837852834,40780.975151542894,1806.0006848292956
2024-02-16T11:00:00Z,40780.975151542894,40909.23649717828,40749.30999950043,40836.30288850381,1815.143232033339
2024-02-16T12:00:00Z,40836.30288850381,40870.38822085088,40668.415247946214,40732.361770290496,1029.004762602979
2024-02-16T13:00:00Z,40732.361770290496,40774.593726736326,40667.946617513866,40715.31185624692,1782.5658288786817
2024-02-16T14:00:00Z,40715.31185624692,40746.17963868355,40688.0247246298,40710.95583326915,548.4595226407636
2024-02-16T15:00:00Z,40710.95583326915,40822.13750965979,40667.96706134034,40817.85397299624,554.6203627208055
2024-02-16T16:00:00Z,40817.85397299624,40905.68445015437,40799.82142942455,40882.47777115225,938.4071099710295
2024-02-16T17:00:00Z,40882.47777115225,40946.78138462569,40784.320564896276,40849.345458470285,811.7789011919858
2024-02-16T18:00:00Z,40849.345458470285,40911.36235154276,40730.20757666552,40777.32420173785,612.5066921306936
2024-02-16T19:00:00Z,40777.32420173785,40778.55420865188,40748.118333794795,40768.24477547256,775.1126410815957
2024-02-16T20:00:00Z,40768.24477547256,40775.969013340975,40654.72450042001,40685.06304162126,774.9373730557327
2024-02-16T21:00:00Z,40685.06304162126,40853.50866326863,40628.52282617767,40812.99110666433,715.9257952993478
2024-02-16T22:00:00Z,40812.99110666433,40846.2477897551,40663.25515063522,40708.46181776211,1434.5492966021334
2024-02-16T23:00:00Z,40708.46181776211,40713.65443794389,40528.37180772382,40563.768025879355,1367.9169039180933
2024-02-17T00:00:00Z,40563.768025879355,40625.32647607617,40532.94527229397,40569.02312301579,658.8136818311264
2024-02-17T01:00:00Z,40569.02312301579,40696.85034798589,40562.188811557775,40657.023700252445,1268.3162300893305
2024-02-17T02:00:00Z,40657.023700252445,40680.32452406879,40630.0828566947,40670.38061326896,1839.4848491721027
2024-02-17T03:00:00Z,40670.38061326896,40771.97892656545,40621.49999770311,40710.716205537494,1499.9654057643406
2024-02-17T04:00:00Z,40710.716205537494,40868.07817296842,40671.92680978013,40811.13440667054,1340.9685247613006
2024-02-17T05:00:00Z,40811.13440667054,40844.18663439522,40791.469498132916,40834.9169382726,591.4823577512897
2024-02-17T06:00:00Z,40834.9169382726,40875.121987613784,40718.49402768523,40729.62703900676,906.8897815090795
2024-02-17T07:00:00Z,40729.62703900676,40737.688560917246,40641.58949750965,40693.026251822645,1922.8582968948201
2024-02-17T08:00:00Z,40693.026251822645,40717.20694823624,40656.55596206888,40664.78685751557,1024.9113874112536
2024-02-17T09:00:00Z,40664.78685751557,40847.22360139309,40602.74504075765,40782.486777388454,1599.1100162335042
2024-02-17T10:00:00Z,40782.486777388454,40813.95368189585,40611.78827158761,40637.174499804954,918.7187140856133
2024-02-17T11:00:00Z,40637.174499804954,40805.73366418302,40579.754786702695,40753.030737427165,705.2830396012894
2024-02-17T12:00:00Z,40753.030737427165,40827.23264172754,40722.838705280556,40763.73404218456,1360.9231753233253
2024-02-17T13:00:00Z,40763.73404218456,40809.89826306664,40589.762696991354,40622.75756988149,1371.5862880410486
2024-02-17T14:00:00Z,40622.75756988149,40717.03909775254,40589.58218205371,40671.771115742944,1635.5076545194668
2024-02-17T15:00:00Z,40671.771115742944,40674.65907579202,40516.49365543377,40528.87721238086,746.7885045750975
2024-02-17T16:00:00Z,40528.87721238086,40560.301250712175,40486.38812326124,40499.42956673053,1867.7736370950636
2024-02-17T17:00:00Z,40499.42956673053,40553.78345038994,40433.045426838755,40541.03782316473,1367.6774114382706
2024-02-17T18:00:00Z,40541.03782316473,40671.767242028414,40490.45492493621,40653.97057052161,990.3284152610613
2024-02-17T19:00:00Z,40653.97057052161,40791.871758782676,40580.95140868345,40721.79667149709,1346.4894539697011
2024-02-17T20:00:00Z,40721.79667149709,40780.25189762751,40537.383816137495,40607.29995156432,1118.8613131947213
2024-02-17T21:00:00Z,40607.29995156432,40641.007266921035,40540.25460871173,40555.79030274457,999.2204177090421
2024-02-17T22:00:00Z,40555.79030274457,40595.987263416326,40469.52398593479,40507.93863692144,1379.7026729698425
2024-02-17T23:00:00Z,40507.93863692144,40577.06803742344,40505.069831057386,40514.81907043281,1880.4293425069213
2024-02-18T00:00:00Z,40514.81907043281,40575.494233736616,40331.19680012187,40379.97580552628,1672.1095211770953
2024-02-18T01:00:00Z,40379.97580552628,40414.15566884189,40347.67471128407,40399.165648810354,1727.7321124617104
2024-02-18T02:00:00Z,40399.165648810354,40408.513054022005,40341.87648047087,40368.93667689772,1341.726081592849
2024-02-18T03:00:00Z,40368.93667689772,40385.295686531965,40204.019831239915,40236.41710181547,609.7868112603564
2024-02-18T04:00:00Z,40236.41710181547,40238.39251659638,40163.86005992526,40177.68002114233,1640.5452230990288
2024-02-18T05:00:00Z,40177.68002114233,40217.22871913018,40023.12429395507,40041.10898959639,1469.5395355719274
2024-02-18T06:00:00Z,40041.10898959639,40088.273362815045,39900.87071912654,39958.72079470425,1218.484939763509
2024-02-18T07:00:00Z,39958.72079470425,39962.184000848225,39830.297478849876,39885.346647410974,1483.7277267120285
2024-02-18T08:00:00Z,39885.346647410974,39891.027190872956,39807.59275776461,39810.24655860355,1834.0387266309763
2024-02-18T09:00:00Z,39810.24655860355,39899.36118709904,39761.93585374189,39870.84859656262,1213.901591379606
2024-02-18T10:00:00Z,39870.84859656262,40019.03377479545,39860.907990349115,39991.83122704482,891.2726996623107
2024-02-18T11:00:00Z,39991.83122704482,40064.34419389977,39946.48645454835,40063.71475783635,1406.2005137263172
2024-02-18T12:00:00Z,40063.71475783635,40107.515972919384,39953.382765361945,40003.2012007197,505.7764217713743
2024-02-18T13:00:00Z,40003.2012007197,40014.310034029055,39904.848309227615,39931.21402245773,1375.325360487503
2024-02-18T14:00:00Z,39931.21402245773,39996.53842608005,39836.796997958205,39853.63500942521,740.7794894631338
2024-02-18T15:00:00Z,39853.63500942521,40033.96824319385,39786.38147214677,39989.31065092665,1742.7536279254168
2024-02-18T16:00:00Z,39989.31065092665,40035.225492205835,39880.930675016476,39950.21760029634,1534.5447723301763
2024-02-18T17:00:00Z,39950.21760029634,39960.042589971315,39790.35984695136,39836.05400589281,996.8050360944039
2024-02-18T18:00:00Z,39836.05400589281,39869.22693094012,39827.13043767164,39861.608080194186,641.7149045981188
2024-02-18T19:00:00Z,39861.608080194186,39958.127040329986,39806.19895951861,39887.69332830004,1749.1429659272073
2024-02-18T20:00:00Z,39887.69332830004,39934.4182556508,39848.85824554112,39886.7918258876,602.7446251072766
2024-02-18T21:00:00Z,39886.7918258876,39938.407547415656,39732.129551911516,39803.76220593723,1714.9281933539241
2024-02-18T22:00:00Z,39803.76220593723,39849.266925673255,39725.31738986505,39732.70064329372,1006.8470286703703
2024-02-18T23:00:00Z,39732.70064329372,39799.75813936535,39589.71067137669,39600.979436573325,1012.3948216937797
2024-02-19T00:00:00Z,39600.979436573325,39764.34181215146,39588.403753404724,39737.48769506373,1233.7177631572808
2024-02-19T01:00:00Z,39737.48769506373,39749.20529758279,39670.064382389275,39725.873638105586,735.5248464885177
2024-02-19T02:00:00Z,39725.873638105586,39754.925360716225,39570.770315441485,39592.180384758016,1825.5931276178999
2024-02-19T03:00:00Z,39592.180384758016,39659.637601944334,39534.0864570752,39564.4423155686,1270.61939033797
2024-02-19T04:00:00Z,39564.4423155686,39691.7705205186,39543.93408782259,39657.455276426095,1806.6941211581827
2024-02-19T05:00:00Z,39657.455276426095,39816.72310904572,39585.22835061801,39763.85999833137,1153.669882306523
2024-02-19T06:00:00Z,39763.85999833137,39855.07187036301,39758.02533797518,39851.03444754046,1480.468429989477
2024-02-19T07:00:00Z,39851.03444754046,39926.840719929554,39811.994989194136,39921.8176535117,732.4673530161949
2024-02-19T08:00:00Z,39921.8176535117,39963.56175692984,39769.34597508749,39814.165605371614,1787.1542451807613
2024-02-19T09:00:00Z,39814.165605371614,39867.152522668264,39687.98750959157,39707.83273080785,1721.3570362119792
2024-02-19T10:00:00Z,39707.83273080785,39739.972675997444,39690.88821407328,39698.575649776576,1991.4762227563706
2024-02-19T11:00:00Z,39698.575649776576,39736.74893188238,39666.209630668665,39689.61932681022,1214.8876010416916
2024-02-19T12:00:00Z,39689.61932681022,39724.02730372542,39574.20571493827,39596.853258537376,921.3208207445298
2024-02-19T13:00:00Z,39596.853258537376,39661.88280494238,39553.52418888827,39660.6294832749,541.8007226730791
2024-02-19T14:00:00Z,39660.6294832749,39704.197234509185,39594.142621897525,39672.742612173635,1579.5006079978918
2024-02-19T15:00:00Z,39672.742612173635,39683.038749741725,39623.01077824469,39662.35568592981,917.6747588340545
2024-02-19T16:00:00Z,39662.35568592981,39733.83530818,39613.633594403334,39654.86363051936,1210.4928197861238
2024-02-19T17:00:00Z,39654.86363051936,39677.0161021319,39510.55341048621,39519.52601896185,837.9317315774265
2024-02-19T18:00:00Z,39519.52601896185,39587.8668669906,39478.44287650552,39549.97337180213,724.9760315451382
2024-02-19T19:00:00Z,39549.97337180213,39612.07206341983,39414.03377519366,39439.88023657288,506.8155968129806
2024-02-19T20:00:00Z,39439.88023657288,39467.36717067431,39405.24853751031,39424.98027611885,1478.993035136624
2024-02-19T21:00:00Z,39424.98027611885,39559.17956313613,39362.46511186283,39500.78150366428,1528.7867591903594
2024-02-19T22:00:00Z,39500.78150366428,39642.695481732095,39500.457587810844,39581.49729808132,1006.7914281842744
2024-02-19T23:00:00Z,39581.49729808132,39699.42007515047,39529.6582433815,39631.75246374896,1218.0270719445318
2024-02-20T00:00:00Z,39631.75246374896,39690.32391430558,39482.487685872075,39503.662605279475,1214.4836903143123
2024-02-20T01:00:00Z,39503.662605279475,39563.93737545911,39413.44971126439,39459.63719168771,1832.9879879202547
2024-02-20T02:00:00Z,39459.63719168771,39601.611474392485,39419.47361610186,39543.317179116246,1273.3453788825936
2024-02-20T03:00:00Z,39543.317179116246,39553.08195141283,39373.207687021546,39445.552831356064,806.5494148197373
2024-02-20T04:00:00Z,39445.552831356064,39518.10539877923,39399.92546328659,39400.27667252253,1196.9274535620098
2024-02-20T05:00:00Z,39400.27667252253,39608.47811482698,39396.41799232684,39539.51818064751,790.9191575297573
2024-02-20T06:00:00Z,39539.51818064751,39698.92316283579,39535.580295000225,39655.03348616874,1211.9385361872262
2024-02-20T07:00:00Z,39655.03348616874,39701.372238343574,39514.79236251796,39531.30201039042,1840.8111674703612
2024-02-20T08:00:00Z,39531.30201039042,39706.95822878899,39495.85173467998,39642.536430542794,1461.3088099888498
2024-02-20T09:00:00Z,39642.536430542794,39653.10235595441,39539.384063408426,39605.31181871571,1656.9915220323699
2024-02-20T10:00:00Z,39605.31181871571,39736.34575342483,39544.88853063532,39700.14610324562,652.8288445468855
2024-02-20T11:00:00Z,39700.14610324562,39742.28311771322,39671.65629371588,39722.81082708993,1944.5952386992267
2024-02-20T12:00:00Z,39722.81082708993,39744.747879115224,39696.390568594354,39701.4186238389,1657.7969472774857
2024-02-20T13:00:00Z,39701.4186238389,39762.39075654476,39621.36339107507,39682.80854990455,671.7718051677992
2024-02-20T14:00:00Z,39682.80854990455,39799.80908963161,39662.96237259509,39792.619932552225,1503.9528727948816
2024-02-20T15:00:00Z,39792.619932552225,39830.1165215945,39581.10819770645,39653.49001989289,923.2979274662689
2024-02-20T16:00:00Z,39653.49001989289,39713.29813198806,39450.37278031069,39509.1395983392,755.8542475227497
2024-02-20T17:00:00Z,39509.1395983392,39542.522006793355,39359.78910495905,39402.14902550597,1158.7719595519757
2024-02-20T18:00:00Z,39402.14902550597,39405.13451099792,39294.60460725372,39299.62822836797,1388.1092379167185
2024-02-20T19:00:00Z,39299.62822836797,39407.340481009815,39268.14435911388,39406.446000142656,1246.7809016123856
2024-02-20T20:00:00Z,39406.446000142656,39430.98064144016,39359.96022427898,39416.56878659686,835.680099481628
2024-02-20T21:00:00Z,39416.56878659686,39421.07587291143,39290.30552066293,39310.16728234997,859.9788725003367
2024-02-20T22:00:00Z,39310.16728234997,39382.650765001454,39249.39488864042,39302.63521087493,974.1819297892838
2024-02-20T23:00:00Z,39302.63521087493,39360.81005740073,39236.835767884695,39319.358073146264,1922.9590631190895
2024-02-21T00:00:00Z,39319.358073146264,39322.163775720495,39127.079765293165,39195.704768266434,1593.43164690243
2024-02-21T01:00:00Z,39195.704768266434,39217.293101107905,39076.66512702766,39114.17951828636,1670.3349674951373
2024-02-21T02:00:00Z,39114.17951828636,39172.76707913883,39024.44914090446,39072.869947888896,789.0894514800207
2024-02-21T03:00:00Z,39072.869947888896,39105.6701963177,39009.383317162494,39051.51793422617,642.6238597240384
2024-02-21T04:00:00Z,39051.51793422617,39053.4462328455,39001.01274314591,39002.82218265318,923.1997032527918
2024-02-21T05:00:00Z,39002.82218265318,39060.38254580581,38993.36492190871,39006.0685564191,979.5938003930628
2024-02-21T06:00:00Z,39006.0685564191,39069.4556978933,38923.798070821525,38974.959061725014,1694.825982071645
2024-02-21T07:00:00Z,38974.959061725014,38993.30344900038,38952.01535198707,38963.59176033405,954.1814225035184
2024-02-21T08:00:00Z,38963.59176033405,39029.75693800112,38796.550622033275,38834.41451741182,644.3767614058731
2024-02-21T09:00:00Z,38834.41451741182,38863.69520701813,38723.65753271759,38749.49758018366,572.6600932644026
2024-02-21T10:00:00Z,38749.49758018366,38920.42921386998,38678.081118204806,38889.536788930374,1453.7182974175257
2024-02-21T11:00:00Z,38889.536788930374,39039.896976733246,38854.13297988473,38977.64510794412,1125.7925172180367
2024-02-21T12:00:00Z,38977.64510794412,38987.57688179992,38835.32485507032,38881.11202040576,898.5599595066892
2024-02-21T13:00:00Z,38881.11202040576,38904.58097747158,38762.75263042517,38826.70708489465,1839.058230193994
2024-02-21T14:00:00Z,38826.70708489465,38863.866085517635,38766.69961496491,38784.10810005049,1542.8520486911202
2024-02-21T15:00:00Z,38784.10810005049,38820.279857395624,38717.542436881115,38817.49189360073,1066.6427978904267
2024-02-21T16:00:00Z,38817.49189360073,38837.04742099338,38655.03607553663,38722.33606501184,1443.1191833045855
2024-02-21T17:00:00Z,38722.33606501184,38765.12822189925,38598.172367639265,38658.23640118554,1178.7179830532186
2024-02-21T18:00:00Z,38658.23640118554,38726.175237696094,38586.705368140916,38713.25656378177,1852.0331972407967
2024-02-21T19:00:00Z,38713.25656378177,38734.8573376378,38517.39800147164,38583.161475511,963.6725023087508
2024-02-21T20:00:00Z,38583.161475511,38735.75491022144,38574.94226194602,38710.55745670946,1792.7309254151114
2024-02-21T21:00:00Z,38710.55745670946,38779.622096810606,38607.36366568095,38661.93697378891,1552.7506191153564
2024-02-21T22:00:00Z,38661.93697378891,38794.13772863254,38635.961209807625,38771.979189480284,1490.931108854254
2024-02-21T23:00:00Z,38771.979189480284,38786.8439369824,38661.25374132306,38666.07202827722,981.3019437448454
2024-02-22T00:00:00Z,38666.07202827722,38736.41093117638,38590.027636046034,38602.6783116362,1405.2641472990704
2024-02-22T01:00:00Z,38602.6783116362,38643.82051337601,38521.39025076053,38544.45509167658,1278.43768559959
2024-02-22T02:00:00Z,38544.45509167658,38580.43228876244,38364.03968602477,38418.64688005812,1852.9515440787595
2024-02-22T03:00:00Z,38418.64688005812,38469.6829350372,38358.37113015393,38413.131018764594,785.4454688656219
2024-02-22T04:00:00Z,38413.131018764594,38550.50377423073,38364.271489080915,38493.80144976048,1301.427746028478
2024-02-22T05:00:00Z,38493.80144976048,38676.24152046997,38433.73811463772,38603.21728542389,1802.1953786323709
2024-02-22T06:00:00Z,38603.21728542389,38609.522846007974,38500.447496111075,38561.70688304921,1586.8271157061145
2024-02-22T07:00:00Z,38561.70688304921,38676.45332809009,38497.50835901985,38661.92851141535,952.3056061114703
2024-02-22T08:00:00Z,38661.92851141535,38701.99250406144,38626.40533182696,38691.204667617596,1234.139129003336
2024-02-22T09:00:00Z,38691.204667617596,38757.828322929905,38652.49874643905,38664.39134813229,1474.953394233169
2024-02-22T10:00:00Z,38664.39134813229,38838.198532039714,38646.6667736139,38772.21306214061,812.5004645415893
2024-02-22T11:00:00Z,38772.21306214061,38814.856124513506,38623.284885154215,38627.31517471817,625.7250143104035
2024-02-22T12:00:00Z,38627.31517471817,38749.39563278808,38559.19420347247,38744.15937914245,1012.5644844078616
2024-02-22T13:00:00Z,38744.15937914245,38762.492551749216,38550.08387289224,38609.18610410195,1358.597566849047
2024-02-22T14:00:00Z,38609.18610410195,38645.419909752156,38436.761837393424,38475.54033576408,1028.7448575554797
2024-02-22T15:00:00Z,38475.54033576408,38482.23429816264,38297.37598679465,38363.695309215895,1669.465627852024
2024-02-22T16:00:00Z,38363.695309215895,38483.24348779056,38319.16145021976,38425.13962519358,1496.4035712576047
2024-02-22T17:00:00Z,38425.13962519358,38574.643340791146,38405.70622631928,38520.37122595646,1646.4550223383967
2024-02-22T18:00:00Z,38520.37122595646,38611.854161810035,38487.137488478125,38590.81248578423,1238.6535810519572
2024-02-22T19:00:00Z,38590.81248578423,38755.212749031816,38531.76927690039,38703.31703747304,932.6436560754805
2024-02-22T20:00:00Z,38703.31703747304,38901.94113901162,38656.059534866,38837.733369527596,1635.211377741936
2024-02-22T21:00:00Z,38837.733369527596,38988.052050332786,38806.00663813232,38942.63079265664,1302.002155008133
2024-02-22T22:00:00Z,38942.63079265664,38957.84957203724,38778.83302384111,38821.012097866726,1490.5609180881202
2024-02-22T23:00:00Z,38821.012097866726,38998.15841895032,38757.38343267113,38962.604165950754,1560.587024503905
2024-02-23T00:00:00Z,38962.604165950754,39075.43028133948,38903.14419362805,39006.10033553063,937.7879059271481
2024-02-23T01:00:00Z,39006.10033553063,39153.090148091695,38992.27630021679,39132.406925456344,1069.185219306649
2024-02-23T02:00:00Z,39132.406925456344,39200.11911488408,39092.49027628698,39115.182629319446,1600.883288883016
2024-02-23T03:00:00Z,39115.182629319446,39225.393048914666,39051.306729426215,39214.368459046345,1085.4747022202664
2024-02-23T04:00:00Z,39214.368459046345,39225.935307397354,39103.166622588455,39156.788765747544,518.4690402964955
2024-02-23T05:00:00Z,39156.788765747544,39301.47928552132,39151.6958691339,39241.368521956094,799.5058607945621
2024-02-23T06:00:00Z,39241.368521956094,39343.29307930714,39234.60977214537,39313.339896584985,1856.9379044218626
2024-02-23T07:00:00Z,39313.339896584985,39479.734331488886,39303.50172302943,39451.97233658348,560.5728563930128
2024-02-23T08:00:00Z,39451.97233658348,39577.09929716422,39451.16222601027,39509.3094592325,1223.5376753144901
2024-02-23T09:00:00Z,39509.3094592325,39533.1634863727,39456.07347796195,39464.43633919275,1760.0974353422414
2024-02-23T10:00:00Z,39464.43633919275,39520.261067758314,39390.70867189239,39465.12562644448,962.8798972358018
2024-02-23T11:00:00Z,39465.12562644448,39663.331819493746,39405.242918709075,39609.721967238016,1640.1527685465742
2024-02-23T12:00:00Z,39609.721967238016,39645.335053308765,39548.3849932579,39600.88116188848,912.2978597059548
2024-02-23T13:00:00Z,39600.88116188848,39667.61714585569,39551.14693458249,39562.69081438415,1204.250749996552
2024-02-23T14:00:00Z,39562.69081438415,39577.90315365198,39460.09113519218,39524.103442248226,807.974732696413
2024-02-23T15:00:00Z,39524.103442248226,39616.975375393195,39505.2349771396,39589.9863048334,1105.0941205984536
2024-02-23T16:00:00Z,39589.9863048334,39620.396050780386,39455.78197835885,39475.95893746737,940.7480559280623
2024-02-23T17:00:00Z,39475.95893746737,39622.462462511176,39462.98845579976,39592.21903676772,1451.3987803846535
2024-02-23T18:00:00Z,39592.21903676772,39692.46447545998,39522.66905898592,39633.78540191401,1163.5049241668273
2024-02-23T19:00:00Z,39633.78540191401,39750.07490641433,39582.42644291928,39683.72420146383,1437.3517975439531
2024-02-23T20:00:00Z,39683.72420146383,39728.41577702785,39637.24600238082,39687.21860193505,582.5276663730519
2024-02-23T21:00:00Z,39687.21860193505,39848.0660453018,39682.91964996846,39773.89989959633,1097.5363571543214
2024-02-23T22:00:00Z,39773.89989959633,39889.20463385592,39735.21877671674,39843.448338280614,1937.2788492513139
2024-02-23T23:00:00Z,39843.448338280614,40025.17387578844,39779.67172626929,39952.46395864988,1822.067852199284
2024-02-24T00:00:00Z,39952.46395864988,39978.21525429771,39796.26491534661,39870.31618667951,1598.91354254022
2024-02-24T01:00:00Z,39870.31618667951,39882.895823048755,39671.016185122826,39723.052503357125,1047.6208524103895
2024-02-24T02:00:00Z,39723.052503357125,39800.54295619194,39686.13279955618,39751.93039126347,1892.7818667334075
2024-02-24T03:00:00Z,39751.93039126347,39790.41283995,39628.25238222011,39643.746889080016,1370.3345601227177
2024-02-24T04:00:00Z,39643.746889080016,39661.90245229257,39519.71191471784,39578.087000758256,833.485132934542
2024-02-24T05:00:00Z,39578.087000758256,39611.86172644659,39464.65784258355,39480.84002085385,522.6563259044758
2024-02-24T06:00:00Z,39480.84002085385,39534.55629261356,39446.55301558149,39532.42646131007,1037.9818507222203
2024-02-24T07:00:00Z,39532.42646131007,39560.426325520886,39424.915464303485,39428.90594906517,548.1923828468923
2024-02-24T08:00:00Z,39428.90594906517,39455.30975040667,39282.09547056164,39342.27374628327,1071.9014848113138
2024-02-24T09:00:00Z,39342.27374628327,39412.325279619,39250.559351417956,39308.058302001555,886.1818103995195
2024-02-24T10:00:00Z,39308.058302001555,39329.36547725744,39257.77749205315,39308.48620316461,1610.8245269094023
2024-02-24T11:00:00Z,39308.48620316461,39355.14725060782,39231.01113504694,39231.331114195986,589.5294987132281
2024-02-24T12:00:00Z,39231.331114195986,39288.50867785321,39184.48504336729,39210.041192882556,814.0733148241377
2024-02-24T13:00:00Z,39210.041192882556,39362.8581069637,39199.988127733326,39299.88524150248,1502.0333848003975
2024-02-24T14:00:00Z,39299.88524150248,39487.17881206852,39228.42102566845,39412.24861873782,1376.2318941529593
2024-02-24T15:00:00Z,39412.24861873782,39455.18523201402,39307.320313277305,39308.49576767729,1635.3229338866154
2024-02-24T16:00:00Z,39308.49576767729,39481.587071612325,39278.70477163318,39444.075522295425,1948.1249299482395
2024-02-24T17:00:00Z,39444.075522295425,39514.51117933586,39394.170460888854,39405.014847136285,1335.2984690964283
2024-02-24T18:00:00Z,39405.014847136285,39411.34559050184,39394.52044681343,39408.31205975502,904.8392057289088
2024-02-24T19:00:00Z,39408.31205975502,39444.30888320801,39393.53726117088,39433.62830157082,1050.770024264948
2024-02-24T20:00:00Z,39433.62830157082,39482.99335814981,39423.19032837917,39439.09850268165,1611.6549318375587
2024-02-24T21:00:00Z,39439.09850268165,39609.35204647174,39412.81633399992,39551.43993421519,846.7934618562754
2024-02-24T22:00:00Z,39551.43993421519,39551.69079303606,39496.66404250291,39520.878462756315,1826.4119701771956
2024-02-24T23:00:00Z,39520.878462756315,39539.76654460627,39472.34124357507,39499.07296933849,958.4213477752633
2024-02-25T00:00:00Z,39499.07296933849,39551.19241154241,39446.68660295561,39474.04744265587,1897.1160755884262
2024-02-25T01:00:00Z,39474.04744265587,39475.68002287217,39296.78907243535,39325.99787120183,955.1884229426934
2024-02-25T02:00:00Z,39325.99787120183,39435.451638467515,39256.917580760455,39420.79815844643,920.1680656007511
2024-02-25T03:00:00Z,39420.79815844643,39496.05756390459,39360.743526757506,39473.84418353197,786.420457132321
2024-02-25T04:00:00Z,39473.84418353197,39514.70243083384,39422.70913446619,39492.7839122048,691.6066909245992
2024-02-25T05:00:00Z,39492.7839122048,39497.24339642594,39420.724699716025,39479.62522160479,1093.1876663157757
2024-02-25T06:00:00Z,39479.62522160479,39580.67102412919,39459.64686019182,39573.797075917006,676.501525474011
2024-02-25T07:00:00Z,39573.797075917006,39698.90717285397,39546.90973690234,39684.679232287745,1042.2478596957776
2024-02-25T08:00:00Z,39684.679232287745,39821.58170613894,39658.03161276244,39782.01017051735,1565.99576752801
2024-02-25T09:00:00Z,39782.01017051735,39794.218357075224,39721.140346489025,39746.59707934724,736.9150345277546
2024-02-25T10:00:00Z,39746.59707934724,39785.35940336806,39679.13600085317,39755.189531964985,1982.1855014855737
2024-02-25T11:00:00Z,39755.189531964985,39825.62514596633,39738.41037081703,39799.64265442788,1485.8695898581236
2024-02-25T12:00:00Z,39799.64265442788,39895.85067113368,39763.37502241043,39887.32765559871,1524.8722128118916
2024-02-25T13:00:00Z,39887.32765559871,39929.24027958553,39761.5023476501,39801.08128312692,571.7785658570399
2024-02-25T14:00:00Z,39801.08128312692,39982.15494690414,39772.75845044381,39941.63019969902,1710.4894710328497
2024-02-25T15:00:00Z,39941.63019969902,40138.1266204732,39910.89326837613,40079.09367231856,1226.3392350134695
2024-02-25T16:00:00Z,40079.09367231856,40148.21452716198,40030.4851590357,40093.271436649826,1478.09011191378
2024-02-25T17:00:00Z,40093.271436649826,40173.44394159191,40051.18302103525,40109.53419808903,1737.8584198697986
2024-02-25T18:00:00Z,40109.53419808903,40182.27480190793,40021.68589629143,40091.716164063386,1067.7323763801105
2024-02-25T19:00:00Z,40091.716164063386,40112.926157367074,39973.23816588786,40035.915784380246,1512.8547727511293
2024-02-25T20:00:00Z,40035.915784380246,40177.30315902365,40004.40786828734,40165.73827192236,1089.408216172352
2024-02-25T21:00:00Z,40165.73827192236,40189.18405631618,40092.59589416489,40157.5002043718,653.0436817875727
2024-02-25T22:00:00Z,40157.5002043718,40259.88694041509,40096.53108136637,40189.44876795611,1878.643578440073
2024-02-25T23:00:00Z,40189.44876795611,40253.27407600106,40133.4649743222,40145.309544084295,1879.4476845870338
2024-02-26T00:00:00Z,40145.309544084295,40291.62281208173,40115.8637997769,40252.14486133932,1122.845683175284
2024-02-26T01:00:00Z,40252.14486133932,40301.52007086046,40114.31651265764,40122.800022826304,1357.4823573750227
2024-02-26T02:00:00Z,40122.800022826304,40156.39197704175,39977.130507014976,40038.65504931157,1253.975531943419
2024-02-26T03:00:00Z,40038.65504931157,40062.221348616826,39931.794633511505,39980.20323982952,849.3874740489425
2024-02-26T04:00:00Z,39980.20323982952,40112.91295671235,39944.11878333225,40112.19533358174,866.4433633688889
2024-02-26T05:00:00Z,40112.19533358174,40200.17464829862,40107.33824143919,40188.58293331619,1846.3523280126158
2024-02-26T06:00:00Z,40188.58293331619,40303.11315392647,40159.68572780996,40275.05280454609,803.8696895871021
2024-02-26T07:00:00Z,40275.05280454609,40431.15985599525,40233.05119597673,40413.2643256501,1958.7273750307286
2024-02-26T08:00:00Z,40413.2643256501,40465.62836929914,40412.69374260308,40431.20160947259,688.6067658777584
2024-02-26T09:00:00Z,40431.20160947259,40495.965574060545,40380.8614301676,40385.021340390944,1558.3181276212347
2024-02-26T10:00:00Z,40385.021340390944,40385.40688697135,40240.19738405254,40258.4972614656,594.5002668254485
2024-02-26T11:00:00Z,40258.4972614656,40304.662402119364,40202.16275089274,40204.137903335686,1783.6225687282135
2024-02-26T12:00:00Z,40204.137903335686,40403.87846046542,40140.704862406914,40352.83688508846,904.9345420783695
2024-02-26T13:00:00Z,40352.83688508846,40401.36176965401,40234.53126567504,40271.32137683708,1758.0088983156406
2024-02-26T14:00:00Z,40271.32137683708,40351.48172242308,40217.26450739915,40329.6907588396,776.851715949754
2024-02-26T15:00:00Z,40329.6907588396,40496.56796162004,40275.54991782414,40477.21344911045,920.4742077856533
2024-02-26T16:00:00Z,40477.21344911045,40484.926264728434,40359.45119798121,40392.84254403075,1215.9891920259588
2024-02-26T17:00:00Z,40392.84254403075,40563.342949551,40326.808244197025,40503.92810126563,979.5918947715058
2024-02-26T18:00:00Z,40503.92810126563,40636.97518015457,40496.90025831137,40575.409738802606,1912.4956601713488
2024-02-26T19:00:00Z,40575.409738802606,40727.476263773904,40523.27756033688,40715.512423990804,906.1419284129647
2024-02-26T20:00:00Z,40715.512423990804,40718.86753558944,40606.57049131567,40655.1700358393,1440.8885524805153
2024-02-26T21:00:00Z,40655.1700358393,40725.759918644406,40608.513330060414,40713.273569881,1484.6440251069548
2024-02-26T22:00:00Z,40713.273569881,40784.67820745906,40621.566617845994,40649.983375378186,573.5865235286124
2024-02-26T23:00:00Z,40649.983375378186,40803.618716792895,40649.73904344601,40787.91485900552,1091.217695413794
2024-02-27T00:00:00Z,40787.91485900552,40808.65481052823,40620.90424016003,40657.141233300295,1516.3316814132554
2024-02-27T01:00:00Z,40657.141233300295,40658.28871002422,40625.34445096551,40628.44133700874,1213.691703554674
2024-02-27T02:00:00Z,40628.44133700874,40663.461537352094,40480.6232158476,40524.032591554016,1493.2668919125435
2024-02-27T03:00:00Z,40524.032591554016,40706.66566074844,40449.352140794275,40667.06480901431,746.3705077064484
2024-02-27T04:00:00Z,40667.06480901431,40713.670697752386,40469.822180011826,40525.825721334746,1715.1573783687518
2024-02-27T05:00:00Z,40525.825721334746,40545.352178107125,40349.274757704836,40380.37324779245,1837.0572419511273
2024-02-27T06:00:00Z,40380.37324779245,40450.59476909228,40373.70859410731,40410.918982380994,921.3963346254743
2024-02-27T07:00:00Z,40410.918982380994,40474.36394242346,40343.09012372868,40442.13261396283,587.2690827168619
2024-02-27T08:00:00Z,40442.13261396283,40516.76224512846,40287.36211989309,40327.661732676184,887.8029816659149
2024-02-27T09:00:00Z,40327.661732676184,40398.3653820008,40324.538106077176,40356.61287682647,853.3762219658622
2024-02-27T10:00:00Z,40356.61287682647,40463.43728047477,40333.647857947195,40394.12299843911,834.5628346549086
2024-02-27T11:00:00Z,40394.12299843911,40543.59090250235,40332.911393324735,40534.205912059355,1138.186994668662
2024-02-27T12:00:00Z,40534.205912059355,40593.69500220481,40511.562802676555,40541.15970419732,1921.500247207746
2024-02-27T13:00:00Z,40541.15970419732,40544.25347492174,40448.26150232468,40487.15243558819,1462.5439782969543
2024-02-27T14:00:00Z,40487.15243558819,40571.78995921259,40477.29690755218,40541.74912551438,1246.1310114571106
2024-02-27T15:00:00Z,40541.74912551438,40575.908522095444,40494.890794936386,40504.07206362754,1827.4981389441002
2024-02-27T16:00:00Z,40504.07206362754,40576.06413392076,40377.66912628463,40430.474651687124,1421.2458171371911
2024-02-27T17:00:00Z,40430.474651687124,40430.71459655162,40401.46313421009,40426.050501261765,978.8088155101677
2024-02-27T18:00:00Z,40426.050501261765,40597.68341076817,40378.96125810191,40534.599569563194,1218.3195948968303
2024-02-27T19:00:00Z,40534.599569563194,40664.35725241933,40498.689664116,40664.334717379286,1615.3824389511058
2024-02-27T20:00:00Z,40664.334717379286,40695.94813489844,40573.0159332613,40629.921629695506,765.3431187293659
2024-02-27T21:00:00Z,40629.921629695506,40676.14178840825,40576.772860389414,40618.90425236285,1667.95187301636
2024-02-27T22:00:00Z,40618.90425236285,40796.56912215539,40578.81776790681,40768.74677950458,1459.7543229638895
2024-02-27T23:00:00Z,40768.74677950458,40898.392625395754,40763.30439007452,40887.5559035773,1839.4973973115868
2024-02-28T00:00:00Z,40887.5559035773,40991.89533645292,40819.68464206126,40985.53775015829,1058.563945484209
2024-02-28T01:00:00Z,40985.53775015829,41029.31987251563,40961.04072196663,40990.75095453145,1101.7250876167618
2024-02-28T02:00:00Z,40990.75095453145,40995.95715438168,40823.06375970023,40871.94003370557,1944.4698747971977
2024-02-28T03:00:00Z,40871.94003370557,40997.5111849753,40837.78103998402,40950.25612820794,936.726404377884
2024-02-28T04:00:00Z,40950.25612820794,41074.5976581869,40910.145749328134,41070.944894473774,1474.0905136491856
2024-02-28T05:00:00Z,41070.944894473774,41092.93380487527,40968.39403028291,41025.12544455006,516.4919508694836
2024-02-28T06:00:00Z,41025.12544455006,41106.003500055434,41016.687610009656,41102.757255374214,625.8718404144429
2024-02-28T07:00:00Z,41102.757255374214,41159.68296968974,41006.72750065157,41021.29665490865,1822.6353706773925
2024-02-28T08:00:00Z,41021.29665490865,41025.21879464023,40920.16341137024,40962.6990888862,1182.5150600305956
2024-02-28T09:00:00Z,40962.6990888862,40996.174951805464,40945.489651968484,40977.244444205964,1668.2664705181019
2024-02-28T10:00:00Z,40977.244444205964,41052.59284082167,40918.10259897858,41037.13560445187,1537.6293026048936
2024-02-28T11:00:00Z,41037.13560445187,41106.88905830756,40889.74323596246,40921.56678431162,1804.8659232036455
2024-02-28T12:00:00Z,40921.56678431162,41040.15218195937,40915.416932860906,40972.62227043951,1834.4994829849188
2024-02-28T13:00:00Z,40972.62227043951,41038.42566899341,40903.613452127574,41010.23022637381,1581.7204374553846
2024-02-28T14:00:00Z,41010.23022637381,41051.41024957786,40957.21513886627,41048.927531684356,1052.189182907776
2024-02-28T15:00:00Z,41048.927531684356,41101.76751291029,40966.45555770242,41018.32352916591,1747.912741195366
2024-02-28T16:00:00Z,41018.32352916591,41082.38788151311,40894.89025699347,40928.11818868701,573.9921601851032
2024-02-28T17:00:00Z,40928.11818868701,41054.89878768542,40885.89970106868,41040.32894303439,1294.042676764326
2024-02-28T18:00:00Z,41040.32894303439,41062.29157499636,40913.751697127685,40916.341416321164,1330.245314900721
2024-02-28T19:00:00Z,40916.341416321164,40933.029589583355,40714.02647552141,40783.74259084418,1104.1066612189575
2024-02-28T20:00:00Z,40783.74259084418,40789.06819698061,40697.455490201086,40767.002787177415,1383.3964575741202
2024-02-28T21:00:00Z,40767.002787177415,40811.03338042216,40675.058806556524,40706.84285646913,1547.713398267329
2024-02-28T22:00:00Z,40706.84285646913,40732.99836103162,40657.06147733467,40679.794690653805,1678.9204468377125
2024-02-28T23:00:00Z,40679.794690653805,40817.33054878036,40610.918811126474,40764.159706762286,1105.1287056582732
2024-02-29T00:00:00Z,40764.159706762286,40906.54531624742,40739.84207782146,40861.65051807159,595.8582988344223
2024-02-29T01:00:00Z,40861.65051807159,40938.93082725123,40826.251495048265,40930.98021201811,1181.5892903717672
2024-02-29T02:00:00Z,40930.98021201811,40999.9606068039,40778.268068426034,40807.12375450505,1892.693721122906
2024-02-29T03:00:00Z,40807.12375450505,40937.44108558573,40780.96095696996,40931.86386139346,1399.0154536780801
2024-02-29T04:00:00Z,40931.86386139346,40992.44838017275,40900.16380124099,40926.23256946324,752.1398958038616
2024-02-29T05:00:00Z,40926.23256946324,41056.376243890445,40913.011637572024,41032.89005540246,510.4396149175362
2024-02-29T06:00:00Z,41032.89005540246,41060.16152033174,40835.451222699805,40894.10625696998,744.2314347323309
2024-02-29T07:00:00Z,40894.10625696998,40918.6033231996,40748.25238641967,40818.74334075752,1852.1289282665946
2024-02-29T08:00:00Z,40818.74334075752,40925.42262487886,40772.61390516715,40905.3372959635,731.7514350317513
2024-02-29T09:00:00Z,40905.3372959635,41035.736259641766,40902.85781040272,40996.53004351878,935.5592635147731
2024-02-29T10:00:00Z,40996.53004351878,41021.22711645927,40963.683502860826,40986.40850303708,1976.7894962606197
2024-02-29T11:00:00Z,40986.40850303708,41083.59346764757,40961.26882946453,41010.40272332258,1688.4965484647203
2024-02-29T12:00:00Z,41010.40272332258,41068.800763376305,40862.690349494755,40932.49922167952,987.8975133998113
2024-02-29T13:00:00Z,40932.49922167952,40989.34616082627,40737.28522500567,40793.619081047524,1916.1964574998885
2024-02-29T14:00:00Z,40793.619081047524,40866.76518902691,40681.01459295287,40693.888635791816,1360.649575903353
2024-02-29T15:00:00Z,40693.888635791816,40736.61415882052,40484.91685116847,40549.52969453298,1073.3252358539444
2024-02-29T16:00:00Z,40549.52969453298,40578.48499149174,40373.26443380597,40418.58249679639,1751.2662045532697
2024-02-29T17:00:00Z,40418.58249679639,40474.15023910796,40281.45518411415,40353.47981420342,1396.8104579525545
2024-02-29T18:00:00Z,40353.47981420342,40415.46124973714,40303.572895643956,40332.514452360294,1052.6005357357735
2024-02-29T19:00:00Z,40332.514452360294,40360.935025457045,40304.47792193478,40331.17418322062,1671.0979102320257
2024-02-29T20:00:00Z,40331.17418322062,40463.84749613043,40302.41608779599,40409.80860712267,1742.486701049786
2024-02-29T21:00:00Z,40409.80860712267,40517.047994608605,40384.95243600904,40489.32070814877,1310.4632827944054
2024-02-29T22:00:00Z,40489.32070814877,40598.198933196545,40479.75950127839,40523.24107553984,749.2419971492264
2024-02-29T23:00:00Z,40523.24107553984,40684.745740743805,40469.16994964146,40666.669566976736,907.1107586692748
2024-03-01T00:00:00Z,40666.669566976736,40670.93086950488,40615.261000676175,40660.47256078878,1560.375814637187
2024-03-01T01:00:00Z,40660.47256078878,40685.781800555575,40513.89121044057,40554.87080770188,558.3078651631522
2024-03-01T02:00:00Z,40554.87080770188,40573.14127488014,40467.59363449784,40474.69475606294,831.6005625076609
2024-03-01T03:00:00Z,40474.69475606294,40486.853174289565,40334.06966971118,40355.6473947833,1357.889504100138
2024-03-01T04:00:00Z,40355.6473947833,40403.95407472785,40247.1021027596,40271.021401502076,634.7090387414703
2024-03-01T05:00:00Z,40271.021401502076,40294.24965462881,40257.56223419852,40283.88022526663,1967.6269050518922
2024-03-01T06:00:00Z,40283.88022526663,40347.13704030651,40237.01554669352,40323.54312610609,1342.3221610669837
2024-03-01T07:00:00Z,40323.54312610609,40427.40366601216,40255.137055427964,40416.58082172082,1767.4782799149957
2024-03-01T08:00:00Z,40416.58082172082,40470.1188134587,40344.22448737834,40436.584267994804,1383.0688289268583
2024-03-01T09:00:00Z,40436.584267994804,40502.95439465753,40290.251831378584,40358.44318810127,711.8281065120889
2024-03-01T10:00:00Z,40358.44318810127,40380.38279678988,40212.212555700324,40226.12504071935,1044.7023766165323
2024-03-01T11:00:00Z,40226.12504071935,40429.95422934484,40211.41120393508,40356.41816142087,706.1480537456423
2024-03-01T12:00:00Z,40356.41816142087,40395.66760443843,40282.64125616612,40375.65676029297,1737.6948265766523
2024-03-01T13:00:00Z,40375.65676029297,40423.42855282855,40368.42205480171,40370.27941695284,836.4412723232056
2024-03-01T14:00:00Z,40370.27941695284,40411.89655512851,40318.54475373885,40366.739392576084,1852.0646925053215
2024-03-01T15:00:00Z,40366.739392576084,40408.40327506553,40288.91438808327,40307.98820594689,502.5513982428111
2024-03-01T16:00:00Z,40307.98820594689,40319.30043572036,40202.85197666734,40275.30234491063,1032.6467417592544
2024-03-01T17:00:00Z,40275.30234491063,40293.20211983067,40116.90568674347,40163.992828665614,678.6217016151842
2024-03-01T18:00:00Z,40163.992828665614,40175.43842842006,39987.08594278722,40014.27857993492,980.5818655980049
2024-03-01T19:00:00Z,40014.27857993492,40021.80849639579,39863.85798918166,39904.04489398424,1635.3686166781317
2024-03-01T20:00:00Z,39904.04489398424,39925.532585674024,39757.86043894472,39787.99918646938,625.0432297480123
2024-03-01T21:00:00Z,39787.99918646938,39949.52736173629,39742.34092010653,39902.3608292412,927.3386368044769
2024-03-01T22:00:00Z,39902.3608292412,39945.074315363825,39718.02794654425,39755.38612302995,1658.5618493557367
2024-03-01T23:00:00Z,39755.38612302995,39835.83235792276,39701.08989681319,39827.28301305558,1778.3852598952542
2024-03-02T00:00:00Z,39827.28301305558,39884.20449025308,39661.7247012252,39711.187732620034,1616.0509519639877
2024-03-02T01:00:00Z,39711.187732620034,39857.19401391145,39710.33781108451,39784.45588169808,1692.4085247894252
2024-03-02T02:00:00Z,39784.45588169808,39969.72126638297,39746.82822223207,39930.33890768937,699.4230244658834
2024-03-02T03:00:00Z,39930.33890768937,40145.1438827902,39856.62562785527,40074.413098919715,635.35289988769
2024-03-02T04:00:00Z,40074.413098919715,40079.069444627516,39940.89838274668,39960.726649206066,1399.701485561051
2024-03-02T05:00:00Z,39960.726649206066,39978.75754053165,39894.441488087345,39978.638960235825,1909.6236032343588
2024-03-02T06:00:00Z,39978.638960235825,39983.424071737856,39817.813924308175,39838.39848501245,1076.9180051225271
2024-03-02T07:00:00Z,39838.39848501245,39945.06043894652,39810.283357008804,39916.6856523887,1163.3800486300192
2024-03-02T08:00:00Z,39916.6856523887,40087.26867356923,39859.81367859917,40059.38580835538,1208.5621037858837
2024-03-02T09:00:00Z,40059.38580835538,40199.98371300054,39989.78642405821,40182.66339026806,1143.029151605743
2024-03-02T10:00:00Z,40182.66339026806,40257.13939881661,40166.280603983905,40221.156228457294,1623.0026644655557
2024-03-02T11:00:00Z,40221.156228457294,40345.264829763444,40208.88766260398,40294.6447701652,1226.7058668138218
2024-03-02T12:00:00Z,40294.6447701652,40316.964054345706,40125.52762566252,40195.24835097395,1568.7385927490207
2024-03-02T13:00:00Z,40195.24835097395,40348.56637557462,40139.912340661416,40311.68836562588,768.2458579234133
2024-03-02T14:00:00Z,40311.68836562588,40371.88205215947,40201.906863675875,40258.598591956084,797.3338197589648
2024-03-02T15:00:00Z,40258.598591956084,40374.3147694008,40192.745634238454,40356.48245309536,1816.9528544970633
2024-03-02T16:00:00Z,40356.48245309536,40383.02682640581,40268.39321297276,40282.631409389585,1897.9868413631161
2024-03-02T17:00:00Z,40282.631409389585,40289.643423852314,40210.25738692024,40221.188975542624,1935.715172388503
2024-03-02T18:00:00Z,40221.188975542624,40242.45044566996,40155.68442941895,40217.729317390884,1963.006124750611
2024-03-02T19:00:00Z,40217.729317390884,40257.54949682942,40003.4470502505,40074.587125403865,1843.9773833540683
2024-03-02T20:00:00Z,40074.587125403865,40134.98574238455,40047.109530010894,40093.82698138689,1143.6975678879617
2024-03-02T21:00:00Z,40093.82698138689,40107.16116428611,40070.666150287216,40091.4167487109,990.160858982537
2024-03-02T22:00:00Z,40091.4167487109,40183.71148994924,40039.55824481434,40141.72902558925,1738.7374443925921
2024-03-02T23:00:00Z,40141.72902558925,40193.01345167337,40007.105110704775,40024.90343032465,1863.1662780091713
2024-03-03T00:00:00Z,40024.90343032465,40028.0802494958,39976.78019637323,40007.45452995739,1228.9245350919384
2024-03-03T01:00:00Z,40007.45452995739,40124.15288798483,39986.22280716859,40112.24270555524,1092.4690904986837
2024-03-03T02:00:00Z,40112.24270555524,40181.555977349446,40094.50307860469,40119.84087322092,896.0307058655555
2024-03-03T03:00:00Z,40119.84087322092,40133.43334452808,40018.79978239515,40066.0110818908,1149.5312279157545
2024-03-03T04:00:00Z,40066.0110818908,40079.93300711148,39966.308586582556,40033.0122906929,504.1688183428171
2024-03-03T05:00:00Z,40033.0122906929,40093.41589907589,40010.02367372133,40064.145689162506,1799.7346649038814
2024-03-03T06:00:00Z,40064.145689162506,40068.87034013984,39948.71471439806,40020.49133213315,1735.8139155140311
2024-03-03T07:00:00Z,40020.49133213315,40074.14141284306,39964.34845911136,39982.38665874054,832.239416412672
2024-03-03T08:00:00Z,39982.38665874054,40135.87864827873,39915.39107097297,40087.177418625,919.4998349110656
2024-03-03T09:00:00Z,40087.177418625,40115.49142933706,40049.38824865714,40100.53562397547,1137.89276322203
2024-03-03T10:00:00Z,40100.53562397547,40123.87300935578,39982.91691417497,40004.01455298484,1455.0793274093835
2024-03-03T11:00:00Z,40004.01455298484,40082.406862767086,39937.48315709436,40062.04645650314,740.9796152051911
