open_time,open,high,low,close,volume
2024-01-01T00:00:00Z,1.1,1.1000603396695698,1.0994577586345171,1.099718132423733,0.0
2024-01-01T00:15:00Z,1.099718132423733,1.0999324852254557,1.0988877549156362,1.0990340304824011,0.0
2024-01-01T00:30:00Z,1.0990340304824011,1.099237004775677,1.0983118304986639,1.0983268287620407,0.0
2024-01-01T00:45:00Z,1.0983268287620407,1.0983547709314705,1.098184376650563,1.0982206618559005,0.0
2024-01-01T01:00:00Z,1.0982206618559005,1.0985514027057692,1.0980503717740686,1.0980998925585286,0.0
2024-01-01T01:15:00Z,1.0980998925585286,1.0983508658474908,1.097277991324917,1.0976570749019,0.0
2024-01-01T01:30:00Z,1.0976570749019,1.0979391118095483,1.0972665728596627,1.097780439619688,0.0
2024-01-01T01:45:00Z,1.097780439619688,1.0981238270033074,1.0969391281941436,1.0970549719086764,0.0
2024-01-01T02:00:00Z,1.0970549719086764,1.0971020888039078,1.0963623873124075,1.0964857800420482,0.0
2024-01-01T02:15:00Z,1.0964857800420482,1.09706387276861,1.0962531399765831,1.0969915822166403,0.0
2024-01-01T02:30:00Z,1.0969915822166403,1.0973628027840123,1.0967724844303564,1.097213843766922,0.0
2024-01-01T02:45:00Z,1.097213843766922,1.0972376842349085,1.0964319226417516,1.0965143061268794,0.0
2024-01-01T03:00:00Z,1.0965143061268794,1.0969739830062382,1.0963886472587288,1.0968029460839703,0.0
2024-01-01T03:15:00Z,1.0968029460839703,1.0971211188161307,1.096683039285225,1.0969398450655825,0.0
2024-01-01T03:30:00Z,1.0969398450655825,1.0976904500095102,1.0968422064612937,1.0974108522360184,0.0
2024-01-01T03:45:00Z,1.0974108522360184,1.097740008773957,1.097060797237789,1.0975299301724324,0.0
2024-01-01T04:00:00Z,1.0975299301724324,1.0980122177414913,1.0971378602334354,1.0978970426355352,0.0
2024-01-01T04:15:00Z,1.0978970426355352,1.0980642917642494,1.096983091508917,1.097285947880743,0.0
2024-01-01T04:30:00Z,1.097285947880743,1.0974815331209333,1.096713440233381,1.0967291231362,0.0
2024-01-01T04:45:00Z,1.0967291231362,1.0973040968531402,1.096499912760089,1.096998268506655,0.0
2024-01-01T05:00:00Z,1.096998268506655,1.0977245320107236,1.0967201503601456,1.0975990330055845,0.0
2024-01-01T05:15:00Z,1.0975990330055845,1.0979819828906654,1.097416550873064,1.0977500248089525,0.0
2024-01-01T05:30:00Z,1.0977500248089525,1.0986718456958158,1.0975603854739846,1.0982939732577726,0.0
2024-01-01T05:45:00Z,1.0982939732577726,1.0985808845575709,1.0980133764492508,1.098556616786532,0.0
2024-01-01T06:00:00Z,1.098556616786532,1.0991892613295629,1.098227846871888,1.0987920229537762,0.0
2024-01-01T06:15:00Z,1.0987920229537762,1.0989463395307548,1.098179914718773,1.0984473758051267,0.0
2024-01-01T06:30:00Z,1.0984473758051267,1.0986320539196466,1.0976162571384531,1.0976834764900156,0.0
2024-01-01T06:45:00Z,1.0976834764900156,1.0977070582577482,1.0967635365657975,1.0970708297611864,0.0
2024-01-01T07:00:00Z,1.0970708297611864,1.0971698756946653,1.0963213942351628,1.0964777741164162,0.0
2024-01-01T07:15:00Z,1.0964777741164162,1.0971042817954983,1.0962980991560365,1.0970720492750183,0.0
2024-01-01T07:30:00Z,1.0970720492750183,1.0975045066602254,1.096744337339884,1.0971511531296487,0.0
2024-01-01T07:45:00Z,1.0971511531296487,1.097844896706972,1.096985034522764,1.0977335282811664,0.0
2024-01-01T08:00:00Z,1.0977335282811664,1.0980872054120456,1.0971244696641116,1.0975075621456971,0.0
2024-01-01T08:15:00Z,1.0975075621456971,1.0975780492370932,1.096856252848235,1.096949035594963,0.0
2024-01-01T08:30:00Z,1.096949035594963,1.0971430206870996,1.0962867239273593,1.0965223733288523,0.0
2024-01-01T08:45:00Z,1.0965223733288523,1.0965240107702063,1.09597518931928,1.09614276791973,0.0
2024-01-01T09:00:00Z,1.09614276791973,1.0963693044092124,1.0955523344661515,1.0959335736363616,0.0
2024-01-01T09:15:00Z,1.0959335736363616,1.0964445600610073,1.095686536536598,1.096238363487779,0.0
2024-01-01T09:30:00Z,1.096238363487779,1.0965418807769878,1.0958785502837558,1.0965202836196983,0.0
2024-01-01T09:45:00Z,1.0965202836196983,1.0973180400784817,1.0962011343712197,1.096968234804828,0.0
2024-01-01T10:00:00Z,1.096968234804828,1.0971278263377562,1.0967546262183698,1.096796041055854,0.0
2024-01-01T10:15:00Z,1.096796041055854,1.0970358034895986,1.0967691020095167,1.097010904360951,0.0
2024-01-01T10:30:00Z,1.097010904360951,1.09707582563606,1.096408903996772,1.096544925457665,0.0
2024-01-01T10:45:00Z,1.096544925457665,1.0965450187704255,1.0957685404509776,1.0958290464238893,0.0
2024-01-01T11:00:00Z,1.0958290464238893,1.0959744903927031,1.095181189058059,1.0951913894127254,0.0
2024-01-01T11:15:00Z,1.0951913894127254,1.0960359488116391,1.095131969218593,1.0957903212165236,0.0
2024-01-01T11:30:00Z,1.0957903212165236,1.0959292770349451,1.0952482682512035,1.0953939336270149,0.0
2024-01-01T11:45:00Z,1.0953939336270149,1.0957335083976087,1.0943932401075525,1.0947904811962343,0.0
2024-01-01T12:00:00Z,1.0947904811962343,1.0949840150588008,1.094701710466268,1.0947360643308903,0.0
2024-01-01T12:15:00Z,1.0947360643308903,1.0948731186661875,1.0939936617610004,1.0940995645176874,0.0
2024-01-01T12:30:00Z,1.0940995645176874,1.0946903085668924,1.0940903262292694,1.0946257331226819,0.0
2024-01-01T12:45:00Z,1.0946257331226819,1.0955586129972983,1.0945670921071222,1.0953473100392814,0.0
2024-01-01T13:00:00Z,1.0953473100392814,1.0954272029172618,1.0951360662629062,1.095416385920693,0.0
2024-01-01T13:15:00Z,1.095416385920693,1.0965273179211592,1.0951379072063299,1.0961819879090433,0.0
2024-01-01T13:30:00Z,1.0961819879090433,1.0963286678257478,1.0957329554107964,1.0957997722246102,0.0
2024-01-01T13:45:00Z,1.0957997722246102,1.0964479098370508,1.095488150268075,1.0962348728780535,0.0
2024-01-01T14:00:00Z,1.0962348728780535,1.0963240895472948,1.0956377323714204,1.09596233687013,0.0
2024-01-01T14:15:00Z,1.09596233687013,1.0970792700705738,1.0956399054362156,1.0967382185510752,0.0
2024-01-01T14:30:00Z,1.0967382185510752,1.097543500468546,1.0966475227550625,1.0972475512603959,0.0
2024-01-01T14:45:00Z,1.0972475512603959,1.0974179982365275,1.0972359592000993,1.0972757732191856,0.0
2024-01-01T15:00:00Z,1.0972757732191856,1.0973875406348053,1.0964168027945538,1.096520472539861,0.0
2024-01-01T15:15:00Z,1.096520472539861,1.0972111136771177,1.0963415814687543,1.0968285076465811,0.0
2024-01-01T15:30:00Z,1.0968285076465811,1.0979229567919042,1.0964465073940526,1.097527741568623,0.0
2024-01-01T15:45:00Z,1.097527741568623,1.0976159264978216,1.0972204206545098,1.097311158985202,0.0
2024-01-01T16:00:00Z,1.097311158985202,1.0973929083305125,1.0965762622876978,1.0968258888466729,0.0
2024-01-01T16:15:00Z,1.0968258888466729,1.0978025563981992,1.0966340994761683,1.0974663821872874,0.0
2024-01-01T16:30:00Z,1.0974663821872874,1.098031004553773,1.0974324707927072,1.097711147055833,0.0
2024-01-01T16:45:00Z,1.097711147055833,1.0983319949511814,1.0973982259021937,1.0979680840961608,0.0
2024-01-01T17:00:00Z,1.0979680840961608,1.098559521929727,1.0978966754088257,1.0983683088318894,0.0
2024-01-01T17:15:00Z,1.0983683088318894,1.0989639324014677,1.0980479794043307,1.0988309255215218,0.0
2024-01-01T17:30:00Z,1.0988309255215218,1.099743912581921,1.0986703707943748,1.0995855771838934,0.0
2024-01-01T17:45:00Z,1.0995855771838934,1.100590371860491,1.0995175757199047,1.1003004523942372,0.0
2024-01-01T18:00:00Z,1.1003004523942372,1.1003609126743898,1.0993417729436206,1.099703713781914,0.0
2024-01-01T18:15:00Z,1.099703713781914,1.100252586676663,1.0993731095905037,1.1001941169531655,0.0
2024-01-01T18:30:00Z,1.1001941169531655,1.101225513779775,1.1000539539483025,1.1009626064626807,0.0
2024-01-01T18:45:00Z,1.1009626064626807,1.1010928560738635,1.1009569092874183,1.1010404625330596,0.0
2024-01-01T19:00:00Z,1.1010404625330596,1.1020537566845097,1.10082983011422,1.1017938868166401,0.0
2024-01-01T19:15:00Z,1.1017938868166401,1.1026612102794349,1.1014451896454445,1.102487686504732,0.0
2024-01-01T19:30:00Z,1.102487686504732,1.1030939518425675,1.1023869525801857,1.1030095349076363,0.0
2024-01-01T19:45:00Z,1.1030095349076363,1.1031057506646595,1.1024437066846424,1.1026782815519087,0.0
2024-01-01T20:00:00Z,1.1026782815519087,1.1028458865730106,1.1022408357537397,1.1022932652243411,0.0
2024-01-01T20:15:00Z,1.1022932652243411,1.1030908061240272,1.1021100008297524,1.102949292514446,0.0
2024-01-01T20:30:00Z,1.102949292514446,1.1034443692595297,1.1027810412061623,1.1030826505497129,0.0
2024-01-01T20:45:00Z,1.1030826505497129,1.1039516638611093,1.1028699205647385,1.1037510042846612,0.0
2024-01-01T21:00:00Z,1.1037510042846612,1.103796096768763,1.1035749543197073,1.1037886148216007,0.0
2024-01-01T21:15:00Z,1.1037886148216007,1.103790187814331,1.1029619192610394,1.1032815874412363,0.0
2024-01-01T21:30:00Z,1.1032815874412363,1.103470984614221,1.1024672648725988,1.1027573421807777,0.0
2024-01-01T21:45:00Z,1.1027573421807777,1.1029780960410407,1.1025500026956965,1.1028477031806212,0.0
2024-01-01T22:00:00Z,1.1028477031806212,1.1032501191705757,1.1028052594137792,1.1029364101804295,0.0
2024-01-01T22:15:00Z,1.1029364101804295,1.103132281722581,1.1028256433522436,1.1030328839941639,0.0
2024-01-01T22:30:00Z,1.1030328839941639,1.1036715873488896,1.1028081922395012,1.1034685017521726,0.0
2024-01-01T22:45:00Z,1.1034685017521726,1.1042494859948486,1.1032912023947417,1.1038844907803167,0.0
2024-01-01T23:00:00Z,1.1038844907803167,1.1042667566476083,1.1036796261913426,1.1040645353952678,0.0
2024-01-01T23:15:00Z,1.1040645353952678,1.104553843316251,1.1038512212202363,1.104372904999345,0.0
2024-01-01T23:30:00Z,1.104372904999345,1.1047495054503604,1.1040580759553242,1.1043377631081963,0.0
2024-01-01T23:45:00Z,1.1043377631081963,1.1053170921143667,1.1042339261905492,1.1049402198790452,0.0
2024-01-02T00:00:00Z,1.1049402198790452,1.105412748783047,1.104604219965688,1.1050354419694415,0.0
2024-01-02T00:15:00Z,1.1050354419694415,1.1050840907511952,1.1042780098315663,1.1044548570668764,0.0
2024-01-02T00:30:00Z,1.1044548570668764,1.1045511125702576,1.1037416825195379,1.1037709308263268,0.0
2024-01-02T00:45:00Z,1.1037709308263268,1.104355660665692,1.1034121202531753,1.1040420862588227,0.0
2024-01-02T01:00:00Z,1.1040420862588227,1.104328534211938,1.103225098250776,1.1034892008568526,0.0
2024-01-02T01:15:00Z,1.1034892008568526,1.1038423339903154,1.102530949340465,1.1029179672535314,0.0
2024-01-02T01:30:00Z,1.1029179672535314,1.103298968905099,1.1023100050329275,1.1024693077828145,0.0
2024-01-02T01:45:00Z,1.1024693077828145,1.102865256364712,1.1021159471550068,1.1024489250228,0.0
2024-01-02T02:00:00Z,1.1024489250228,1.1026215337499992,1.1017010286954878,1.1019072707186095,0.0
2024-01-02T02:15:00Z,1.1019072707186095,1.101985568585063,1.1015224463222166,1.1016498565495516,0.0
2024-01-02T02:30:00Z,1.1016498565495516,1.1020130910569985,1.1014282364504282,1.1020052978857775,0.0
2024-01-02T02:45:00Z,1.1020052978857775,1.1020125306781083,1.101777431693005,1.1019100308486618,0.0
2024-01-02T03:00:00Z,1.1019100308486618,1.1023132190806741,1.1018843145316255,1.1021083141668888,0.0
2024-01-02T03:15:00Z,1.1021083141668888,1.1031997925799424,1.10171963578343,1.1028844473575035,0.0
2024-01-02T03:30:00Z,1.1028844473575035,1.102990673066441,1.1022362594323745,1.10225209470834,0.0
2024-01-02T03:45:00Z,1.10225209470834,1.1028066690354572,1.1022002724846178,1.1026984905964488,0.0
2024-01-02T04:00:00Z,1.1026984905964488,1.1030630561229222,1.1022465056945805,1.102574097286493,0.0
2024-01-02T04:15:00Z,1.102574097286493,1.1026338444654546,1.1018202031067585,1.1021878717101632,0.0
2024-01-02T04:30:00Z,1.1021878717101632,1.1025809905694108,1.1021520868270245,1.1023008235907923,0.0
2024-01-02T04:45:00Z,1.1023008235907923,1.1025761058193317,1.1014227391943794,1.1015928660106977,0.0
2024-01-02T05:00:00Z,1.1015928660106977,1.1019682058943139,1.100654952759736,1.1009087285622547,0.0
2024-01-02T05:15:00Z,1.1009087285622547,1.1014248313192627,1.1005662371077058,1.101391334308769,0.0
2024-01-02T05:30:00Z,1.101391334308769,1.1017364442963904,1.1005164209561789,1.100697930364568,0.0
2024-01-02T05:45:00Z,1.100697930364568,1.1009191560119513,1.1000699054945948,1.1004405732082234,0.0
2024-01-02T06:00:00Z,1.1004405732082234,1.1004922631281815,1.0998583827922965,1.1000691488029073,0.0
2024-01-02T06:15:00Z,1.1000691488029073,1.100112929388939,1.0995860670374065,1.0996506466740454,0.0
2024-01-02T06:30:00Z,1.0996506466740454,1.099731353973553,1.0988064572599494,1.0989312542215808,0.0
2024-01-02T06:45:00Z,1.0989312542215808,1.0992350535235802,1.0985032785242976,1.0986192628581875,0.0
2024-01-02T07:00:00Z,1.0986192628581875,1.0986905645716516,1.0984804624493363,1.0986194046179665,0.0
2024-01-02T07:15:00Z,1.0986194046179665,1.0987195841204445,1.0978423271426558,1.097848465589638,0.0
2024-01-02T07:30:00Z,1.097848465589638,1.0984418138543341,1.0977726829910404,1.0982213942031296,0.0
2024-01-02T07:45:00Z,1.0982213942031296,1.0985952513390425,1.098138498686747,1.0981810112247579,0.0
2024-01-02T08:00:00Z,1.0981810112247579,1.0988641544836184,1.0979830105953747,1.0986912834493046,0.0
2024-01-02T08:15:00Z,1.0986912834493046,1.0993839001728574,1.0984886090684425,1.0992266657426328,0.0
2024-01-02T08:30:00Z,1.0992266657426328,1.0999200287359039,1.099089583892466,1.099527052519738,0.0
2024-01-02T08:45:00Z,1.099527052519738,1.1003414011496198,1.099272661740184,1.1000587109889612,0.0
2024-01-02T09:00:00Z,1.1000587109889612,1.1001977318610234,1.0998844719081768,1.0999062273228921,0.0
2024-01-02T09:15:00Z,1.0999062273228921,1.0999345164491257,1.0990175813734604,1.0993139370527336,0.0
2024-01-02T09:30:00Z,1.0993139370527336,1.099379235660844,1.098889093306482,1.0989228872555652,0.0
2024-01-02T09:45:00Z,1.0989228872555652,1.0998171327550255,1.0986546699364017,1.0994689176265264,0.0
2024-01-02T10:00:00Z,1.0994689176265264,1.0995658028001234,1.099002787481185,1.099120010878217,0.0
2024-01-02T10:15:00Z,1.099120010878217,1.0991830240541487,1.098876805744355,1.0990551355876486,0.0
2024-01-02T10:30:00Z,1.0990551355876486,1.0994398502009937,1.0982872752956658,1.0986763244948443,0.0
2024-01-02T10:45:00Z,1.0986763244948443,1.0988494204910113,1.0982900577868209,1.0987516418934347,0.0
2024-01-02T11:00:00Z,1.0987516418934347,1.0988942754602402,1.0984464909957414,1.0984469185617194,0.0
2024-01-02T11:15:00Z,1.0984469185617194,1.0986367760126783,1.098056415529749,1.0982575211322996,0.0
2024-01-02T11:30:00Z,1.0982575211322996,1.0984594153881053,1.0977771090064194,1.0977790892190211,0.0
2024-01-02T11:45:00Z,1.0977790892190211,1.0978149905781736,1.0972419546481882,1.0974017591163037,0.0
2024-01-02T12:00:00Z,1.0974017591163037,1.0974107567750917,1.0965467284245198,1.0966684262486095,0.0
2024-01-02T12:15:00Z,1.0966684262486095,1.0969026595622822,1.0960292457358376,1.0962409215551547,0.0
2024-01-02T12:30:00Z,1.0962409215551547,1.0969048040327773,1.0959545241791417,1.0966417865634523,0.0
2024-01-02T12:45:00Z,1.0966417865634523,1.0974041382615844,1.096511332661802,1.0972483316731603,0.0
2024-01-02T13:00:00Z,1.0972483316731603,1.098083683468896,1.0969586693638156,1.0980238982092791,0.0
2024-01-02T13:15:00Z,1.0980238982092791,1.0982705645554829,1.0976897823919856,1.0982530493288063,0.0
2024-01-02T13:30:00Z,1.0982530493288063,1.0991310899479447,1.0979595084794156,1.0988801570982119,0.0
2024-01-02T13:45:00Z,1.0988801570982119,1.0994354304073595,1.0986706541844005,1.0993797073633518,0.0
2024-01-02T14:00:00Z,1.0993797073633518,1.0997206760827352,1.0990578363210524,1.0993867010453604,0.0
2024-01-02T14:15:00Z,1.0993867010453604,1.1001425802464861,1.0990295691507983,1.0999089556397637,0.0
2024-01-02T14:30:00Z,1.0999089556397637,1.100478918685084,1.099816979351549,1.1002015882309644,0.0
2024-01-02T14:45:00Z,1.1002015882309644,1.1002548255101325,1.0993071620824542,1.0994514450730275,0.0
2024-01-02T15:00:00Z,1.0994514450730275,1.0997857735529475,1.0985959005281392,1.0988193114267375,0.0
2024-01-02T15:15:00Z,1.0988193114267375,1.0992742293839446,1.0985470457563051,1.0990237388003714,0.0
2024-01-02T15:30:00Z,1.0990237388003714,1.0990250645312225,1.0986875306833188,1.099006609704147,0.0
2024-01-02T15:45:00Z,1.099006609704147,1.09960502271745,1.098792529778455,1.0994038342965051,0.0
2024-01-02T16:00:00Z,1.0994038342965051,1.099685133621881,1.0991091189650881,1.099658713479392,0.0
2024-01-02T16:15:00Z,1.099658713479392,1.0996884934793818,1.0991559998408542,1.0992622231297324,0.0
2024-01-02T16:30:00Z,1.0992622231297324,1.0997112462014285,1.0989662916931642,1.0996291591905956,0.0
2024-01-02T16:45:00Z,1.0996291591905956,1.1005879148526996,1.0994761349997026,1.10039033534116,0.0
2024-01-02T17:00:00Z,1.10039033534116,1.1006638139662408,1.1000499635613459,1.100356751603673,0.0
2024-01-02T17:15:00Z,1.100356751603673,1.100801015219071,1.1003257628758658,1.1005439100289183,0.0
2024-01-02T17:30:00Z,1.1005439100289183,1.1006454861415806,1.0996825032425783,1.0999797901455213,0.0
2024-01-02T17:45:00Z,1.0999797901455213,1.100206894824669,1.099661869880926,1.099666857566256,0.0
2024-01-02T18:00:00Z,1.099666857566256,1.0997743666725717,1.0986951145572956,1.0989639151887578,0.0
2024-01-02T18:15:00Z,1.0989639151887578,1.0995416945275955,1.098847572597386,1.0992714114648705,0.0
2024-01-02T18:30:00Z,1.0992714114648705,1.0994837337166914,1.0990848758031517,1.0992978685753416,0.0
2024-01-02T18:45:00Z,1.0992978685753416,1.0996553337458117,1.0986077731437203,1.0986874731556642,0.0
2024-01-02T19:00:00Z,1.0986874731556642,1.0998269760708568,1.0986804713733376,1.0994524743344753,0.0
2024-01-02T19:15:00Z,1.0994524743344753,1.0997804334115553,1.098999584350557,1.099386827651217,0.0
2024-01-02T19:30:00Z,1.099386827651217,1.0994942905472864,1.0992220143146638,1.099305949202659,0.0
2024-01-02T19:45:00Z,1.099305949202659,1.1001031723647043,1.0990733602555705,1.1000188888456908,0.0
2024-01-02T20:00:00Z,1.1000188888456908,1.1002285151307127,1.0990645777956047,1.099445673930266,0.0
2024-01-02T20:15:00Z,1.099445673930266,1.099773760734512,1.0986543443054162,1.0988578420468758,0.0
2024-01-02T20:30:00Z,1.0988578420468758,1.0997581563177772,1.0987652886056556,1.0994768215022594,0.0
2024-01-02T20:45:00Z,1.0994768215022594,1.100307606877791,1.0994668877410232,1.1001131506152202,0.0
2024-01-02T21:00:00Z,1.1001131506152202,1.1003098290590143,1.0991385912496927,1.0993188953698918,0.0
2024-01-02T21:15:00Z,1.0993188953698918,1.0993751782579948,1.098864432977361,1.099002017035932,0.0
2024-01-02T21:30:00Z,1.099002017035932,1.0993381094493913,1.098707045355765,1.098707741908532,0.0
2024-01-02T21:45:00Z,1.098707741908532,1.0994445606922663,1.0986597253694952,1.099108916374406,0.0
2024-01-02T22:00:00Z,1.099108916374406,1.1000763639765432,1.0987482897491665,1.0997911545502244,0.0
2024-01-02T22:15:00Z,1.0997911545502244,1.0999400433499662,1.0992977275317688,1.0994548872845853,0.0
2024-01-02T22:30:00Z,1.0994548872845853,1.1004886259559963,1.099310603555016,1.1002529552938423,0.0
2024-01-02T22:45:00Z,1.1002529552938423,1.1003630173948913,1.1001185324573657,1.1001378396960655,0.0
2024-01-02T23:00:00Z,1.1001378396960655,1.1004717100940564,1.0993863261927868,1.0995005754688136,0.0
2024-01-02T23:15:00Z,1.0995005754688136,1.1002972491766765,1.0993942842628226,1.1001975192901117,0.0
2024-01-02T23:30:00Z,1.1001975192901117,1.1002909996894688,1.1000481795761057,1.1002150600706035,0.0
2024-01-02T23:45:00Z,1.1002150600706035,1.1012986311164195,1.0998902751636153,1.1009449244942093,0.0
2024-01-03T00:00:00Z,1.1009449244942093,1.1015197273353836,1.100568644774874,1.1011543577804,0.0
2024-01-03T00:15:00Z,1.1011543577804,1.101520951850281,1.1011345673666224,1.1012331228175007,0.0
2024-01-03T00:30:00Z,1.1012331228175007,1.101785230936209,1.1009320556138045,1.1016048867670247,0.0
2024-01-03T00:45:00Z,1.1016048867670247,1.101950555231815,1.1015852960050296,1.1018360719036944,0.0
2024-01-03T01:00:00Z,1.1018360719036944,1.1025698397063237,1.1016471982687157,1.1025189151781698,0.0
2024-01-03T01:15:00Z,1.1025189151781698,1.1026380239243878,1.1019731627404241,1.1022687757424225,0.0
2024-01-03T01:30:00Z,1.1022687757424225,1.103134917246524,1.1020063776120097,1.1030308496246783,0.0
2024-01-03T01:45:00Z,1.1030308496246783,1.103253778305661,1.102554440579259,1.1027121876903405,0.0
2024-01-03T02:00:00Z,1.1027121876903405,1.1027768504749025,1.1020967706302998,1.1021799196387545,0.0
2024-01-03T02:15:00Z,1.1021799196387545,1.103028285809273,1.1020919095378743,1.1028294554951423,0.0
2024-01-03T02:30:00Z,1.1028294554951423,1.1038780605649305,1.1026494713177095,1.1034794705194806,0.0
2024-01-03T02:45:00Z,1.1034794705194806,1.103556433357785,1.1028665384186376,1.1029028242218801,0.0
2024-01-03T03:00:00Z,1.1029028242218801,1.1029392619577931,1.1025543019636437,1.1026499525959306,0.0
2024-01-03T03:15:00Z,1.1026499525959306,1.102877799692857,1.1019084241212938,1.1022633247049785,0.0
2024-01-03T03:30:00Z,1.1022633247049785,1.1028278895406023,1.1020977712760132,1.102662776877146,0.0
2024-01-03T03:45:00Z,1.102662776877146,1.102852192231011,1.1025274956369446,1.1027014459055473,0.0
2024-01-03T04:00:00Z,1.1027014459055473,1.1028124524443386,1.1016136670292203,1.102000741134245,0.0
2024-01-03T04:15:00Z,1.102000741134245,1.1022020994332895,1.1011502884547202,1.1014021392170585,0.0
2024-01-03T04:30:00Z,1.1014021392170585,1.102069102631868,1.1012937308646336,1.10198271737554,0.0
2024-01-03T04:45:00Z,1.10198271737554,1.1021426202302385,1.101401899858219,1.1015802432151616,0.0
2024-01-03T05:00:00Z,1.1015802432151616,1.102646026406075,1.1012310868206558,1.1023065529355827,0.0
2024-01-03T05:15:00Z,1.1023065529355827,1.1023194503329374,1.1012576450379472,1.1015414497519227,0.0
2024-01-03T05:30:00Z,1.1015414497519227,1.1023638714939605,1.101306579155723,1.1021745641828777,0.0
2024-01-03T05:45:00Z,1.1021745641828777,1.1023311726211618,1.1010041191738975,1.1013748500833886,0.0
2024-01-03T06:00:00Z,1.1013748500833886,1.102237977882958,1.1009859536346305,1.1018957928134323,0.0
2024-01-03T06:15:00Z,1.1018957928134323,1.101939411213004,1.1014315859121813,1.101493337266375,0.0
2024-01-03T06:30:00Z,1.101493337266375,1.10180195226244,1.1011167410425875,1.101529122237754,0.0
2024-01-03T06:45:00Z,1.101529122237754,1.1021428379479483,1.1012232020186459,1.1018838987000823,0.0
2024-01-03T07:00:00Z,1.1018838987000823,1.1021044990660096,1.101799800263663,1.1018156187671662,0.0
2024-01-03T07:15:00Z,1.1018156187671662,1.1023603272875546,1.1014476507233693,1.102267296555968,0.0
2024-01-03T07:30:00Z,1.102267296555968,1.1026216187028084,1.1022161098166827,1.1025001057981572,0.0
2024-01-03T07:45:00Z,1.1025001057981572,1.1027546222371105,1.1018235433468815,1.1021029761138073,0.0
2024-01-03T08:00:00Z,1.1021029761138073,1.1021311168771506,1.10127261373561,1.1014823884084268,0.0
2024-01-03T08:15:00Z,1.1014823884084268,1.1017702467456734,1.1013929551949828,1.1016150139667042,0.0
2024-01-03T08:30:00Z,1.1016150139667042,1.101780896058054,1.1014944054462072,1.101776711402097,0.0
2024-01-03T08:45:00Z,1.101776711402097,1.1021602873908558,1.1014559861496924,1.1017138164054374,0.0
2024-01-03T09:00:00Z,1.1017138164054374,1.1025179765399191,1.1016199091667542,1.102327854851892,0.0
2024-01-03T09:15:00Z,1.102327854851892,1.1027121005438227,1.1016412868017085,1.1019231482668337,0.0
2024-01-03T09:30:00Z,1.1019231482668337,1.101931863220477,1.1014156606936165,1.1016149847915027,0.0
2024-01-03T09:45:00Z,1.1016149847915027,1.1020621323595787,1.1015120823426463,1.1018941260107271,0.0
2024-01-03T10:00:00Z,1.1018941260107271,1.1025319584200717,1.1018034115814292,1.1021618940888673,0.0
2024-01-03T10:15:00Z,1.1021618940888673,1.1022971147170046,1.1012482272278725,1.1014164499662646,0.0
2024-01-03T10:30:00Z,1.1014164499662646,1.1017877885143055,1.1010976242794162,1.1017085566590121,0.0
2024-01-03T10:45:00Z,1.1017085566590121,1.1022931147687962,1.1016264692241966,1.1020911634138533,0.0
2024-01-03T11:00:00Z,1.1020911634138533,1.1029676236667567,1.1017631616160761,1.1028429373696802,0.0
2024-01-03T11:15:00Z,1.1028429373696802,1.1029315144949465,1.1021080431743953,1.1024122314702642,0.0
2024-01-03T11:30:00Z,1.1024122314702642,1.1027930022239567,1.1018858181393099,1.1020841240310921,0.0
2024-01-03T11:45:00Z,1.1020841240310921,1.102173453686516,1.101417013539326,1.101583825172169,0.0
2024-01-03T12:00:00Z,1.101583825172169,1.1022278004980528,1.10152527195058,1.1018482959765792,0.0
2024-01-03T12:15:00Z,1.1018482959765792,1.1019334756065715,1.101288184056405,1.1016778319383782,0.0
2024-01-03T12:30:00Z,1.1016778319383782,1.1016985681550122,1.1010808355609023,1.1011048896625606,0.0
2024-01-03T12:45:00Z,1.1011048896625606,1.1014641566253034,1.1005807709216573,1.1009342043766304,0.0
2024-01-03T13:00:00Z,1.1009342043766304,1.1017055743242192,1.1005615661774033,1.1013065624021001,0.0
2024-01-03T13:15:00Z,1.1013065624021001,1.1013807672780833,1.1006589981972819,1.1010333508178978,0.0
2024-01-03T13:30:00Z,1.1010333508178978,1.1014402018001535,1.1007675788724052,1.10142744432504,0.0
2024-01-03T13:45:00Z,1.10142744432504,1.101576997772957,1.1011005563953444,1.1012332353911993,0.0
2024-01-03T14:00:00Z,1.1012332353911993,1.1012343836808747,1.1005921303275077,1.1007040528988115,0.0
2024-01-03T14:15:00Z,1.1007040528988115,1.1010862588318018,1.1004169165620068,1.1004663998748554,0.0
2024-01-03T14:30:00Z,1.1004663998748554,1.1012921947934384,1.100323748186492,1.1012092338201156,0.0
2024-01-03T14:45:00Z,1.1012092338201156,1.102052554800899,1.1010362540865062,1.1017237516079141,0.0
2024-01-03T15:00:00Z,1.1017237516079141,1.101913137228257,1.1008534775895058,1.1010025633452758,0.0
2024-01-03T15:15:00Z,1.1010025633452758,1.101750984090734,1.1008568638003176,1.1016737736157562,0.0
2024-01-03T15:30:00Z,1.1016737736157562,1.1023210758217057,1.101509452883854,1.1023089629996747,0.0
2024-01-03T15:45:00Z,1.1023089629996747,1.1031145494447272,1.1022927032061083,1.1028078822437901,0.0
2024-01-03T16:00:00Z,1.1028078822437901,1.102832914221096,1.1016956185726132,1.1020636492609646,0.0
2024-01-03T16:15:00Z,1.1020636492609646,1.1023625639827601,1.1013154540692656,1.1016748747848528,0.0
2024-01-03T16:30:00Z,1.1016748747848528,1.1017838006499516,1.1010343101956448,1.1014173860377683,0.0
2024-01-03T16:45:00Z,1.1014173860377683,1.101709420597974,1.1011307317391958,1.1016045516085469,0.0
2024-01-03T17:00:00Z,1.1016045516085469,1.1017148037394648,1.101309416772038,1.1013109254184117,0.0
2024-01-03T17:15:00Z,1.1013109254184117,1.1020865530558812,1.101057333401278,1.1017199692144213,0.0
2024-01-03T17:30:00Z,1.1017199692144213,1.1024388721244371,1.1016264227103194,1.1024291694424606,0.0
2024-01-03T17:45:00Z,1.1024291694424606,1.1028118805027036,1.1020079077029858,1.1023894719350265,0.0
2024-01-03T18:00:00Z,1.1023894719350265,1.102489890663359,1.1020359203634915,1.1022078955970904,0.0
2024-01-03T18:15:00Z,1.1022078955970904,1.1025791353650487,1.1021242780544722,1.1021974537470565,0.0
2024-01-03T18:30:00Z,1.1021974537470565,1.10297695826982,1.1018683516460521,1.102681563064491,0.0
2024-01-03T18:45:00Z,1.102681563064491,1.1033609597648775,1.102550443140121,1.1031180580723794,0.0
2024-01-03T19:00:00Z,1.1031180580723794,1.1032628014487054,1.102516436674787,1.10282933612305,0.0
2024-01-03T19:15:00Z,1.10282933612305,1.1029082608397363,1.1018546056489582,1.1021557599172227,0.0
2024-01-03T19:30:00Z,1.1021557599172227,1.102181653127543,1.1017379064490112,1.1017514519367777,0.0
2024-01-03T19:45:00Z,1.1017514519367777,1.1019659067078766,1.1013593496284253,1.1018356033662475,0.0
2024-01-03T20:00:00Z,1.1018356033662475,1.102844292300374,1.1017296468397755,1.102449162768537,0.0
2024-01-03T20:15:00Z,1.102449162768537,1.1024877317999577,1.1015843048172684,1.1017836949246271,0.0
2024-01-03T20:30:00Z,1.1017836949246271,1.1022981140394006,1.1016900164051011,1.1021193287982343,0.0
2024-01-03T20:45:00Z,1.1021193287982343,1.102367451856587,1.1017166303606887,1.101986273808192,0.0
2024-01-03T21:00:00Z,1.101986273808192,1.1027218319095127,1.1017205037192823,1.1023830370797452,0.0
2024-01-03T21:15:00Z,1.1023830370797452,1.1027193855516666,1.101659387800984,1.1017769006597307,0.0
2024-01-03T21:30:00Z,1.1017769006597307,1.1020331038054871,1.10148167368864,1.101883915390514,0.0
2024-01-03T21:45:00Z,1.101883915390514,1.101982887041072,1.1013044834171821,1.1014026195359383,0.0
2024-01-03T22:00:00Z,1.1014026195359383,1.101756286663749,1.1006166227529715,1.1008479350552873,0.0
2024-01-03T22:15:00Z,1.1008479350552873,1.1010063628935283,1.100173096235227,1.1005700757258825,0.0
2024-01-03T22:30:00Z,1.1005700757258825,1.1006743473248024,1.1002466985693253,1.1005817949470729,0.0
2024-01-03T22:45:00Z,1.1005817949470729,1.1012234996908536,1.1005408619788006,1.1008271174304207,0.0
2024-01-03T23:00:00Z,1.1008271174304207,1.1011547585129196,1.1004505152995399,1.1007867378451883,0.0
2024-01-03T23:15:00Z,1.1007867378451883,1.1014658834774922,1.1006692668588431,1.1014497387313171,0.0
2024-01-03T23:30:00Z,1.1014497387313171,1.1015255680035887,1.1004512992654774,1.1008404853373142,0.0
2024-01-03T23:45:00Z,1.1008404853373142,1.101345664861294,1.1006915905519319,1.1009735953621735,0.0
2024-01-04T00:00:00Z,1.1009735953621735,1.1017390446307354,1.1008696160733125,1.1015593990876278,0.0
2024-01-04T00:15:00Z,1.1015593990876278,1.1023821219627024,1.1015170870626845,1.10200384112932,0.0
2024-01-04T00:30:00Z,1.10200384112932,1.102405655626399,1.1019167829605587,1.1021576764344112,0.0
2024-01-04T00:45:00Z,1.1021576764344112,1.1022142242282889,1.1018660195449732,1.1019476101199526,0.0
2024-01-04T01:00:00Z,1.1019476101199526,1.1021873794676567,1.101294814868461,1.101555471996896,0.0
2024-01-04T01:15:00Z,1.101555471996896,1.1015600239315522,1.1009500791678652,1.101080978860666,0.0
2024-01-04T01:30:00Z,1.101080978860666,1.1014403484846496,1.1009561005671578,1.1013662904448025,0.0
2024-01-04T01:45:00Z,1.1013662904448025,1.1016844029120187,1.100672524946529,1.1008917428801943,0.0
2024-01-04T02:00:00Z,1.1008917428801943,1.1009322979871794,1.1000348579207608,1.1001929766058396,0.0
2024-01-04T02:15:00Z,1.1001929766058396,1.100528869560762,1.1001565155664959,1.1002731967824715,0.0
2024-01-04T02:30:00Z,1.1002731967824715,1.1005513591375105,1.0995711841231688,1.099735099691724,0.0
2024-01-04T02:45:00Z,1.099735099691724,1.0998581379968213,1.0990071060681688,1.0993883816029517,0.0
2024-01-04T03:00:00Z,1.0993883816029517,1.0996149896286327,1.0989452879352277,1.0990881606216558,0.0
2024-01-04T03:15:00Z,1.0990881606216558,1.099433859171304,1.0985558250907508,1.098954473232976,0.0
2024-01-04T03:30:00Z,1.098954473232976,1.0990333538690442,1.0984453107538523,1.0987365234330149,0.0
2024-01-04T03:45:00Z,1.0987365234330149,1.0987388740716255,1.0979017386737657,1.0982623909064024,0.0
2024-01-04T04:00:00Z,1.0982623909064024,1.09859053833888,1.0979779115204196,1.098140398593894,0.0
2024-01-04T04:15:00Z,1.098140398593894,1.0989373018024835,1.098075380762181,1.0987529393082143,0.0
2024-01-04T04:30:00Z,1.0987529393082143,1.0989735584506946,1.0977204076307305,1.0979766743075334,0.0
2024-01-04T04:45:00Z,1.0979766743075334,1.0986679579721168,1.0977277964694963,1.0986323455273201,0.0
2024-01-04T05:00:00Z,1.0986323455273201,1.098834130752508,1.098367340596231,1.098425695326682,0.0
2024-01-04T05:15:00Z,1.098425695326682,1.0986341588768078,1.0977087674215402,1.0980789673375069,0.0
2024-01-04T05:30:00Z,1.0980789673375069,1.098275171197413,1.097131110442605,1.0974530358883765,0.0
2024-01-04T05:45:00Z,1.0974530358883765,1.0982789742875734,1.097402375746559,1.0982000376055232,0.0
2024-01-04T06:00:00Z,1.0982000376055232,1.0992991773736671,1.0980069430112993,1.0989089587405136,0.0
2024-01-04T06:15:00Z,1.0989089587405136,1.0992794258657994,1.0980391999448478,1.098194358017815,0.0
2024-01-04T06:30:00Z,1.098194358017815,1.099089248560255,1.0978645357162748,1.0988411113732264,0.0
2024-01-04T06:45:00Z,1.0988411113732264,1.0991554416019622,1.0982087231776527,1.0982975532124484,0.0
2024-01-04T07:00:00Z,1.0982975532124484,1.0986360937640993,1.0978130534151815,1.098144728496056,0.0
2024-01-04T07:15:00Z,1.098144728496056,1.098231983246909,1.0974775751325991,1.0976374733658296,0.0
2024-01-04T07:30:00Z,1.0976374733658296,1.097819531944515,1.0975882506844579,1.097666101395134,0.0
2024-01-04T07:45:00Z,1.097666101395134,1.0979560544714242,1.0969024776231393,1.0972613956319215,0.0
2024-01-04T08:00:00Z,1.0972613956319215,1.0974863329392868,1.0962241695834019,1.0965271540853367,0.0
2024-01-04T08:15:00Z,1.0965271540853367,1.096862435789179,1.0957410676013866,1.09578816000751,0.0
2024-01-04T08:30:00Z,1.09578816000751,1.0961674123747438,1.0955373430400879,1.09594739163993,0.0
2024-01-04T08:45:00Z,1.09594739163993,1.0961154203859038,1.095404284405532,1.0956373342698518,0.0
2024-01-04T09:00:00Z,1.0956373342698518,1.095900871353023,1.095339802259932,1.0955185180179685,0.0
2024-01-04T09:15:00Z,1.0955185180179685,1.0955278681300595,1.0951723254158376,1.0954198821677628,0.0
2024-01-04T09:30:00Z,1.0954198821677628,1.0955139825371174,1.0950976586482066,1.0954030847261047,0.0
2024-01-04T09:45:00Z,1.0954030847261047,1.0960343601686824,1.095331257112362,1.0958510445523235,0.0
2024-01-04T10:00:00Z,1.0958510445523235,1.0958938749810045,1.095756812354451,1.0958081947064413,0.0
2024-01-04T10:15:00Z,1.0958081947064413,1.0958448799640021,1.0955203662638588,1.0956971531172448,0.0
2024-01-04T10:30:00Z,1.0956971531172448,1.0957297178308094,1.095442578308378,1.0957134111144846,0.0
2024-01-04T10:45:00Z,1.0957134111144846,1.0960068032044288,1.094733942324693,1.095044996759232,0.0
2024-01-04T11:00:00Z,1.095044996759232,1.0950850735040027,1.0948434271338099,1.0950633675315933,0.0
2024-01-04T11:15:00Z,1.0950633675315933,1.0954437147232376,1.0948134734537711,1.094867947739093,0.0
2024-01-04T11:30:00Z,1.094867947739093,1.0958377095901641,1.0945751139826088,1.0954392599170655,0.0
2024-01-04T11:45:00Z,1.0954392599170655,1.096020725955799,1.0950465686806719,1.0959432430345217,0.0
2024-01-04T12:00:00Z,1.0959432430345217,1.096325898749901,1.0955638184904155,1.0959302349798825,0.0
2024-01-04T12:15:00Z,1.0959302349798825,1.0962455875888049,1.0950221800157078,1.095394413407175,0.0
2024-01-04T12:30:00Z,1.095394413407175,1.0955347723666424,1.094396767436234,1.0946992393429325,0.0
2024-01-04T12:45:00Z,1.0946992393429325,1.0950578542395086,1.0940432702250236,1.0941532672617937,0.0
2024-01-04T13:00:00Z,1.0941532672617937,1.0947156988269584,1.0939523800884858,1.0946582699089122,0.0
2024-01-04T13:15:00Z,1.0946582699089122,1.0954134517445409,1.0945531228433447,1.0953301224079217,0.0
2024-01-04T13:30:00Z,1.0953301224079217,1.0954673645711086,1.0953153891852019,1.0953397335643544,0.0
2024-01-04T13:45:00Z,1.0953397335643544,1.0954042253031404,1.0944565262799506,1.0948310877843093,0.0
2024-01-04T14:00:00Z,1.0948310877843093,1.0954767409537272,1.0947635909666247,1.0951185757123163,0.0
2024-01-04T14:15:00Z,1.0951185757123163,1.0956203980969885,1.0949062872192534,1.0955743666166515,0.0
2024-01-04T14:30:00Z,1.0955743666166515,1.0959363881475161,1.0952251857768356,1.09579247649684,0.0
2024-01-04T14:45:00Z,1.09579247649684,1.096112782165476,1.0954394625227215,1.095880764691037,0.0
2024-01-04T15:00:00Z,1.095880764691037,1.0962779465343644,1.0949962282821104,1.0952481387685005,0.0
2024-01-04T15:15:00Z,1.0952481387685005,1.095567207010727,1.0949730473784152,1.095078949026149,0.0
2024-01-04T15:30:00Z,1.095078949026149,1.096094690426933,1.0949348484723658,1.095863746222167,0.0
2024-01-04T15:45:00Z,1.095863746222167,1.0964640815804159,1.0957930437986678,1.0962871689292644,0.0
2024-01-04T16:00:00Z,1.0962871689292644,1.0966962370640738,1.0959592392104238,1.0966769204822988,0.0
2024-01-04T16:15:00Z,1.0966769204822988,1.0969326156195789,1.095889142403892,1.0962827644829969,0.0
2024-01-04T16:30:00Z,1.0962827644829969,1.0966856364154127,1.0961577049566338,1.0964201570030485,0.0
2024-01-04T16:45:00Z,1.0964201570030485,1.0964336742642604,1.0955632766502459,1.0956230225529362,0.0
2024-01-04T17:00:00Z,1.0956230225529362,1.0959815989845687,1.0954179513588713,1.0958087058346633,0.0
2024-01-04T17:15:00Z,1.0958087058346633,1.096494383073007,1.0957178019784677,1.0964415737556314,0.0
2024-01-04T17:30:00Z,1.0964415737556314,1.0966954630458352,1.0964405275583151,1.0966865472368763,0.0
2024-01-04T17:45:00Z,1.0966865472368763,1.0967290922977586,1.0963116267366002,1.0964544873564257,0.0
2024-01-04T18:00:00Z,1.0964544873564257,1.0966879237242388,1.0957776650532474,1.0960133016962212,0.0
2024-01-04T18:15:00Z,1.0960133016962212,1.096262873519784,1.0953500359652033,1.0955399966897914,0.0
2024-01-04T18:30:00Z,1.0955399966897914,1.0959146330561633,1.0948581592989781,1.094955594605609,0.0
2024-01-04T18:45:00Z,1.094955594605609,1.094993916473384,1.0941392114960955,1.0943944955347127,0.0
2024-01-04T19:00:00Z,1.0943944955347127,1.095301414948314,1.0942337143782574,1.0949885524946454,0.0
2024-01-04T19:15:00Z,1.0949885524946454,1.0949931509097106,1.094353357293152,1.0946113362385888,0.0
2024-01-04T19:30:00Z,1.0946113362385888,1.094851199202639,1.0943530945983235,1.0947110661209802,0.0
2024-01-04T19:45:00Z,1.0947110661209802,1.095085928969255,1.0943276639519752,1.094621072901627,0.0
2024-01-04T20:00:00Z,1.094621072901627,1.0949824742896774,1.09420106733753,1.0942186681303598,0.0
2024-01-04T20:15:00Z,1.0942186681303598,1.0944315074604565,1.0941236006079555,1.0942691119706873,0.0
2024-01-04T20:30:00Z,1.0942691119706873,1.0945806608656439,1.0935575786210372,1.0935625186588023,0.0
2024-01-04T20:45:00Z,1.0935625186588023,1.09402036363387,1.093505612040883,1.0936439953907797,0.0
2024-01-04T21:00:00Z,1.0936439953907797,1.0938872285787016,1.0929604453322523,1.0931632246183018,0.0
2024-01-04T21:15:00Z,1.0931632246183018,1.0937150888884948,1.093093368828436,1.0933897365665923,0.0
2024-01-04T21:30:00Z,1.0933897365665923,1.0935098430330823,1.0930653522416274,1.0930847485526545,0.0
2024-01-04T21:45:00Z,1.0930847485526545,1.0940209021027283,1.0927985891071945,1.0937077124308605,0.0
2024-01-04T22:00:00Z,1.0937077124308605,1.094045485421435,1.0926197964965016,1.0929178714748302,0.0
2024-01-04T22:15:00Z,1.0929178714748302,1.0932145734534409,1.0926813014597172,1.0928622963553405,0.0
2024-01-04T22:30:00Z,1.0928622963553405,1.0929044090314288,1.0923308951453377,1.0924238138204148,0.0
2024-01-04T22:45:00Z,1.0924238138204148,1.092558020243254,1.091386060296731,1.0916859219213448,0.0
2024-01-04T23:00:00Z,1.0916859219213448,1.0923362300267978,1.0914012482303923,1.091998096681959,0.0
2024-01-04T23:15:00Z,1.091998096681959,1.0922196117851775,1.0914492559233306,1.0916236770122816,0.0
2024-01-04T23:30:00Z,1.0916236770122816,1.0922944948930342,1.0915175585141481,1.0920851970394096,0.0
2024-01-04T23:45:00Z,1.0920851970394096,1.0926984584607575,1.0919983988272228,1.0923124021362334,0.0
2024-01-05T00:00:00Z,1.0923124021362334,1.092926565541531,1.0922082546754606,1.092920474458929,0.0
2024-01-05T00:15:00Z,1.092920474458929,1.0932180259245676,1.092120370169301,1.0924982493274378,0.0
2024-01-05T00:30:00Z,1.0924982493274378,1.0930228400457422,1.0921461834084298,1.0928920914871258,0.0
2024-01-05T00:45:00Z,1.0928920914871258,1.0929877585882093,1.092254750090773,1.092617777448387,0.0
2024-01-05T01:00:00Z,1.092617777448387,1.0931040283009372,1.0923516829549933,1.0928268911168488,0.0
2024-01-05T01:15:00Z,1.0928268911168488,1.093781109750672,1.092491006609757,1.093593312572427,0.0
2024-01-05T01:30:00Z,1.093593312572427,1.0942525108090475,1.0934184269687737,1.093909501706624,0.0
2024-01-05T01:45:00Z,1.093909501706624,1.0944970352158192,1.0937864013728464,1.0942688990253906,0.0
2024-01-05T02:00:00Z,1.0942688990253906,1.0945179478532334,1.0937769238580002,1.0938080447977472,0.0
2024-01-05T02:15:00Z,1.0938080447977472,1.0945231463310383,1.0937972837778263,1.0944653083648557,0.0
2024-01-05T02:30:00Z,1.0944653083648557,1.0948368878991532,1.093698048297722,1.0938359937708488,0.0
2024-01-05T02:45:00Z,1.0938359937708488,1.093847486821993,1.0932462805361398,1.0932629403119285,0.0
2024-01-05T03:00:00Z,1.0932629403119285,1.093824691905926,1.0929841372224653,1.0935711406551027,0.0
2024-01-05T03:15:00Z,1.0935711406551027,1.093976303183389,1.0933349515348048,1.0939499970761764,0.0
2024-01-05T03:30:00Z,1.0939499970761764,1.0942770217266147,1.0934036215281218,1.0937314468614008,0.0
2024-01-05T03:45:00Z,1.0937314468614008,1.0943838745750822,1.0933843299536976,1.0943574952077315,0.0
2024-01-05T04:00:00Z,1.0943574952077315,1.0953982795733521,1.0943146488521545,1.0950205492533043,0.0
2024-01-05T04:15:00Z,1.0950205492533043,1.0950653371431243,1.0945359359863098,1.094549706715462,0.0
2024-01-05T04:30:00Z,1.094549706715462,1.0954308619184412,1.0942960376142015,1.0951060543110476,0.0
2024-01-05T04:45:00Z,1.0951060543110476,1.0958787653396174,1.094991108275075,1.095626150741247,0.0
2024-01-05T05:00:00Z,1.095626150741247,1.0956652954682147,1.094683008526485,1.0949859540856477,0.0
2024-01-05T05:15:00Z,1.0949859540856477,1.095113609637488,1.094344437429716,1.0945139435839586,0.0
2024-01-05T05:30:00Z,1.0945139435839586,1.0946166244904036,1.0936343758337288,1.093747413122062,0.0
2024-01-05T05:45:00Z,1.093747413122062,1.0942398423515292,1.0936190818459752,1.0940926326240323,0.0
2024-01-05T06:00:00Z,1.0940926326240323,1.0950365262261774,1.093752081693867,1.0948350312985444,0.0
2024-01-05T06:15:00Z,1.0948350312985444,1.0950366652131691,1.0946698629236744,1.0950242726690513,0.0
2024-01-05T06:30:00Z,1.0950242726690513,1.095333483023434,1.0947838793362288,1.094922592003065,0.0
2024-01-05T06:45:00Z,1.094922592003065,1.0954651993723645,1.0948359623002752,1.0952500471547197,0.0
2024-01-05T07:00:00Z,1.0952500471547197,1.0958659858864077,1.0949221226936914,1.0958296300703576,0.0
2024-01-05T07:15:00Z,1.0958296300703576,1.09583014969329,1.0952214100189972,1.0953022240863857,0.0
2024-01-05T07:30:00Z,1.0953022240863857,1.0961128599989711,1.0953004794186536,1.0957217137174486,0.0
2024-01-05T07:45:00Z,1.0957217137174486,1.0959183073557948,1.095388321748714,1.0957070305077397,0.0
2024-01-05T08:00:00Z,1.0957070305077397,1.0959048631743529,1.095063386958391,1.0952022612297756,0.0
2024-01-05T08:15:00Z,1.0952022612297756,1.0958374286068857,1.0948247132737892,1.095733198573792,0.0
2024-01-05T08:30:00Z,1.095733198573792,1.0958190843099542,1.095107374518804,1.0953871661786108,0.0
2024-01-05T08:45:00Z,1.0953871661786108,1.0954311354758373,1.095129858475999,1.0953844711446528,0.0
2024-01-05T09:00:00Z,1.0953844711446528,1.0956996367746092,1.094435019964552,1.0947138833008805,0.0
2024-01-05T09:15:00Z,1.0947138833008805,1.0954241491928642,1.094571636476094,1.0951729763125524,0.0
2024-01-05T09:30:00Z,1.0951729763125524,1.0953308160962563,1.0946588462446343,1.0950150092210935,0.0
2024-01-05T09:45:00Z,1.0950150092210935,1.0953703887359245,1.0943428162550988,1.094352885867876,0.0
2024-01-05T10:00:00Z,1.094352885867876,1.0944581640362803,1.09352218644691,1.0938826727205115,0.0
2024-01-05T10:15:00Z,1.0938826727205115,1.0940362990661068,1.0935290812675829,1.0938845770075054,0.0
2024-01-05T10:30:00Z,1.0938845770075054,1.0940689402121244,1.09324568009273,1.0934582979269227,0.0
2024-01-05T10:45:00Z,1.0934582979269227,1.094166654782322,1.0931997779733325,1.0938654590159762,0.0
2024-01-05T11:00:00Z,1.0938654590159762,1.0939961230979125,1.0935609050287662,1.0936230357269345,0.0
2024-01-05T11:15:00Z,1.0936230357269345,1.0944368455132392,1.0933262408256728,1.0941720054421757,0.0
2024-01-05T11:30:00Z,1.0941720054421757,1.0943475246543295,1.0933339122227625,1.093643286296677,0.0
2024-01-05T11:45:00Z,1.093643286296677,1.0938203807420788,1.0934584791074426,1.0937699579236146,0.0
2024-01-05T12:00:00Z,1.0937699579236146,1.0944813349252995,1.093693328406335,1.0943861587604706,0.0
2024-01-05T12:15:00Z,1.0943861587604706,1.0946674252257367,1.0937311061265937,1.0940685710719618,0.0
2024-01-05T12:30:00Z,1.0940685710719618,1.0941309653600688,1.0934168895986178,1.0935159220117523,0.0
2024-01-05T12:45:00Z,1.0935159220117523,1.0937247935144754,1.0931740523868259,1.093238422128612,0.0
2024-01-05T13:00:00Z,1.093238422128612,1.0933141314932011,1.0925732829626986,1.0929633422459402,0.0
2024-01-05T13:15:00Z,1.0929633422459402,1.0933700365572738,1.092578387961338,1.0933293139303355,0.0
2024-01-05T13:30:00Z,1.0933293139303355,1.0934830070882198,1.0922984016014767,1.0926919347155175,0.0
2024-01-05T13:45:00Z,1.0926919347155175,1.093457072231497,1.092517965514448,1.0931637551927897,0.0
2024-01-05T14:00:00Z,1.0931637551927897,1.0934189475379066,1.0926349127977115,1.092677660683537,0.0
2024-01-05T14:15:00Z,1.092677660683537,1.0928329971692328,1.0921943983846205,1.0922079710268653,0.0
2024-01-05T14:30:00Z,1.0922079710268653,1.092524372745233,1.091769029086781,1.0920464048272567,0.0
2024-01-05T14:45:00Z,1.0920464048272567,1.0923001344186851,1.0918610931282773,1.092047183323294,0.0
2024-01-05T15:00:00Z,1.092047183323294,1.0922886668350347,1.0913121980194849,1.0914740833674637,0.0
2024-01-05T15:15:00Z,1.0914740833674637,1.0922227981835035,1.091302072019749,1.0918595966283322,0.0
2024-01-05T15:30:00Z,1.0918595966283322,1.0922776015046982,1.09169113470698,1.0919779614820413,0.0
2024-01-05T15:45:00Z,1.0919779614820413,1.0922668493185348,1.0911916339733354,1.0915436648701111,0.0
2024-01-05T16:00:00Z,1.0915436648701111,1.0922621736505622,1.0912026872751734,1.0919821422389628,0.0
2024-01-05T16:15:00Z,1.0919821422389628,1.0925261122034977,1.0918005811610327,1.092269496674663,0.0
2024-01-05T16:30:00Z,1.092269496674663,1.0925208074514352,1.0919311727958516,1.0919703195198813,0.0
2024-01-05T16:45:00Z,1.0919703195198813,1.0922832707401557,1.0915563879720518,1.091841648162755,0.0
2024-01-05T17:00:00Z,1.091841648162755,1.092149056085724,1.0916722162245756,1.0920490316899918,0.0
2024-01-05T17:15:00Z,1.0920490316899918,1.0922976592002371,1.0918136049796257,1.0919773428474526,0.0
2024-01-05T17:30:00Z,1.0919773428474526,1.0926298138102077,1.0919041180171396,1.092257734858393,0.0
2024-01-05T17:45:00Z,1.092257734858393,1.0928161901447853,1.0921022514878747,1.0925049183759452,0.0
2024-01-05T18:00:00Z,1.0925049183759452,1.0928947662002397,1.0924734044268536,1.0924886626384998,0.0
2024-01-05T18:15:00Z,1.0924886626384998,1.0926223755458966,1.0921759459578797,1.0925580385017881,0.0
2024-01-05T18:30:00Z,1.0925580385017881,1.0934706668369882,1.0925176037036453,1.0932629788470731,0.0
2024-01-05T18:45:00Z,1.0932629788470731,1.0935986897690524,1.0929760604081744,1.0933822756416878,0.0
2024-01-05T19:00:00Z,1.0933822756416878,1.0936574860158554,1.0930506815131686,1.0934017815003012,0.0
2024-01-05T19:15:00Z,1.0934017815003012,1.0936006221932788,1.093022592451722,1.09343648273253,0.0
2024-01-05T19:30:00Z,1.09343648273253,1.0937102268423509,1.092815628591555,1.092972625796913,0.0
2024-01-05T19:45:00Z,1.092972625796913,1.0934419062677012,1.0925788384587336,1.0933929484169793,0.0
2024-01-05T20:00:00Z,1.0933929484169793,1.093415595738956,1.0930519623325432,1.0931617052195093,0.0
2024-01-05T20:15:00Z,1.0931617052195093,1.0931670285552617,1.0928337669022419,1.0930011999016007,0.0
2024-01-05T20:30:00Z,1.0930011999016007,1.0932805009896802,1.092733225205841,1.0928740752061634,0.0
2024-01-05T20:45:00Z,1.0928740752061634,1.0929638461261524,1.092201738919966,1.092498327169174,0.0
2024-01-05T21:00:00Z,1.092498327169174,1.0934130479392523,1.0924107618931644,1.0932022173611293,0.0
2024-01-05T21:15:00Z,1.0932022173611293,1.093841382233017,1.093117412250542,1.0936845971309415,0.0
2024-01-05T21:30:00Z,1.0936845971309415,1.0939952401335375,1.0927676468631475,1.0930914758279722,0.0
2024-01-05T21:45:00Z,1.0930914758279722,1.0934940167901166,1.092866654261269,1.0933063533403458,0.0
2024-01-05T22:00:00Z,1.0933063533403458,1.0936918990236888,1.0927266795452195,1.0928679322317976,0.0
2024-01-05T22:15:00Z,1.0928679322317976,1.0934175022710642,1.0925414605680446,1.0930900066073161,0.0
2024-01-05T22:30:00Z,1.0930900066073161,1.0932077435362557,1.0928196609353493,1.0930389680201769,0.0
2024-01-05T22:45:00Z,1.0930389680201769,1.093372465811078,1.0922973352794878,1.0924392337469797,0.0
2024-01-05T23:00:00Z,1.0924392337469797,1.0931072749512714,1.0922887743480918,1.093000305157522,0.0
2024-01-05T23:15:00Z,1.093000305157522,1.0931707469449996,1.092531627921233,1.092605983811035,0.0
2024-01-05T23:30:00Z,1.092605983811035,1.0928946995753157,1.0916978112181082,1.0918102958948208,0.0
2024-01-05T23:45:00Z,1.0918102958948208,1.0919310240040623,1.0912104234342548,1.0914022434581638,0.0
2024-01-06T00:00:00Z,1.0914022434581638,1.0916571639350934,1.0910241269238008,1.0912878326956554,0.0
2024-01-06T00:15:00Z,1.0912878326956554,1.0916593231780547,1.0907259450625282,1.0910677232466592,0.0
2024-01-06T00:30:00Z,1.0910677232466592,1.0913988831976444,1.0899967014633563,1.0903590238424825,0.0
2024-01-06T00:45:00Z,1.0903590238424825,1.0908696460169276,1.0900264926425947,1.0908134853329063,0.0
2024-01-06T01:00:00Z,1.0908134853329063,1.091032539388082,1.0908088937093325,1.0910265450513061,0.0
2024-01-06T01:15:00Z,1.0910265450513061,1.0920117574714747,1.090926534427946,1.0917493747755227,0.0
2024-01-06T01:30:00Z,1.0917493747755227,1.0918064677963617,1.0910183372992464,1.091111793875074,0.0
2024-01-06T01:45:00Z,1.091111793875074,1.0916924604248541,1.0910507251131039,1.0915538827943794,0.0
2024-01-06T02:00:00Z,1.0915538827943794,1.0925170921675689,1.0914867176890082,1.0922004224276831,0.0
2024-01-06T02:15:00Z,1.0922004224276831,1.0930695858536332,1.091887909841893,1.0928262389956767,0.0
2024-01-06T02:30:00Z,1.0928262389956767,1.0934533366862442,1.092511009464637,1.0930957716750156,0.0
2024-01-06T02:45:00Z,1.0930957716750156,1.0937168047077983,1.0928186545919039,1.0936378565035956,0.0
2024-01-06T03:00:00Z,1.0936378565035956,1.0939838940438933,1.093462422037379,1.0936871292682617,0.0
2024-01-06T03:15:00Z,1.0936871292682617,1.0945214467425863,1.0935813315381167,1.094299421225604,0.0
2024-01-06T03:30:00Z,1.094299421225604,1.094355156531966,1.0936768717327414,1.0938741024221394,0.0
2024-01-06T03:45:00Z,1.0938741024221394,1.0940609400861043,1.0931098612430221,1.0931676295780677,0.0
2024-01-06T04:00:00Z,1.0931676295780677,1.0933668998418726,1.0929380080615618,1.093153825145277,0.0
2024-01-06T04:15:00Z,1.093153825145277,1.093737072169392,1.092817518140227,1.0937344294569171,0.0
2024-01-06T04:30:00Z,1.0937344294569171,1.0939594570493902,1.0934170458918688,1.0936831661090038,0.0
2024-01-06T04:45:00Z,1.0936831661090038,1.094378054677789,1.0935156393840695,1.0942280715267532,0.0
2024-01-06T05:00:00Z,1.0942280715267532,1.094995211721182,1.093973255160437,1.0949650531889783,0.0
2024-01-06T05:15:00Z,1.0949650531889783,1.0951942668010777,1.0947211830526997,1.0951828549940754,0.0
2024-01-06T05:30:00Z,1.0951828549940754,1.095847593118521,1.0950506726796538,1.0954749959039445,0.0
2024-01-06T05:45:00Z,1.0954749959039445,1.0964499863608237,1.0952811256820996,1.0962457361279956,0.0
2024-01-06T06:00:00Z,1.0962457361279956,1.096895393743393,1.095958462481356,1.0968818349437286,0.0
2024-01-06T06:15:00Z,1.0968818349437286,1.0972177221332422,1.0965371589389046,1.0970822795124449,0.0
2024-01-06T06:30:00Z,1.0970822795124449,1.0972720929230206,1.0966579177971612,1.0968681328428342,0.0
2024-01-06T06:45:00Z,1.0968681328428342,1.0973853419821025,1.0966940570297137,1.0973010518672104,0.0
2024-01-06T07:00:00Z,1.0973010518672104,1.0975226629111783,1.0968461836838275,1.097176873627526,0.0
2024-01-06T07:15:00Z,1.097176873627526,1.0975079672562118,1.096683994266871,1.0968454861476864,0.0
2024-01-06T07:30:00Z,1.0968454861476864,1.0969601640114337,1.0966429165546598,1.096851484830475,0.0
2024-01-06T07:45:00Z,1.096851484830475,1.097873301380093,1.096534704376203,1.0976114777184909,0.0
2024-01-06T08:00:00Z,1.0976114777184909,1.0977383153169136,1.0972212239351506,1.097340911746071,0.0
2024-01-06T08:15:00Z,1.097340911746071,1.0977331619649946,1.0970272255242435,1.0974792336103512,0.0
2024-01-06T08:30:00Z,1.0974792336103512,1.0977683042241952,1.0963890748295066,1.0967433153674064,0.0
2024-01-06T08:45:00Z,1.0967433153674064,1.0968358369862932,1.0966231528085275,1.0968159571522418,0.0
2024-01-06T09:00:00Z,1.0968159571522418,1.0968919334698322,1.095657321734752,1.096025894236516,0.0
2024-01-06T09:15:00Z,1.096025894236516,1.0964629973057145,1.0957102834417904,1.096199791225933,0.0
2024-01-06T09:30:00Z,1.096199791225933,1.0971002027618835,1.095953111567797,1.0968555067218013,0.0
2024-01-06T09:45:00Z,1.0968555067218013,1.0973369709509795,1.0966169834177075,1.0970584095475586,0.0
2024-01-06T10:00:00Z,1.0970584095475586,1.0974329769202724,1.0967916086771592,1.0973479763634475,0.0
2024-01-06T10:15:00Z,1.0973479763634475,1.097653046266505,1.0972400386425454,1.0972805832944816,0.0
2024-01-06T10:30:00Z,1.0972805832944816,1.0972953743522518,1.0964608463767958,1.096770660347423,0.0
2024-01-06T10:45:00Z,1.096770660347423,1.0976954799025134,1.0966231126199815,1.0974331929264936,0.0
2024-01-06T11:00:00Z,1.0974331929264936,1.0982639860415853,1.0972083523399798,1.0979493700221297,0.0
2024-01-06T11:15:00Z,1.0979493700221297,1.098070186172988,1.0973934604791387,1.0975621743618063,0.0
2024-01-06T11:30:00Z,1.0975621743618063,1.097734444387317,1.0970150317563325,1.0972717377008059,0.0
2024-01-06T11:45:00Z,1.0972717377008059,1.0979877584671627,1.097044734747747,1.097965911333831,0.0
2024-01-06T12:00:00Z,1.097965911333831,1.0980134501053822,1.0969047857212084,1.0972289184480597,0.0
2024-01-06T12:15:00Z,1.0972289184480597,1.0977168844496523,1.0970503297714067,1.0973494325750246,0.0
2024-01-06T12:30:00Z,1.0973494325750246,1.0975042897116134,1.0963352529630042,1.0965720412924658,0.0
2024-01-06T12:45:00Z,1.0965720412924658,1.0976647061386264,1.0963818619272783,1.0972723923359213,0.0
2024-01-06T13:00:00Z,1.0972723923359213,1.097313209614792,1.0968744573588756,1.0971322596887503,0.0
2024-01-06T13:15:00Z,1.0971322596887503,1.0971929653792143,1.0966656907364167,1.0966719027605898,0.0
2024-01-06T13:30:00Z,1.0966719027605898,1.0969454071926403,1.0958308876662222,1.095879556009011,0.0
2024-01-06T13:45:00Z,1.095879556009011,1.0966609692501952,1.0955317363495356,1.0966257135342938,0.0
2024-01-06T14:00:00Z,1.0966257135342938,1.096632824363276,1.0957443227013939,1.096032063115444,0.0
2024-01-06T14:15:00Z,1.096032063115444,1.0963254860848575,1.0955447315965565,1.0956196957292315,0.0
2024-01-06T14:30:00Z,1.0956196957292315,1.0959293049628112,1.0946144968415514,1.094899917660759,0.0
2024-01-06T14:45:00Z,1.094899917660759,1.0957605985131083,1.094866201815731,1.095468709802969,0.0
2024-01-06T15:00:00Z,1.095468709802969,1.0959582009102184,1.095284477914706,1.0956745068500773,0.0
2024-01-06T15:15:00Z,1.0956745068500773,1.0964678818101228,1.095288780684149,1.096366261583282,0.0
2024-01-06T15:30:00Z,1.096366261583282,1.096718358141461,1.096360369756881,1.096713797754146,0.0
2024-01-06T15:45:00Z,1.096713797754146,1.0972818511050857,1.0966819255251987,1.0969549137257903,0.0
2024-01-06T16:00:00Z,1.0969549137257903,1.0972466904949518,1.0965862150701025,1.096652613884297,0.0
2024-01-06T16:15:00Z,1.096652613884297,1.0974246933578777,1.0966287022760888,1.0972301619689722,0.0
2024-01-06T16:30:00Z,1.0972301619689722,1.0974601472619068,1.0968427773973164,1.0970182668959012,0.0
2024-01-06T16:45:00Z,1.0970182668959012,1.09735923664211,1.0966993225903718,1.0973012740308927,0.0
2024-01-06T17:00:00Z,1.0973012740308927,1.0975592295259047,1.0968306162889103,1.0970824989844714,0.0
2024-01-06T17:15:00Z,1.0970824989844714,1.0972367939782834,1.0966367456468946,1.0969512425528556,0.0
2024-01-06T17:30:00Z,1.0969512425528556,1.0979769673448674,1.0967245159364316,1.097663117661002,0.0
2024-01-06T17:45:00Z,1.097663117661002,1.0976873727836096,1.096941358450382,1.097330938928606,0.0
2024-01-06T18:00:00Z,1.097330938928606,1.0979871275263078,1.097198122918281,1.097656164052988,0.0
2024-01-06T18:15:00Z,1.097656164052988,1.0982164600696762,1.0973236487025535,1.09782548088989,0.0
2024-01-06T18:30:00Z,1.09782548088989,1.0981107396804877,1.097654056143447,1.097987300584321,0.0
2024-01-06T18:45:00Z,1.097987300584321,1.0987589697705906,1.097713371800856,1.098608299029428,0.0
2024-01-06T19:00:00Z,1.098608299029428,1.0991295967355554,1.0982853064529143,1.0987711503603215,0.0
2024-01-06T19:15:00Z,1.0987711503603215,1.0987718243616622,1.0983192274324836,1.0984244452536882,0.0
2024-01-06T19:30:00Z,1.0984244452536882,1.098659102460583,1.0979740508076306,1.0983004452784513,0.0
2024-01-06T19:45:00Z,1.0983004452784513,1.0989372600319267,1.0979671528861359,1.098920341401659,0.0
2024-01-06T20:00:00Z,1.098920341401659,1.0997660273293939,1.0986915781099813,1.0994191452662647,0.0
2024-01-06T20:15:00Z,1.0994191452662647,1.099759618282757,1.0987344900003184,1.0990573031581983,0.0
2024-01-06T20:30:00Z,1.0990573031581983,1.0997182249482262,1.0989185618600754,1.0993527252327193,0.0
2024-01-06T20:45:00Z,1.0993527252327193,1.0995741949762237,1.0983698714945846,1.0986888269261108,0.0
2024-01-06T21:00:00Z,1.0986888269261108,1.0989889005847029,1.0978368267109633,1.0982095158030698,0.0
2024-01-06T21:15:00Z,1.0982095158030698,1.0984522750846382,1.0975129025683186,1.0977839673605805,0.0
2024-01-06T21:30:00Z,1.0977839673605805,1.0978666018034047,1.0976265901927802,1.0977284840397283,0.0
2024-01-06T21:45:00Z,1.0977284840397283,1.0984469637518046,1.097544597057107,1.0981302977614968,0.0
2024-01-06T22:00:00Z,1.0981302977614968,1.098452927741808,1.097161752822581,1.0974706193325627,0.0
2024-01-06T22:15:00Z,1.0974706193325627,1.0977024555040737,1.0966844339825417,1.0970432056233774,0.0
2024-01-06T22:30:00Z,1.0970432056233774,1.0978680994217713,1.0968525711328094,1.0976593560124923,0.0
2024-01-06T22:45:00Z,1.0976593560124923,1.0978779423948224,1.0975824303977413,1.0978022818257127,0.0
2024-01-06T23:00:00Z,1.0978022818257127,1.0980827074883788,1.0971462607571563,1.0972913910653608,0.0
2024-01-06T23:15:00Z,1.0972913910653608,1.0975554768594973,1.0970845041186321,1.097394480342615,0.0
2024-01-06T23:30:00Z,1.097394480342615,1.0974123181260786,1.0964340381407978,1.0968328947761694,0.0
2024-01-06T23:45:00Z,1.0968328947761694,1.096875342084983,1.0963782624581557,1.0966313594423736,0.0
2024-01-07T00:00:00Z,1.0966313594423736,1.0971535774988221,1.0963924744866385,1.0970911155196839,0.0
2024-01-07T00:15:00Z,1.0970911155196839,1.097298898245993,1.0968347621295509,1.096842990172553,0.0
2024-01-07T00:30:00Z,1.096842990172553,1.0972391520294151,1.0957502836956652,1.0960967166931466,0.0
2024-01-07T00:45:00Z,1.0960967166931466,1.0963235902734043,1.0959701827748294,1.0960748215418499,0.0
2024-01-07T01:00:00Z,1.0960748215418499,1.0966919067966872,1.0956962217090562,1.0965215268030784,0.0
2024-01-07T01:15:00Z,1.0965215268030784,1.0972766574397144,1.0961361395221048,1.0969491251435077,0.0
2024-01-07T01:30:00Z,1.0969491251435077,1.0969642733520628,1.0964751223571705,1.0965555180020576,0.0
2024-01-07T01:45:00Z,1.0965555180020576,1.0965889805503957,1.0960242956361954,1.09604469463754,0.0
2024-01-07T02:00:00Z,1.09604469463754,1.0964847698001416,1.0958613822647159,1.0961365030325636,0.0
2024-01-07T02:15:00Z,1.0961365030325636,1.0972159990236663,1.0961108286988035,1.0968520311374126,0.0
2024-01-07T02:30:00Z,1.0968520311374126,1.0971678989026052,1.0968040647235977,1.0970089402293601,0.0
2024-01-07T02:45:00Z,1.0970089402293601,1.0978466922815437,1.0967831497578266,1.0977438148008023,0.0
2024-01-07T03:00:00Z,1.0977438148008023,1.0983513955677187,1.097475926205619,1.0979688275572665,0.0
2024-01-07T03:15:00Z,1.0979688275572665,1.0981481649301945,1.0977339254446628,1.0977978168148725,0.0
2024-01-07T03:30:00Z,1.0977978168148725,1.0989397326984771,1.097709128071245,1.0985430463956938,0.0
2024-01-07T03:45:00Z,1.0985430463956938,1.0986453912720462,1.097664052698848,1.097804857067282,0.0
2024-01-07T04:00:00Z,1.097804857067282,1.0988110932188555,1.0974699699056722,1.0984492643104484,0.0
2024-01-07T04:15:00Z,1.0984492643104484,1.0987638136060924,1.097440688618546,1.097724531926457,0.0
2024-01-07T04:30:00Z,1.097724531926457,1.0983534009877185,1.0977022248014219,1.0979592305768369,0.0
2024-01-07T04:45:00Z,1.0979592305768369,1.0982612108756116,1.0970151544591775,1.0973909066823084,0.0
2024-01-07T05:00:00Z,1.0973909066823084,1.09779344645286,1.0971543205483476,1.0976739293572055,0.0
2024-01-07T05:15:00Z,1.0976739293572055,1.0981287338107,1.0975443619922396,1.0980865658357788,0.0
2024-01-07T05:30:00Z,1.0980865658357788,1.0981362232621807,1.0975052574267452,1.0976977826835568,0.0
2024-01-07T05:45:00Z,1.0976977826835568,1.0977931656684559,1.0971102464285882,1.0971675061518769,0.0
2024-01-07T06:00:00Z,1.0971675061518769,1.0974567800875423,1.0968806154665791,1.0974517344635606,0.0
2024-01-07T06:15:00Z,1.0974517344635606,1.0974661394970207,1.0965928289018827,1.0969639004724963,0.0
2024-01-07T06:30:00Z,1.0969639004724963,1.0973374911791387,1.096170083387284,1.0965167841699797,0.0
2024-01-07T06:45:00Z,1.0965167841699797,1.0971946213712611,1.0963378860978623,1.0971387162563173,0.0
2024-01-07T07:00:00Z,1.0971387162563173,1.0975102277078748,1.0961569964128164,1.096493896137484,0.0
2024-01-07T07:15:00Z,1.096493896137484,1.096880222704636,1.0963579845079188,1.0966992891666392,0.0
2024-01-07T07:30:00Z,1.0966992891666392,1.097407201805575,1.0964480159060277,1.0972161864901746,0.0
2024-01-07T07:45:00Z,1.0972161864901746,1.0973048468487707,1.096621924549301,1.0966446151082716,0.0
2024-01-07T08:00:00Z,1.0966446151082716,1.0972079238202022,1.096586730726742,1.0969865741848117,0.0
2024-01-07T08:15:00Z,1.0969865741848117,1.097686289930308,1.0968218615166112,1.0975797312157445,0.0
2024-01-07T08:30:00Z,1.0975797312157445,1.0976881740693472,1.0966930042099206,1.0970288295527442,0.0
2024-01-07T08:45:00Z,1.0970288295527442,1.0970959486959342,1.0965676409506167,1.0967640437242032,0.0
2024-01-07T09:00:00Z,1.0967640437242032,1.0971253110151602,1.096427283422826,1.0964729506901287,0.0
2024-01-07T09:15:00Z,1.0964729506901287,1.0972614866924215,1.0961149356511986,1.0972387455218036,0.0
2024-01-07T09:30:00Z,1.0972387455218036,1.09759245696076,1.0970477633802036,1.0975079935415613,0.0
2024-01-07T09:45:00Z,1.0975079935415613,1.0976111107981874,1.0970853178500342,1.0971659665821323,0.0
2024-01-07T10:00:00Z,1.0971659665821323,1.0975623749590093,1.0965495802534635,1.0969488145043627,0.0
2024-01-07T10:15:00Z,1.0969488145043627,1.0976679680794932,1.0968330430545117,1.0976289421398195,0.0
2024-01-07T10:30:00Z,1.0976289421398195,1.0982858542326277,1.097338352974196,1.0982628612854297,0.0
2024-01-07T10:45:00Z,1.0982628612854297,1.0986543137577582,1.0979260889512572,1.097932500361953,0.0
2024-01-07T11:00:00Z,1.097932500361953,1.0985600996655023,1.0978764429909236,1.0984237372812105,0.0
2024-01-07T11:15:00Z,1.0984237372812105,1.0987566351825775,1.097416179462535,1.0976268141300698,0.0
2024-01-07T11:30:00Z,1.0976268141300698,1.0978009138824976,1.0967593345823055,1.0971241271331342,0.0
2024-01-07T11:45:00Z,1.0971241271331342,1.0973526630719357,1.0966181212030206,1.096673351000513,0.0
2024-01-07T12:00:00Z,1.096673351000513,1.096981529297885,1.0958769114837035,1.0961615587999676,0.0
2024-01-07T12:15:00Z,1.0961615587999676,1.0961932654842856,1.0956413288181674,1.0956762972237997,0.0
2024-01-07T12:30:00Z,1.0956762972237997,1.096048178588636,1.095566741844721,1.0958499864548479,0.0
2024-01-07T12:45:00Z,1.0958499864548479,1.0960949597825738,1.0950965344724681,1.0953796375142018,0.0
2024-01-07T13:00:00Z,1.0953796375142018,1.096111344696957,1.095298721177993,1.095878171456808,0.0
2024-01-07T13:15:00Z,1.095878171456808,1.096171257557981,1.0950200347430885,1.0951832839342566,0.0
2024-01-07T13:30:00Z,1.0951832839342566,1.0955600822099163,1.0948590250722747,1.0955379334889412,0.0
2024-01-07T13:45:00Z,1.0955379334889412,1.095874696640346,1.0949284823952121,1.0952742845293255,0.0
2024-01-07T14:00:00Z,1.0952742845293255,1.0952804625847594,1.0948990255161446,1.0952631119019995,0.0
2024-01-07T14:15:00Z,1.0952631119019995,1.0956119173702772,1.095119191031233,1.0952256948494121,0.0
2024-01-07T14:30:00Z,1.0952256948494121,1.0955583439789986,1.0945765379577557,1.094723378321606,0.0
2024-01-07T14:45:00Z,1.094723378321606,1.0948718444514303,1.093947001230648,1.0941849592501969,0.0
2024-01-07T15:00:00Z,1.0941849592501969,1.0943928884469483,1.093214075473818,1.0933923824288239,0.0
2024-01-07T15:15:00Z,1.0933923824288239,1.09346569189102,1.0931065464497058,1.0934173831091674,0.0
2024-01-07T15:30:00Z,1.0934173831091674,1.0942700287037426,1.0932889915965973,1.0939238399471796,0.0
2024-01-07T15:45:00Z,1.0939238399471796,1.0944142938968953,1.0936233135431026,1.0942617382476854,0.0
2024-01-07T16:00:00Z,1.0942617382476854,1.0946108595861352,1.0931780502610589,1.0935596710547917,0.0
2024-01-07T16:15:00Z,1.0935596710547917,1.093764996682195,1.0933391525104195,1.0935513567128465,0.0
2024-01-07T16:30:00Z,1.0935513567128465,1.0936193621518329,1.0931643861985234,1.0936110870296567,0.0
2024-01-07T16:45:00Z,1.0936110870296567,1.0936840445607747,1.0931279352426273,1.0931690054068068,0.0
2024-01-07T17:00:00Z,1.0931690054068068,1.0934958668776116,1.092757708914594,1.0927697383359813,0.0
2024-01-07T17:15:00Z,1.0927697383359813,1.0930493252464042,1.0920460585891265,1.0921240925616922,0.0
2024-01-07T17:30:00Z,1.0921240925616922,1.0923638518657295,1.0911217993084057,1.0913523923205715,0.0
2024-01-07T17:45:00Z,1.0913523923205715,1.0916701084851534,1.09131124649116,1.0913890503482009,0.0
2024-01-07T18:00:00Z,1.0913890503482009,1.0922671314063293,1.0913709820993538,1.0919802921501054,0.0
2024-01-07T18:15:00Z,1.0919802921501054,1.0921777289137076,1.0911768685996721,1.0913771708153719,0.0
2024-01-07T18:30:00Z,1.0913771708153719,1.0914259857681077,1.0908623071501362,1.0910245673573256,0.0
2024-01-07T18:45:00Z,1.0910245673573256,1.0912612921906573,1.09009925867065,1.0904436947684717,0.0
2024-01-07T19:00:00Z,1.0904436947684717,1.0906728313381566,1.0895806162138368,1.0898792476238295,0.0
2024-01-07T19:15:00Z,1.0898792476238295,1.0902096531571983,1.0889671321010805,1.0893421644861765,0.0
2024-01-07T19:30:00Z,1.0893421644861765,1.0895103581173398,1.0888282669991698,1.0891641560811332,0.0
2024-01-07T19:45:00Z,1.0891641560811332,1.0893633941493421,1.0887876393066815,1.089205140759833,0.0
2024-01-07T20:00:00Z,1.089205140759833,1.089783611597467,1.0891089899239657,1.0896481921738848,0.0
2024-01-07T20:15:00Z,1.0896481921738848,1.0898224249275281,1.088991835866908,1.0893843242319752,0.0
2024-01-07T20:30:00Z,1.0893843242319752,1.0902364380846665,1.0890583069523485,1.0898713297516731,0.0
2024-01-07T20:45:00Z,1.0898713297516731,1.0904489601033633,1.0896643799539634,1.0904275388338127,0.0
2024-01-07T21:00:00Z,1.0904275388338127,1.0915338496277909,1.090327825055703,1.091160116416174,0.0
2024-01-07T21:15:00Z,1.091160116416174,1.0914131923437043,1.0908897614524644,1.0910355342407179,0.0
2024-01-07T21:30:00Z,1.0910355342407179,1.0911125172457479,1.0908623180283237,1.091084811560477,0.0
2024-01-07T21:45:00Z,1.091084811560477,1.0911007821866585,1.0910290488808383,1.091092451012328,0.0
2024-01-07T22:00:00Z,1.091092451012328,1.0921545967240651,1.0907176771301366,1.091843964891592,0.0
2024-01-07T22:15:00Z,1.091843964891592,1.092380810754956,1.091490215705871,1.0920571033174997,0.0
2024-01-07T22:30:00Z,1.0920571033174997,1.09268628034552,1.0918004735774376,1.0926725308835543,0.0
2024-01-07T22:45:00Z,1.0926725308835543,1.0929439064521334,1.0921883928389688,1.0922977660825042,0.0
2024-01-07T23:00:00Z,1.0922977660825042,1.0927351266620577,1.0920492629694116,1.0923653731849738,0.0
2024-01-07T23:15:00Z,1.0923653731849738,1.0925734951851127,1.091792826497997,1.0919663030069622,0.0
2024-01-07T23:30:00Z,1.0919663030069622,1.0928026975293632,1.0918441383094715,1.0926876883910381,0.0
2024-01-07T23:45:00Z,1.0926876883910381,1.0929718730487556,1.0924499727266541,1.0929237205452045,0.0
2024-01-08T00:00:00Z,1.0929237205452045,1.0938589677774795,1.0928163559351152,1.0936534562286582,0.0
2024-01-08T00:15:00Z,1.0936534562286582,1.0938669888252819,1.0935403609419343,1.0935997238762851,0.0
2024-01-08T00:30:00Z,1.0935997238762851,1.0936522715960175,1.092880556170305,1.092997995955653,0.0
2024-01-08T00:45:00Z,1.092997995955653,1.0931133188145652,1.092751106133687,1.092848466410076,0.0
2024-01-08T01:00:00Z,1.092848466410076,1.0930669922497838,1.0918531230781054,1.09218902196757,0.0
2024-01-08T01:15:00Z,1.09218902196757,1.0925930178271959,1.091928879029115,1.0923649461339495,0.0
2024-01-08T01:30:00Z,1.0923649461339495,1.0926490900686965,1.0917024997402882,1.0918868531124204,0.0
2024-01-08T01:45:00Z,1.0918868531124204,1.09220882057917,1.09169926687398,1.0919637007050567,0.0
2024-01-08T02:00:00Z,1.0919637007050567,1.0920606024834378,1.0915718757322335,1.0916605079707074,0.0
2024-01-08T02:15:00Z,1.0916605079707074,1.0918336958379713,1.091426234643129,1.0916804271700062,0.0
2024-01-08T02:30:00Z,1.0916804271700062,1.0918214883304582,1.090554686119598,1.0908994322054566,0.0
2024-01-08T02:45:00Z,1.0908994322054566,1.0911220934840784,1.0902845356070754,1.0904810985477622,0.0
2024-01-08T03:00:00Z,1.0904810985477622,1.0908761027553022,1.0900186088160229,1.0901368105190257,0.0
2024-01-08T03:15:00Z,1.0901368105190257,1.0906356429464028,1.0901100909917634,1.0905722162743283,0.0
2024-01-08T03:30:00Z,1.0905722162743283,1.0913422474167112,1.0905474095289274,1.091166252964897,0.0
2024-01-08T03:45:00Z,1.091166252964897,1.0913422118258729,1.0906927072722579,1.0909868724745264,0.0
2024-01-08T04:00:00Z,1.0909868724745264,1.0910769392978579,1.0899779413574866,1.0903616632684332,0.0
2024-01-08T04:15:00Z,1.0903616632684332,1.090805291374409,1.0902268569582914,1.090743482730422,0.0
2024-01-08T04:30:00Z,1.090743482730422,1.0910136203182152,1.090260890776401,1.0905074094288723,0.0
2024-01-08T04:45:00Z,1.0905074094288723,1.0913958750060753,1.0903003019859716,1.0910673975493894,0.0
2024-01-08T05:00:00Z,1.0910673975493894,1.091746735713561,1.0907635198828098,1.0914494241365926,0.0
2024-01-08T05:15:00Z,1.0914494241365926,1.0917634010402417,1.0911263847909785,1.0914098055999855,0.0
2024-01-08T05:30:00Z,1.0914098055999855,1.0921242421406698,1.091061475209224,1.0920733330851595,0.0
2024-01-08T05:45:00Z,1.0920733330851595,1.0923796040348508,1.0910459173521923,1.0912802511746735,0.0
2024-01-08T06:00:00Z,1.0912802511746735,1.0916653481478331,1.0910480806895357,1.0912768642766029,0.0
2024-01-08T06:15:00Z,1.0912768642766029,1.0915903387269505,1.0907964159822565,1.091145520492866,0.0
2024-01-08T06:30:00Z,1.091145520492866,1.0914690793875472,1.0909646071974402,1.091317254457679,0.0
2024-01-08T06:45:00Z,1.091317254457679,1.0916064787763997,1.0911327307643537,1.0912498983038101,0.0
2024-01-08T07:00:00Z,1.0912498983038101,1.0914720389664667,1.090921193065874,1.0910749934271742,0.0
2024-01-08T07:15:00Z,1.0910749934271742,1.0913898245998366,1.090450356932172,1.090790183456399,0.0
2024-01-08T07:30:00Z,1.090790183456399,1.0909677958186053,1.090715778516348,1.090789463150726,0.0
2024-01-08T07:45:00Z,1.090789463150726,1.090847459398243,1.0902457423803515,1.0904759155013777,0.0
2024-01-08T08:00:00Z,1.0904759155013777,1.0906416192085642,1.090107850801817,1.0906064473158568,0.0
2024-01-08T08:15:00Z,1.0906064473158568,1.0909438032770844,1.089989373224521,1.0903246343853794,0.0
2024-01-08T08:30:00Z,1.0903246343853794,1.0911403793524685,1.0901540554767832,1.0910586555403292,0.0
2024-01-08T08:45:00Z,1.0910586555403292,1.091719849760065,1.0910396787081285,1.0917155728495647,0.0
2024-01-08T09:00:00Z,1.0917155728495647,1.092018403354588,1.091347448118571,1.0918194684171711,0.0
2024-01-08T09:15:00Z,1.0918194684171711,1.0924724388112748,1.091420137388599,1.092257038968953,0.0
2024-01-08T09:30:00Z,1.092257038968953,1.0924918619009276,1.0919829478163146,1.0922849556486414,0.0
2024-01-08T09:45:00Z,1.0922849556486414,1.0924280404698676,1.0918702955679127,1.0921081837749795,0.0
2024-01-08T10:00:00Z,1.0921081837749795,1.0924873437470821,1.0915993637173014,1.0918699546009982,0.0
2024-01-08T10:15:00Z,1.0918699546009982,1.0919499383161946,1.0917201883629617,1.0919103518067,0.0
2024-01-08T10:30:00Z,1.0919103518067,1.0921348872776875,1.0915221597802036,1.0917517816917122,0.0
2024-01-08T10:45:00Z,1.0917517816917122,1.0927453062585237,1.0915570964668166,1.0923595178523269,0.0
2024-01-08T11:00:00Z,1.0923595178523269,1.092609359518248,1.0918653295361065,1.0922637792597896,0.0
2024-01-08T11:15:00Z,1.0922637792597896,1.0924758347842176,1.0916866723180718,1.0920130267474726,0.0
2024-01-08T11:30:00Z,1.0920130267474726,1.092140257848767,1.0910948117658443,1.0914861824648778,0.0
2024-01-08T11:45:00Z,1.0914861824648778,1.0922128668039783,1.0914419777718707,1.0920078293616053,0.0
2024-01-08T12:00:00Z,1.0920078293616053,1.0929150019566385,1.0916796075012698,1.0926390470832454,0.0
2024-01-08T12:15:00Z,1.0926390470832454,1.093778702184565,1.092470692227377,1.0934234447509976,0.0
2024-01-08T12:30:00Z,1.0934234447509976,1.0935394153024174,1.092669041734694,1.092873684189103,0.0
2024-01-08T12:45:00Z,1.092873684189103,1.092956747275925,1.0928007202210042,1.0928815040072795,0.0
2024-01-08T13:00:00Z,1.0928815040072795,1.0933309121700117,1.092740230313331,1.0930896611123075,0.0
2024-01-08T13:15:00Z,1.0930896611123075,1.094134264186644,1.093072735641205,1.0938796592339426,0.0
2024-01-08T13:30:00Z,1.0938796592339426,1.0941947135015957,1.0936152312541523,1.0937379274354218,0.0
2024-01-08T13:45:00Z,1.0937379274354218,1.0940446092654965,1.0936161447856736,1.094043044035851,0.0
2024-01-08T14:00:00Z,1.094043044035851,1.094824976936427,1.0937758014759724,1.0945904967610052,0.0
2024-01-08T14:15:00Z,1.0945904967610052,1.094789641290613,1.0938838375010116,1.094105137404306,0.0
2024-01-08T14:30:00Z,1.094105137404306,1.0943638619563878,1.0935181716197868,1.0937307670781582,0.0
2024-01-08T14:45:00Z,1.0937307670781582,1.0947559297534597,1.0935663268915332,1.0945261426654276,0.0
2024-01-08T15:00:00Z,1.0945261426654276,1.094588850997127,1.0936167464612894,1.0939205448134997,0.0
2024-01-08T15:15:00Z,1.0939205448134997,1.0939605862604123,1.0932229643155442,1.0932911786305648,0.0
2024-01-08T15:30:00Z,1.0932911786305648,1.093656427186789,1.0930459769313359,1.093327170853475,0.0
2024-01-08T15:45:00Z,1.093327170853475,1.0938425770563018,1.0933221743520156,1.0938177309654782,0.0
2024-01-08T16:00:00Z,1.0938177309654782,1.0943797893023897,1.0935315478757501,1.09425066052398,0.0
2024-01-08T16:15:00Z,1.09425066052398,1.0943184263739067,1.0939101681844674,1.0940168122058256,0.0
2024-01-08T16:30:00Z,1.0940168122058256,1.0943783542457794,1.0931430380092435,1.0933759413588309,0.0
2024-01-08T16:45:00Z,1.0933759413588309,1.0935558767236255,1.0929799084435576,1.093134171081708,0.0
2024-01-08T17:00:00Z,1.093134171081708,1.0934903873615602,1.0921885924324142,1.0924216572798955,0.0
2024-01-08T17:15:00Z,1.0924216572798955,1.093332894219416,1.0921735860616484,1.0931570377869346,0.0
2024-01-08T17:30:00Z,1.0931570377869346,1.093174629290672,1.0923836355916734,1.0927559648821439,0.0
2024-01-08T17:45:00Z,1.0927559648821439,1.0934494271368478,1.0923964177711483,1.0933235097378997,0.0
2024-01-08T18:00:00Z,1.0933235097378997,1.0939504184045108,1.093082488726869,1.093828947785016,0.0
2024-01-08T18:15:00Z,1.093828947785016,1.0947632149170803,1.0934490632527207,1.094564994169432,0.0
2024-01-08T18:30:00Z,1.094564994169432,1.094720912313643,1.0938662924334714,1.0941536787363741,0.0
2024-01-08T18:45:00Z,1.0941536787363741,1.0942773418888263,1.0933577929497877,1.0937079160593424,0.0
2024-01-08T19:00:00Z,1.0937079160593424,1.094025018637232,1.0935855830036143,1.0936829393888676,0.0
2024-01-08T19:15:00Z,1.0936829393888676,1.0938262978083426,1.093085866425964,1.0931604875371412,0.0
2024-01-08T19:30:00Z,1.0931604875371412,1.094031243707072,1.0929358739261497,1.0939149634511702,0.0
2024-01-08T19:45:00Z,1.0939149634511702,1.094128463646529,1.0931445426525235,1.0932987816047306,0.0
2024-01-08T20:00:00Z,1.0932987816047306,1.0933249603758723,1.093094579647692,1.0931438953190833,0.0
2024-01-08T20:15:00Z,1.0931438953190833,1.0938057147777045,1.0930459209042955,1.093665215756431,0.0
2024-01-08T20:30:00Z,1.093665215756431,1.093778650501339,1.093076258662574,1.09317112854276,0.0
2024-01-08T20:45:00Z,1.09317112854276,1.0934368383125612,1.0922904254282257,1.0924269938696312,0.0
2024-01-08T21:00:00Z,1.0924269938696312,1.0927093423210366,1.0918393707674756,1.0918764232891702,0.0
2024-01-08T21:15:00Z,1.0918764232891702,1.0922104264598615,1.0914567737883962,1.0915078915559537,0.0
2024-01-08T21:30:00Z,1.0915078915559537,1.0918424176352357,1.0910952095997462,1.0914171854515209,0.0
2024-01-08T21:45:00Z,1.0914171854515209,1.0915583529199986,1.0905829541376562,1.0908719406548624,0.0
2024-01-08T22:00:00Z,1.0908719406548624,1.0912553019574192,1.0905917468468436,1.0906749704260632,0.0
2024-01-08T22:15:00Z,1.0906749704260632,1.0915984047792606,1.0905840612285587,1.0913964728907863,0.0
2024-01-08T22:30:00Z,1.0913964728907863,1.0914488508328182,1.0910381910718698,1.091320780340548,0.0
2024-01-08T22:45:00Z,1.091320780340548,1.091680627282497,1.090702970527507,1.0909379960287284,0.0
2024-01-08T23:00:00Z,1.0909379960287284,1.0910364962846832,1.0904835077680672,1.0907267892174752,0.0
2024-01-08T23:15:00Z,1.0907267892174752,1.09107574538145,1.0902177407878197,1.0902668563433382,0.0
2024-01-08T23:30:00Z,1.0902668563433382,1.090504738356116,1.0901586926923013,1.090287701221195,0.0
2024-01-08T23:45:00Z,1.090287701221195,1.0908764192066103,1.0900246926334822,1.0907224921515235,0.0
2024-01-09T00:00:00Z,1.0907224921515235,1.0909550973006594,1.0905665182202386,1.0908307817169087,0.0
2024-01-09T00:15:00Z,1.0908307817169087,1.090901600596442,1.0898280398542155,1.0901684408576704,0.0
2024-01-09T00:30:00Z,1.0901684408576704,1.090433540379818,1.0898385157875192,1.0898821003133072,0.0
2024-01-09T00:45:00Z,1.0898821003133072,1.0901258782752186,1.0896819540919125,1.089981285373735,0.0
2024-01-09T01:00:00Z,1.089981285373735,1.0900076497708993,1.0895319101725196,1.089656419188461,0.0
2024-01-09T01:15:00Z,1.089656419188461,1.0897068722189782,1.0889320220678522,1.089218698905055,0.0
2024-01-09T01:30:00Z,1.089218698905055,1.089380050165134,1.0885069121996775,1.0888704813981205,0.0
2024-01-09T01:45:00Z,1.0888704813981205,1.0896635786948972,1.0885259692190346,1.0893104762891446,0.0
2024-01-09T02:00:00Z,1.0893104762891446,1.0894210847005055,1.0887101152381227,1.0887219448657754,0.0
2024-01-09T02:15:00Z,1.0887219448657754,1.0892747884987373,1.088581373242042,1.0890093442865063,0.0
2024-01-09T02:30:00Z,1.0890093442865063,1.089272969710724,1.0885897579041128,1.088869457347282,0.0
2024-01-09T02:45:00Z,1.088869457347282,1.0892081430696345,1.0883260855360521,1.0884669309448078,0.0
2024-01-09T03:00:00Z,1.0884669309448078,1.0887457172722959,1.0884208382609237,1.0886730545126,0.0
2024-01-09T03:15:00Z,1.0886730545126,1.0896269735557083,1.088388019681203,1.08933335219976,0.0
2024-01-09T03:30:00Z,1.08933335219976,1.0893493516141102,1.0885332699339894,1.0885980751717317,0.0
2024-01-09T03:45:00Z,1.0885980751717317,1.088719305601608,1.0879627186778102,1.0881150154764516,0.0
2024-01-09T04:00:00Z,1.0881150154764516,1.0882393822564629,1.087122463700483,1.0873777896644021,0.0
2024-01-09T04:15:00Z,1.0873777896644021,1.0877135758139864,1.0866371981167946,1.0868652642199488,0.0
2024-01-09T04:30:00Z,1.0868652642199488,1.0873137624988312,1.0866912912894275,1.0872118788611476,0.0
2024-01-09T04:45:00Z,1.0872118788611476,1.0876464187521424,1.0872114901580638,1.0875068031033492,0.0
2024-01-09T05:00:00Z,1.0875068031033492,1.0883522317540568,1.087392269053418,1.088041642420715,0.0
2024-01-09T05:15:00Z,1.088041642420715,1.088383301461718,1.0870674231962754,1.087310378066428,0.0
2024-01-09T05:30:00Z,1.087310378066428,1.0874081608948813,1.086541658008402,1.0865861329351036,0.0
2024-01-09T05:45:00Z,1.0865861329351036,1.0871364887451838,1.0862203403794566,1.0870524330807125,0.0
2024-01-09T06:00:00Z,1.0870524330807125,1.087486127726689,1.0867745622565426,1.087451672989332,0.0
2024-01-09T06:15:00Z,1.087451672989332,1.0877506978472564,1.0869499928946478,1.087281489759863,0.0
2024-01-09T06:30:00Z,1.087281489759863,1.0873174631935634,1.0865528102732298,1.0869313548689172,0.0
2024-01-09T06:45:00Z,1.0869313548689172,1.0873034383341962,1.086533067802896,1.0868097160158745,0.0
2024-01-09T07:00:00Z,1.0868097160158745,1.0875234888986716,1.0865584755519442,1.0871914931556386,0.0
2024-01-09T07:15:00Z,1.0871914931556386,1.087213213397175,1.0868366397694411,1.08711594184258,0.0
2024-01-09T07:30:00Z,1.08711594184258,1.087320694266482,1.086630050521023,1.0870013024730103,0.0
2024-01-09T07:45:00Z,1.0870013024730103,1.0873060713994798,1.0863880573911258,1.0864055338960248,0.0
2024-01-09T08:00:00Z,1.0864055338960248,1.0870522110171272,1.0863010548806311,1.0867299176057557,0.0
2024-01-09T08:15:00Z,1.0867299176057557,1.0871919289204923,1.0864749108804563,1.0868041631797971,0.0
2024-01-09T08:30:00Z,1.0868041631797971,1.0869743297616803,1.0867804099385918,1.0868744537364696,0.0
2024-01-09T08:45:00Z,1.0868744537364696,1.0870391089334122,1.0865664106402622,1.0866469750099303,0.0
2024-01-09T09:00:00Z,1.0866469750099303,1.0867015963001558,1.086061070349295,1.0863438594767834,0.0
2024-01-09T09:15:00Z,1.0863438594767834,1.0867115435509371,1.0862471748420803,1.0866163944966911,0.0
2024-01-09T09:30:00Z,1.0866163944966911,1.0868190173719618,1.0862420570927949,1.0866410049647393,0.0
2024-01-09T09:45:00Z,1.0866410049647393,1.0867607538704378,1.0860494684937434,1.0864033426219293,0.0
2024-01-09T10:00:00Z,1.0864033426219293,1.086628650030622,1.0856969348476027,1.0858303635244146,0.0
2024-01-09T10:15:00Z,1.0858303635244146,1.0865542959095509,1.0855261567062475,1.0863349918384086,0.0
2024-01-09T10:30:00Z,1.0863349918384086,1.086601604797778,1.0855662565033233,1.0858057298163548,0.0
2024-01-09T10:45:00Z,1.0858057298163548,1.086112193428691,1.0854111475362902,1.0857436159214093,0.0
2024-01-09T11:00:00Z,1.0857436159214093,1.0858593519768203,1.0849825888006819,1.0851267811222405,0.0
2024-01-09T11:15:00Z,1.0851267811222405,1.0851509138594473,1.0845447203258296,1.0846570735502976,0.0
2024-01-09T11:30:00Z,1.0846570735502976,1.0849377230880664,1.0839932472559932,1.0841724545063585,0.0
2024-01-09T11:45:00Z,1.0841724545063585,1.0843022427812579,1.0833657720719072,1.0835532358488806,0.0
2024-01-09T12:00:00Z,1.0835532358488806,1.083620473984688,1.0833052698785803,1.083333997213454,0.0
2024-01-09T12:15:00Z,1.083333997213454,1.0837308483983579,1.0822511216171349,1.0825512998632918,0.0
2024-01-09T12:30:00Z,1.0825512998632918,1.0828381563874365,1.081493568038924,1.0818856547258302,0.0
2024-01-09T12:45:00Z,1.0818856547258302,1.082031021155227,1.0816901041977904,1.0819875001603103,0.0
2024-01-09T13:00:00Z,1.0819875001603103,1.0820634236054871,1.0816650559914789,1.081882284723951,0.0
2024-01-09T13:15:00Z,1.081882284723951,1.0822501073802577,1.0808377654400343,1.0810955681359224,0.0
2024-01-09T13:30:00Z,1.0810955681359224,1.0816740585010225,1.0808345266118122,1.0812999589670753,0.0
2024-01-09T13:45:00Z,1.0812999589670753,1.0813983543596069,1.0808467572674156,1.080902218253158,0.0
2024-01-09T14:00:00Z,1.080902218253158,1.0812119936723792,1.0798106564140424,1.0801464878748317,0.0
2024-01-09T14:15:00Z,1.0801464878748317,1.0802207817682943,1.0795653520950519,1.0798205924505597,0.0
2024-01-09T14:30:00Z,1.0798205924505597,1.0807444331588885,1.079753208788389,1.0803737514001208,0.0
2024-01-09T14:45:00Z,1.0803737514001208,1.0811612961309802,1.080076822134214,1.0808291385718525,0.0
2024-01-09T15:00:00Z,1.0808291385718525,1.080902955707685,1.0802216854019144,1.0805518161052332,0.0
2024-01-09T15:15:00Z,1.0805518161052332,1.080699226397073,1.0800436114066743,1.0802640650889768,0.0
2024-01-09T15:30:00Z,1.0802640650889768,1.0805966222076715,1.079959154844314,1.0800549067260854,0.0
2024-01-09T15:45:00Z,1.0800549067260854,1.0802816545124965,1.0790696270512807,1.0793209115043183,0.0
2024-01-09T16:00:00Z,1.0793209115043183,1.0801147159692628,1.0789588331921283,1.0798324863806255,0.0
2024-01-09T16:15:00Z,1.0798324863806255,1.0807421320312767,1.0796326743387148,1.0805443800966799,0.0
2024-01-09T16:30:00Z,1.0805443800966799,1.080664208978309,1.0797639056048334,1.0799963520447746,0.0
2024-01-09T16:45:00Z,1.0799963520447746,1.080271545644319,1.079259269210022,1.0793247244415047,0.0
2024-01-09T17:00:00Z,1.0793247244415047,1.0797126495460077,1.079197961376548,1.079233825839934,0.0
2024-01-09T17:15:00Z,1.079233825839934,1.079409626892026,1.078421409090291,1.078497734784668,0.0
2024-01-09T17:30:00Z,1.078497734784668,1.078855576188516,1.0781614055432411,1.0788544552604906,0.0
2024-01-09T17:45:00Z,1.0788544552604906,1.079737747455231,1.078684277529146,1.0794229797502932,0.0
2024-01-09T18:00:00Z,1.0794229797502932,1.0796876297823823,1.0788703417666645,1.079076190546077,0.0
2024-01-09T18:15:00Z,1.079076190546077,1.0792116579801934,1.078774646101974,1.0789501234666596,0.0
2024-01-09T18:30:00Z,1.0789501234666596,1.0795463189111252,1.0785885237211335,1.0792158901344548,0.0
2024-01-09T18:45:00Z,1.0792158901344548,1.0793341862629788,1.07850177150688,1.078679033749925,0.0
2024-01-09T19:00:00Z,1.078679033749925,1.0789196721975334,1.078600867403766,1.0787804312007925,0.0
2024-01-09T19:15:00Z,1.0787804312007925,1.0789099090668364,1.0779323081383683,1.078116498132788,0.0
2024-01-09T19:30:00Z,1.078116498132788,1.079234054078198,1.0777703307705917,1.0788705714490605,0.0
2024-01-09T19:45:00Z,1.0788705714490605,1.0800142892482905,1.0786226237499863,1.079629562075412,0.0
2024-01-09T20:00:00Z,1.079629562075412,1.0801514024479788,1.0793589836214792,1.080127399068268,0.0
2024-01-09T20:15:00Z,1.080127399068268,1.0804208523956818,1.0798989489028141,1.0803020369182956,0.0
2024-01-09T20:30:00Z,1.0803020369182956,1.0812188261702522,1.0800430938101635,1.0810265332753628,0.0
2024-01-09T20:45:00Z,1.0810265332753628,1.0811638967912476,1.0803513906170914,1.080705432263911,0.0
2024-01-09T21:00:00Z,1.080705432263911,1.0807809701041058,1.0796785054771685,1.0799499789497033,0.0
2024-01-09T21:15:00Z,1.0799499789497033,1.079984061580418,1.079601538067695,1.0798657309277593,0.0
2024-01-09T21:30:00Z,1.0798657309277593,1.0800980382007395,1.0794943959752246,1.0796609467317984,0.0
2024-01-09T21:45:00Z,1.0796609467317984,1.0799348382862801,1.0795024094832433,1.079708912285085,0.0
2024-01-09T22:00:00Z,1.079708912285085,1.0797811129468888,1.078735720680191,1.0790917180286272,0.0
2024-01-09T22:15:00Z,1.0790917180286272,1.0792136089198832,1.0787468485734168,1.079168700201949,0.0
2024-01-09T22:30:00Z,1.079168700201949,1.0792066860906315,1.0785619731261589,1.0787742835079,0.0
2024-01-09T22:45:00Z,1.0787742835079,1.078969994403042,1.078155142457854,1.0783767509579119,0.0
2024-01-09T23:00:00Z,1.0783767509579119,1.0786058337768274,1.0778940308612919,1.0779392379824722,0.0
2024-01-09T23:15:00Z,1.0779392379824722,1.0781957153479775,1.0779071465322234,1.077960332995009,0.0
2024-01-09T23:30:00Z,1.077960332995009,1.077989722241712,1.0776373641084656,1.0778131750598603,0.0
2024-01-09T23:45:00Z,1.0778131750598603,1.078614963284199,1.077527332978437,1.0783947381571362,0.0
2024-01-10T00:00:00Z,1.0783947381571362,1.078851624351541,1.0779984751360236,1.0788057789871295,0.0
2024-01-10T00:15:00Z,1.0788057789871295,1.0792011752689696,1.078473694695892,1.0791603379856565,0.0
2024-01-10T00:30:00Z,1.0791603379856565,1.079228840060041,1.0786034650634313,1.078987478383018,0.0
2024-01-10T00:45:00Z,1.078987478383018,1.0793983238325655,1.0789327574377392,1.0790883318318274,0.0
2024-01-10T01:00:00Z,1.0790883318318274,1.0795532159159313,1.0789935709637333,1.079530194100499,0.0
2024-01-10T01:15:00Z,1.079530194100499,1.0795362625438627,1.079088226092253,1.0793259491535632,0.0
2024-01-10T01:30:00Z,1.0793259491535632,1.0794459211504681,1.0785839924925271,1.0788669630793504,0.0
2024-01-10T01:45:00Z,1.0788669630793504,1.0792224140555067,1.0785000556336977,1.0787485237615104,0.0
2024-01-10T02:00:00Z,1.0787485237615104,1.079569107551816,1.0783815218056192,1.0793439238469786,0.0
2024-01-10T02:15:00Z,1.0793439238469786,1.0800043650452849,1.0790457501933717,1.079937163015559,0.0
2024-01-10T02:30:00Z,1.079937163015559,1.0802426103488236,1.0794111877023866,1.0796833955705205,0.0
2024-01-10T02:45:00Z,1.0796833955705205,1.0802534932531807,1.0795341897889619,1.0802044043273442,0.0
2024-01-10T03:00:00Z,1.0802044043273442,1.080963215236305,1.0799156927184308,1.0805840033087808,0.0
2024-01-10T03:15:00Z,1.0805840033087808,1.08082552115165,1.0798137512327224,1.079853609348502,0.0
2024-01-10T03:30:00Z,1.079853609348502,1.0802529505679048,1.0798084216039021,1.079931742160613,0.0
2024-01-10T03:45:00Z,1.079931742160613,1.0808824004220414,1.0798299012045378,1.0806123132864807,0.0
2024-01-10T04:00:00Z,1.0806123132864807,1.0807910204838527,1.0797860850814764,1.0801213500503148,0.0
2024-01-10T04:15:00Z,1.0801213500503148,1.0802969772984552,1.0801129673738086,1.0802515468295646,0.0
2024-01-10T04:30:00Z,1.0802515468295646,1.0805718239341164,1.079554106822667,1.079628214341907,0.0
2024-01-10T04:45:00Z,1.079628214341907,1.0798310222857224,1.0793533490732308,1.0797150082883054,0.0
2024-01-10T05:00:00Z,1.0797150082883054,1.079772704915649,1.0791741605281482,1.079524321857806,0.0
2024-01-10T05:15:00Z,1.079524321857806,1.0798616236179743,1.0792010459392365,1.0795858156836857,0.0
2024-01-10T05:30:00Z,1.0795858156836857,1.0803093623191975,1.0794488684750592,1.0803038420409083,0.0
2024-01-10T05:45:00Z,1.0803038420409083,1.0805045519873142,1.079396111923221,1.0797453354387065,0.0
2024-01-10T06:00:00Z,1.0797453354387065,1.0802402459304807,1.0796724213639863,1.0802260623821656,0.0
2024-01-10T06:15:00Z,1.0802260623821656,1.081007144106865,1.0800690365357946,1.08073533920908,0.0
2024-01-10T06:30:00Z,1.08073533920908,1.0807986526238114,1.0803585056641745,1.0806965503893797,0.0
2024-01-10T06:45:00Z,1.0806965503893797,1.08104575855943,1.0802816778992115,1.0805260161270707,0.0
2024-01-10T07:00:00Z,1.0805260161270707,1.0806577250695086,1.0797609040850384,1.0798474298271856,0.0
2024-01-10T07:15:00Z,1.0798474298271856,1.0807134943641992,1.0798299674269538,1.0804778050352168,0.0
2024-01-10T07:30:00Z,1.0804778050352168,1.0806221990834524,1.0797622655975216,1.0799493695286249,0.0
2024-01-10T07:45:00Z,1.0799493695286249,1.0802277899674242,1.0798078966039324,1.0800726374470733,0.0
2024-01-10T08:00:00Z,1.0800726374470733,1.0803043021031267,1.0791487065967922,1.0792822183731996,0.0
2024-01-10T08:15:00Z,1.0792822183731996,1.0794659814566465,1.0781204788133891,1.078515037897592,0.0
2024-01-10T08:30:00Z,1.078515037897592,1.0785733693654798,1.0775192586585929,1.0777876482833781,0.0
2024-01-10T08:45:00Z,1.0777876482833781,1.077896983509388,1.0772239145910492,1.0774239152824372,0.0
2024-01-10T09:00:00Z,1.0774239152824372,1.0776514996163742,1.0768319640726625,1.0770432234722684,0.0
2024-01-10T09:15:00Z,1.0770432234722684,1.078171233370499,1.0770295788398245,1.0777743603562318,0.0
2024-01-10T09:30:00Z,1.0777743603562318,1.078179730960347,1.0774254072754605,1.0778713658534804,0.0
2024-01-10T09:45:00Z,1.0778713658534804,1.0785634840728464,1.0776175165375421,1.0783102433457443,0.0
2024-01-10T10:00:00Z,1.0783102433457443,1.078422876770125,1.077772773931658,1.0780909000505505,0.0
2024-01-10T10:15:00Z,1.0780909000505505,1.079062859156662,1.0778183665292798,1.0786874016727113,0.0
2024-01-10T10:30:00Z,1.0786874016727113,1.0789927345310995,1.0780779822716888,1.0783737951120393,0.0
2024-01-10T10:45:00Z,1.0783737951120393,1.0786421301971274,1.0782336231911651,1.0783880463781994,0.0
2024-01-10T11:00:00Z,1.0783880463781994,1.078631615645583,1.078363866768471,1.0784692306666497,0.0
2024-01-10T11:15:00Z,1.0784692306666497,1.0785985106612677,1.0778134084757225,1.0782087767829034,0.0
2024-01-10T11:30:00Z,1.0782087767829034,1.0783556909666816,1.0780817539151215,1.0781791227151931,0.0
2024-01-10T11:45:00Z,1.0781791227151931,1.0783188171113038,1.0777005781634068,1.0777548261930125,0.0
2024-01-10T12:00:00Z,1.0777548261930125,1.0781032167563558,1.0767851474279244,1.0769663981831301,0.0
2024-01-10T12:15:00Z,1.0769663981831301,1.077193888947308,1.0767582633670045,1.0768792274439094,0.0
2024-01-10T12:30:00Z,1.0768792274439094,1.076905757555174,1.0762289024127103,1.0763494982038113,0.0
2024-01-10T12:45:00Z,1.0763494982038113,1.076640160169336,1.075822584278848,1.07604309245988,0.0
2024-01-10T13:00:00Z,1.07604309245988,1.076879166695727,1.0756746026872317,1.0767429798186148,0.0
2024-01-10T13:15:00Z,1.0767429798186148,1.0769083435723033,1.076671482454856,1.076876330762237,0.0
2024-01-10T13:30:00Z,1.076876330762237,1.0774000844764464,1.0767335400841813,1.077005099580061,0.0
2024-01-10T13:45:00Z,1.077005099580061,1.077615509589333,1.0766577766394672,1.0774442017015369,0.0
2024-01-10T14:00:00Z,1.0774442017015369,1.0776380080258974,1.076392954722238,1.0767525970019083,0.0
2024-01-10T14:15:00Z,1.0767525970019083,1.076855612697559,1.0763847634466641,1.0763939922476717,0.0
2024-01-10T14:30:00Z,1.0763939922476717,1.0765012126626587,1.0755755383888363,1.075857296441007,0.0
2024-01-10T14:45:00Z,1.075857296441007,1.0760171258711337,1.0753264601428332,1.0754065992341246,0.0
2024-01-10T15:00:00Z,1.0754065992341246,1.0759168715273122,1.0751473616523364,1.075571242799334,0.0
2024-01-10T15:15:00Z,1.075571242799334,1.0758647985420056,1.0747007242366533,1.075085980300976,0.0
2024-01-10T15:30:00Z,1.075085980300976,1.0752793383565313,1.0747621922308446,1.0752476149970853,0.0
2024-01-10T15:45:00Z,1.0752476149970853,1.0759849048103087,1.0751929488355332,1.075848440671327,0.0
2024-01-10T16:00:00Z,1.075848440671327,1.0760632164471244,1.0749993469392902,1.075349523786316,0.0
2024-01-10T16:15:00Z,1.075349523786316,1.0759425064936947,1.0752646332528641,1.0755733513787233,0.0
2024-01-10T16:30:00Z,1.0755733513787233,1.0758730811373052,1.0750365783467275,1.0752961515962056,0.0
2024-01-10T16:45:00Z,1.0752961515962056,1.0755677370511476,1.0750095502264212,1.0751446601522114,0.0
2024-01-10T17:00:00Z,1.0751446601522114,1.0753103689020906,1.0744183913790313,1.0744365770454947,0.0
2024-01-10T17:15:00Z,1.0744365770454947,1.074772482908026,1.0742388330783554,1.0746386750290073,0.0
2024-01-10T17:30:00Z,1.0746386750290073,1.074898036992096,1.07445332378875,1.0747952300426586,0.0
2024-01-10T17:45:00Z,1.0747952300426586,1.0751653456366788,1.073791334439386,1.074016990160973,0.0
2024-01-10T18:00:00Z,1.074016990160973,1.0748194366981962,1.0737714031258232,1.0747970296778206,0.0
2024-01-10T18:15:00Z,1.0747970296778206,1.0752873118661657,1.0747596501953767,1.0751556454199667,0.0
2024-01-10T18:30:00Z,1.0751556454199667,1.0752127086375156,1.0742986765104685,1.0746055518193416,0.0
2024-01-10T18:45:00Z,1.0746055518193416,1.074931158732794,1.0737800480441244,1.0739493406262313,0.0
2024-01-10T19:00:00Z,1.0739493406262313,1.0742465936913002,1.0737273427180163,1.0740111980843476,0.0
2024-01-10T19:15:00Z,1.0740111980843476,1.0745036007049629,1.0738788623373738,1.0742629730508426,0.0
2024-01-10T19:30:00Z,1.0742629730508426,1.0747518382901295,1.0739784017087393,1.0746487059235514,0.0
2024-01-10T19:45:00Z,1.0746487059235514,1.0753803962521908,1.0745250048200679,1.0750699995759863,0.0
2024-01-10T20:00:00Z,1.0750699995759863,1.075897123035875,1.0748887351738372,1.075506169099577,0.0
2024-01-10T20:15:00Z,1.075506169099577,1.0757154980297454,1.0747750135436478,1.0751513895504714,0.0
2024-01-10T20:30:00Z,1.0751513895504714,1.0751550056735462,1.0743720675280093,1.074562372960984,0.0
2024-01-10T20:45:00Z,1.074562372960984,1.0751206162512104,1.0744173734385642,1.0748109506965176,0.0
2024-01-10T21:00:00Z,1.0748109506965176,1.0756854580102355,1.0745083153934403,1.0755941909507876,0.0
2024-01-10T21:15:00Z,1.0755941909507876,1.075605371448865,1.0748843933050567,1.074938050539136,0.0
2024-01-10T21:30:00Z,1.074938050539136,1.0751387909158616,1.0740122174759976,1.0742343166007193,0.0
2024-01-10T21:45:00Z,1.0742343166007193,1.074610215559778,1.0735789838872907,1.0737252276345775,0.0
2024-01-10T22:00:00Z,1.0737252276345775,1.0737961993228207,1.0728690334685005,1.0731641322168735,0.0
2024-01-10T22:15:00Z,1.0731641322168735,1.0739032948128753,1.0731525150291623,1.0738384628302373,0.0
2024-01-10T22:30:00Z,1.0738384628302373,1.0743804654553453,1.0734455303649826,1.0742834312649243,0.0
2024-01-10T22:45:00Z,1.0742834312649243,1.074537881502414,1.0741440399587372,1.0742817311164985,0.0
2024-01-10T23:00:00Z,1.0742817311164985,1.0749466256787674,1.0741521984133675,1.0747625860973133,0.0
2024-01-10T23:15:00Z,1.0747625860973133,1.0754513088501405,1.074469231839326,1.0754081871437142,0.0
2024-01-10T23:30:00Z,1.0754081871437142,1.07566637106086,1.074552147901425,1.0747128893995206,0.0
2024-01-10T23:45:00Z,1.0747128893995206,1.0753193782312518,1.0744872089636963,1.0752953840202095,0.0
2024-01-11T00:00:00Z,1.0752953840202095,1.0756630358862151,1.074773287576947,1.0751512678439263,0.0
2024-01-11T00:15:00Z,1.0751512678439263,1.0754442973712093,1.0750504963362437,1.0753546642579719,0.0
2024-01-11T00:30:00Z,1.0753546642579719,1.0755281820521096,1.0748818252705106,1.0749743775370912,0.0
2024-01-11T00:45:00Z,1.0749743775370912,1.0752780445055132,1.0742424220655324,1.0744995059651457,0.0
2024-01-11T01:00:00Z,1.0744995059651457,1.0748972305950801,1.074090398782334,1.0741770424989714,0.0
2024-01-11T01:15:00Z,1.0741770424989714,1.074350969158319,1.0738318145215349,1.0742882797243947,0.0
2024-01-11T01:30:00Z,1.0742882797243947,1.0749860134754268,1.0739876639126398,1.0748791030024547,0.0
2024-01-11T01:45:00Z,1.0748791030024547,1.0755086570246737,1.074746491718783,1.0753956306468515,0.0
2024-01-11T02:00:00Z,1.0753956306468515,1.0757520184773763,1.0753078738169002,1.0753725129004041,0.0
2024-01-11T02:15:00Z,1.0753725129004041,1.075903987116382,1.075191293760077,1.0756649502822708,0.0
2024-01-11T02:30:00Z,1.0756649502822708,1.0761448522635968,1.0755810230030032,1.0757917090490665,0.0
2024-01-11T02:45:00Z,1.0757917090490665,1.0765495650157186,1.0754797831020741,1.076405419270542,0.0
2024-01-11T03:00:00Z,1.076405419270542,1.0770596950579883,1.0760598325023325,1.0769867761707461,0.0
2024-01-11T03:15:00Z,1.0769867761707461,1.077897534276948,1.076977006528974,1.0777784931866825,0.0
2024-01-11T03:30:00Z,1.0777784931866825,1.0781682277615747,1.077153216539098,1.077156986795538,0.0
2024-01-11T03:45:00Z,1.077156986795538,1.0778758791544176,1.0768625803983394,1.077815558149721,0.0
2024-01-11T04:00:00Z,1.077815558149721,1.0778830549723897,1.0768985277544756,1.0771716355793888,0.0
2024-01-11T04:15:00Z,1.0771716355793888,1.0773074514878271,1.076148604615823,1.076516005806418,0.0
2024-01-11T04:30:00Z,1.076516005806418,1.0772149569432528,1.0761241458044517,1.0768621764153758,0.0
2024-01-11T04:45:00Z,1.0768621764153758,1.0769560209847053,1.0757979959420296,1.0761148404877139,0.0
2024-01-11T05:00:00Z,1.0761148404877139,1.0764331231729827,1.0759129280858137,1.0764179735702868,0.0
2024-01-11T05:15:00Z,1.0764179735702868,1.076590172079558,1.0759466322183335,1.0759885795584896,0.0
2024-01-11T05:30:00Z,1.0759885795584896,1.0763848913538852,1.0750938795830252,1.0752204757330197,0.0
2024-01-11T05:45:00Z,1.0752204757330197,1.075874376587007,1.0750255336998165,1.0758261911402762,0.0
2024-01-11T06:00:00Z,1.0758261911402762,1.075997581053843,1.0751718951500409,1.0752434876276722,0.0
2024-01-11T06:15:00Z,1.0752434876276722,1.0755992868252116,1.0749482031253283,1.0755401124853414,0.0
2024-01-11T06:30:00Z,1.0755401124853414,1.0755862238053109,1.0753986834072407,1.0755412785547702,0.0
2024-01-11T06:45:00Z,1.0755412785547702,1.0759087550600417,1.0753955283535999,1.075535304988682,0.0
2024-01-11T07:00:00Z,1.075535304988682,1.0759223052453755,1.0747262629914542,1.075079524778821,0.0
2024-01-11T07:15:00Z,1.075079524778821,1.0755589512849622,1.0750086369151397,1.0754497621420687,0.0
2024-01-11T07:30:00Z,1.0754497621420687,1.0754773304703489,1.0750559223204903,1.0750731993949358,0.0
2024-01-11T07:45:00Z,1.0750731993949358,1.0752504504328344,1.074850551474828,1.0750872014683175,0.0
2024-01-11T08:00:00Z,1.0750872014683175,1.0750914375207283,1.0745921194953234,1.0748673772527528,0.0
2024-01-11T08:15:00Z,1.0748673772527528,1.075329948251115,1.074647853237771,1.0751123604186577,0.0
2024-01-11T08:30:00Z,1.0751123604186577,1.0758097658333428,1.0747627309189085,1.0754168212709274,0.0
2024-01-11T08:45:00Z,1.0754168212709274,1.0759249501806831,1.0752895151656117,1.0757652369230666,0.0
2024-01-11T09:00:00Z,1.0757652369230666,1.0761544114653483,1.0754810444854503,1.0756358755365645,0.0
2024-01-11T09:15:00Z,1.0756358755365645,1.0757998645196107,1.075395318600982,1.0754525392414567,0.0
2024-01-11T09:30:00Z,1.0754525392414567,1.0762520075792876,1.0752094072686043,1.0762499071913594,0.0
2024-01-11T09:45:00Z,1.0762499071913594,1.0770338269300341,1.0760055441017682,1.0769319607929657,0.0
2024-01-11T10:00:00Z,1.0769319607929657,1.077028265590572,1.0766557416046947,1.076735109873135,0.0
2024-01-11T10:15:00Z,1.076735109873135,1.077072332802794,1.0758073875600696,1.0761209745015312,0.0
2024-01-11T10:30:00Z,1.0761209745015312,1.076794411948696,1.0758432987549755,1.0767746079376914,0.0
2024-01-11T10:45:00Z,1.0767746079376914,1.077033097348099,1.076274025230976,1.0764936045302709,0.0
2024-01-11T11:00:00Z,1.0764936045302709,1.076882249757756,1.0761982175255036,1.0761985904403943,0.0
2024-01-11T11:15:00Z,1.0761985904403943,1.0769339098761694,1.07599453874212,1.0765925207760034,0.0
2024-01-11T11:30:00Z,1.0765925207760034,1.0771380904896097,1.0764987469555287,1.0767401910038432,0.0
2024-01-11T11:45:00Z,1.0767401910038432,1.0772447349849033,1.0765886567345246,1.0769474126762753,0.0
2024-01-11T12:00:00Z,1.0769474126762753,1.0774442989392656,1.0767369090615324,1.077286889393558,0.0
2024-01-11T12:15:00Z,1.077286889393558,1.0777382725386062,1.0771580347162624,1.077467391422734,0.0
2024-01-11T12:30:00Z,1.077467391422734,1.0778908594368954,1.0773780858581994,1.0776736323842537,0.0
2024-01-11T12:45:00Z,1.0776736323842537,1.0779596328366643,1.0773101335658533,1.077853660641211,0.0
2024-01-11T13:00:00Z,1.077853660641211,1.0781422851792386,1.0776020857250905,1.0778109030449292,0.0
2024-01-11T13:15:00Z,1.0778109030449292,1.077899392651904,1.0777166563570908,1.0777734921845183,0.0
2024-01-11T13:30:00Z,1.0777734921845183,1.0786687179847736,1.0775639195021232,1.078457218098964,0.0
2024-01-11T13:45:00Z,1.078457218098964,1.0788265181009498,1.0783617612166252,1.0785011768960509,0.0
2024-01-11T14:00:00Z,1.0785011768960509,1.078829930899879,1.0777928209490097,1.0779769404572097,0.0
2024-01-11T14:15:00Z,1.0779769404572097,1.0785327593655591,1.0776193306319202,1.0782017818486225,0.0
2024-01-11T14:30:00Z,1.0782017818486225,1.078807534844126,1.0780492770130117,1.0787902311826545,0.0
2024-01-11T14:45:00Z,1.0787902311826545,1.0796487328848514,1.0787410175782937,1.079321624613646,0.0
2024-01-11T15:00:00Z,1.079321624613646,1.0794222173352725,1.078726654484054,1.0787677756640064,0.0
2024-01-11T15:15:00Z,1.0787677756640064,1.0790890608835642,1.078329869161371,1.0785384102515685,0.0
2024-01-11T15:30:00Z,1.0785384102515685,1.0785736103594856,1.0783046790483655,1.078462898350932,0.0
2024-01-11T15:45:00Z,1.078462898350932,1.0795360437640225,1.0782831725172934,1.0792580374901812,0.0
2024-01-11T16:00:00Z,1.0792580374901812,1.0795773501376864,1.078919860337921,1.0792233814629915,0.0
2024-01-11T16:15:00Z,1.0792233814629915,1.0794954534388501,1.0785164201248734,1.078663190296661,0.0
2024-01-11T16:30:00Z,1.078663190296661,1.0787913520139085,1.0785148807811746,1.078696300303235,0.0
2024-01-11T16:45:00Z,1.078696300303235,1.0788487535834839,1.078433344961449,1.0784404516547055,0.0
2024-01-11T17:00:00Z,1.0784404516547055,1.0786686716444216,1.0779387223582972,1.0779618162243791,0.0
2024-01-11T17:15:00Z,1.0779618162243791,1.0782490884349314,1.0773374651917325,1.0774473033553376,0.0
2024-01-11T17:30:00Z,1.0774473033553376,1.0775440359934148,1.076832069068506,1.077165725604364,0.0
2024-01-11T17:45:00Z,1.077165725604364,1.0774201827845464,1.0761682951487148,1.076511851535212,0.0
2024-01-11T18:00:00Z,1.076511851535212,1.076681109798795,1.0757176189796518,1.076034544240942,0.0
2024-01-11T18:15:00Z,1.076034544240942,1.0763717701669977,1.0760169841859324,1.0762231225936443,0.0
2024-01-11T18:30:00Z,1.0762231225936443,1.076369992363461,1.075846156047913,1.0761311706079957,0.0
2024-01-11T18:45:00Z,1.0761311706079957,1.0762943403240885,1.07554429086666,1.0758035652290077,0.0
2024-01-11T19:00:00Z,1.0758035652290077,1.0764418285000588,1.0756494223341146,1.0763008874934024,0.0
2024-01-11T19:15:00Z,1.0763008874934024,1.0767967357769808,1.0762242435228602,1.0764268089469913,0.0
2024-01-11T19:30:00Z,1.0764268089469913,1.0774657694038008,1.076277866565659,1.0771810110011546,0.0
2024-01-11T19:45:00Z,1.0771810110011546,1.0775777534662712,1.0771526990598888,1.077445973235689,0.0
2024-01-11T20:00:00Z,1.077445973235689,1.0780073958882177,1.077235647209563,1.077855634653239,0.0
2024-01-11T20:15:00Z,1.077855634653239,1.0782161599830762,1.0775473796333102,1.0778501942266003,0.0
2024-01-11T20:30:00Z,1.0778501942266003,1.0780873048549773,1.0769061206434034,1.0770911371590608,0.0
2024-01-11T20:45:00Z,1.0770911371590608,1.0774269691899416,1.0768646651174802,1.0770306222047434,0.0
2024-01-11T21:00:00Z,1.0770306222047434,1.077386763044991,1.0768124510114636,1.0769883860694542,0.0
2024-01-11T21:15:00Z,1.0769883860694542,1.0771931031117596,1.0766445501956468,1.0769744183066894,0.0
2024-01-11T21:30:00Z,1.0769744183066894,1.0775432064063655,1.0768137472736001,1.0772470271380046,0.0
2024-01-11T21:45:00Z,1.0772470271380046,1.0775189637611426,1.076290427912522,1.0765119678877186,0.0
2024-01-11T22:00:00Z,1.0765119678877186,1.0772506846599468,1.0764647202094089,1.0769427333542596,0.0
2024-01-11T22:15:00Z,1.0769427333542596,1.0769735880877596,1.0761688749959244,1.0764958669355151,0.0
2024-01-11T22:30:00Z,1.0764958669355151,1.0765311670349123,1.075557272593558,1.0758585972657075,0.0
2024-01-11T22:45:00Z,1.0758585972657075,1.0759836611935998,1.0755862042918083,1.0759616593166972,0.0
2024-01-11T23:00:00Z,1.0759616593166972,1.076492471455628,1.075939747986026,1.0762993548716162,0.0
2024-01-11T23:15:00Z,1.0762993548716162,1.0767721482624726,1.0760657773575035,1.0766049786622134,0.0
2024-01-11T23:30:00Z,1.0766049786622134,1.0777286697879578,1.0762562055802356,1.0774019300086937,0.0
2024-01-11T23:45:00Z,1.0774019300086937,1.077535664369598,1.0766274815492465,1.076834769203474,0.0
2024-01-12T00:00:00Z,1.076834769203474,1.07723024146937,1.0759345442770756,1.0760444112345018,0.0
2024-01-12T00:15:00Z,1.0760444112345018,1.0761696274514942,1.0755621507679338,1.0756641603285901,0.0
2024-01-12T00:30:00Z,1.0756641603285901,1.076460643125825,1.0754597679553686,1.076238365635344,0.0
2024-01-12T00:45:00Z,1.076238365635344,1.0762588252643637,1.0759889213964302,1.0761107172779654,0.0
2024-01-12T01:00:00Z,1.0761107172779654,1.0770183464369303,1.0757680607861506,1.0766975576140525,0.0
2024-01-12T01:15:00Z,1.0766975576140525,1.0767783605408663,1.0762880503036987,1.0763088931932685,0.0
2024-01-12T01:30:00Z,1.0763088931932685,1.0765173743815106,1.0761232033724535,1.0763678515288142,0.0
2024-01-12T01:45:00Z,1.0763678515288142,1.0766013618684953,1.076203939542192,1.0763502308068764,0.0
2024-01-12T02:00:00Z,1.0763502308068764,1.0769126562975642,1.0759824793256207,1.0768325498798592,0.0
2024-01-12T02:15:00Z,1.0768325498798592,1.0769428178181895,1.076706843239948,1.0769223536549777,0.0
2024-01-12T02:30:00Z,1.0769223536549777,1.0771388514524132,1.0766963813308943,1.076975280005424,0.0
2024-01-12T02:45:00Z,1.076975280005424,1.077084702835826,1.0763745309768074,1.076692966360959,0.0
2024-01-12T03:00:00Z,1.076692966360959,1.0769771888154156,1.07603843657732,1.076359421226898,0.0
2024-01-12T03:15:00Z,1.076359421226898,1.0766886153430402,1.075985477630631,1.076506768648672,0.0
2024-01-12T03:30:00Z,1.076506768648672,1.0768579933041906,1.0763954914607146,1.0764185780120832,0.0
2024-01-12T03:45:00Z,1.0764185780120832,1.0766742874281283,1.0762929460249153,1.0763125312503097,0.0
2024-01-12T04:00:00Z,1.0763125312503097,1.0769215110933719,1.0760740173976624,1.0768927398722876,0.0
2024-01-12T04:15:00Z,1.0768927398722876,1.0772616992566135,1.0761565811178184,1.0763810048623097,0.0
2024-01-12T04:30:00Z,1.0763810048623097,1.0770614084283046,1.0761114641360043,1.0768621216359642,0.0
2024-01-12T04:45:00Z,1.0768621216359642,1.0772600122508214,1.0767777110354972,1.0771420552047837,0.0
2024-01-12T05:00:00Z,1.0771420552047837,1.077741650123909,1.0767749119710215,1.0776833399228078,0.0
2024-01-12T05:15:00Z,1.0776833399228078,1.0777236848479304,1.0771762979942283,1.0772143920773039,0.0
2024-01-12T05:30:00Z,1.0772143920773039,1.0780495446002745,1.0770485156195417,1.0776691962604477,0.0
2024-01-12T05:45:00Z,1.0776691962604477,1.0780264406508173,1.0773068449280143,1.0779234047159334,0.0
2024-01-12T06:00:00Z,1.0779234047159334,1.0782827999265765,1.0779007388340498,1.0782208651697367,0.0
2024-01-12T06:15:00Z,1.0782208651697367,1.078550699990644,1.0778864143423577,1.0785339973620311,0.0
2024-01-12T06:30:00Z,1.0785339973620311,1.0786270643937566,1.0779709910987616,1.0782038135431922,0.0
2024-01-12T06:45:00Z,1.0782038135431922,1.078428043483128,1.0778521854587655,1.0779137809741048,0.0
2024-01-12T07:00:00Z,1.0779137809741048,1.0787025838558848,1.0775772588591885,1.078572826911858,0.0
2024-01-12T07:15:00Z,1.078572826911858,1.0788925757118537,1.0776238242899434,1.0780158634197692,0.0
2024-01-12T07:30:00Z,1.0780158634197692,1.0780290403566568,1.0776902754579187,1.0778422653087856,0.0
2024-01-12T07:45:00Z,1.0778422653087856,1.0781568644556854,1.0776239774543102,1.0780675184770234,0.0
2024-01-12T08:00:00Z,1.0780675184770234,1.0782532996285235,1.0771259672375586,1.07741726303772,0.0
2024-01-12T08:15:00Z,1.07741726303772,1.0776888257701822,1.0772592875288332,1.0773050366389323,0.0
2024-01-12T08:30:00Z,1.0773050366389323,1.077879479314835,1.076935709772632,1.0778306284218815,0.0
2024-01-12T08:45:00Z,1.0778306284218815,1.079000205842083,1.0776200942305325,1.0786244341242832,0.0
2024-01-12T09:00:00Z,1.0786244341242832,1.0787636135448073,1.0779895004325974,1.0782896479772839,0.0
2024-01-12T09:15:00Z,1.0782896479772839,1.0786615794166625,1.0782469320772117,1.0782841286693057,0.0
2024-01-12T09:30:00Z,1.0782841286693057,1.078629725546949,1.0780206067552291,1.078259717554613,0.0
2024-01-12T09:45:00Z,1.078259717554613,1.0783602373942165,1.0782038343721156,1.0783248638072003,0.0
2024-01-12T10:00:00Z,1.0783248638072003,1.0786820896716258,1.0776205793364242,1.0779587423335037,0.0
2024-01-12T10:15:00Z,1.0779587423335037,1.07832858506635,1.077509266147273,1.0775222277124699,0.0
2024-01-12T10:30:00Z,1.0775222277124699,1.0780672388972934,1.077384508292292,1.0776802970620052,0.0
2024-01-12T10:45:00Z,1.0776802970620052,1.0786539514213127,1.0776602747824686,1.0783913386692923,0.0
2024-01-12T11:00:00Z,1.0783913386692923,1.0785711881374074,1.0780253964684865,1.0781243550213524,0.0
2024-01-12T11:15:00Z,1.0781243550213524,1.0785836614031914,1.077809264553327,1.0785121184663011,0.0
2024-01-12T11:30:00Z,1.0785121184663011,1.0785398882575576,1.077965620110379,1.0781892901473358,0.0
2024-01-12T11:45:00Z,1.0781892901473358,1.0784099175211295,1.077227164347759,1.077542359998102,0.0
2024-01-12T12:00:00Z,1.077542359998102,1.0778798719268063,1.0775288691601714,1.077695313186441,0.0
2024-01-12T12:15:00Z,1.077695313186441,1.077755587515418,1.0774365887958852,1.0777166968007337,0.0
2024-01-12T12:30:00Z,1.0777166968007337,1.0779478929772541,1.076986699364285,1.0771278477499178,0.0
2024-01-12T12:45:00Z,1.0771278477499178,1.0773931056202768,1.0768618343289516,1.0769273880756502,0.0
2024-01-12T13:00:00Z,1.0769273880756502,1.0773040062973207,1.0762662517603225,1.0763989041086173,0.0
2024-01-12T13:15:00Z,1.0763989041086173,1.0772959513702602,1.0762068052636617,1.0769465778185434,0.0
2024-01-12T13:30:00Z,1.0769465778185434,1.0769841830925846,1.076033412597348,1.0763850372418622,0.0
2024-01-12T13:45:00Z,1.0763850372418622,1.076583488776582,1.0755579561190802,1.0757723507407535,0.0
2024-01-12T14:00:00Z,1.0757723507407535,1.0759594762484836,1.0750948722178826,1.0751604829234025,0.0
2024-01-12T14:15:00Z,1.0751604829234025,1.0754199443245804,1.0750137232406596,1.075217231087604,0.0
2024-01-12T14:30:00Z,1.075217231087604,1.07537871848085,1.0746521887085403,1.0747335720262137,0.0
2024-01-12T14:45:00Z,1.0747335720262137,1.0748295257819696,1.0737883424902133,1.0741369533966199,0.0
2024-01-12T15:00:00Z,1.0741369533966199,1.074496071122271,1.0741309088415942,1.0741398275116059,0.0
2024-01-12T15:15:00Z,1.0741398275116059,1.0750444879302543,1.0738234080421856,1.0748491275057606,0.0
2024-01-12T15:30:00Z,1.0748491275057606,1.0752373696598447,1.0747574227226575,1.0749617860566303,0.0
2024-01-12T15:45:00Z,1.0749617860566303,1.075423316135656,1.0748561163853387,1.0753618533165532,0.0
2024-01-12T16:00:00Z,1.0753618533165532,1.075519160308441,1.074404078893748,1.074611325391348,0.0
2024-01-12T16:15:00Z,1.074611325391348,1.074967527359305,1.0742447274218618,1.07427845783537,0.0
2024-01-12T16:30:00Z,1.07427845783537,1.0744976523790715,1.0740403402276126,1.0744040852245342,0.0
2024-01-12T16:45:00Z,1.0744040852245342,1.0751428218059518,1.074379229816994,1.074858505773366,0.0
2024-01-12T17:00:00Z,1.074858505773366,1.0750981769540233,1.0740585254583783,1.0744517061836492,0.0
2024-01-12T17:15:00Z,1.0744517061836492,1.0746990054994976,1.0734409267810503,1.0737176623496174,0.0
2024-01-12T17:30:00Z,1.0737176623496174,1.0743579243641805,1.073393441982069,1.0742210955926967,0.0
2024-01-12T17:45:00Z,1.0742210955926967,1.0745894339248216,1.07415565299796,1.074159959318262,0.0
2024-01-12T18:00:00Z,1.074159959318262,1.0750292404627384,1.0739971173454572,1.074864452542065,0.0
2024-01-12T18:15:00Z,1.074864452542065,1.0749623877392636,1.0739118279815987,1.07420532989369,0.0
2024-01-12T18:30:00Z,1.07420532989369,1.074551913026035,1.074067602168869,1.0744914192325545,0.0
2024-01-12T18:45:00Z,1.0744914192325545,1.0745706994895559,1.0738281553785542,1.0739160126001757,0.0
2024-01-12T19:00:00Z,1.0739160126001757,1.0743064036670453,1.0732467918868926,1.0736457094069474,0.0
2024-01-12T19:15:00Z,1.0736457094069474,1.0743041426671511,1.0734467780719585,1.074112251756771,0.0
2024-01-12T19:30:00Z,1.074112251756771,1.0749223065906273,1.0738116672926874,1.0745590680978134,0.0
2024-01-12T19:45:00Z,1.0745590680978134,1.0748569064433329,1.0743090058525329,1.0747772908716353,0.0
2024-01-12T20:00:00Z,1.0747772908716353,1.075645098119494,1.0747403362879577,1.0753304513049946,0.0
2024-01-12T20:15:00Z,1.0753304513049946,1.0758180419918766,1.0752655603814847,1.0756783621976165,0.0
2024-01-12T20:30:00Z,1.0756783621976165,1.076692649096415,1.0753801392311355,1.0764235617288445,0.0
2024-01-12T20:45:00Z,1.0764235617288445,1.0767549333392883,1.0754646147758289,1.0758394678751242,0.0
2024-01-12T21:00:00Z,1.0758394678751242,1.076785107910626,1.0755064852283356,1.076487122838293,0.0
2024-01-12T21:15:00Z,1.076487122838293,1.0772067451757688,1.0763129944746068,1.0769705925352928,0.0
2024-01-12T21:30:00Z,1.0769705925352928,1.0778046427659649,1.07662226290327,1.0774908706271975,0.0
2024-01-12T21:45:00Z,1.0774908706271975,1.0778752455634015,1.0769565562461252,1.0771692247444482,0.0
2024-01-12T22:00:00Z,1.0771692247444482,1.0779290623468196,1.0767818407536145,1.077882727075616,0.0
2024-01-12T22:15:00Z,1.077882727075616,1.0784434957960038,1.0775473781868388,1.078342694030828,0.0
2024-01-12T22:30:00Z,1.078342694030828,1.0784218994561727,1.0777308710632953,1.077914032985278,0.0
2024-01-12T22:45:00Z,1.077914032985278,1.0781110812576942,1.0771294125201694,1.0774926600814252,0.0
2024-01-12T23:00:00Z,1.0774926600814252,1.0780733407962957,1.0773358548383396,1.077789182101402,0.0
2024-01-12T23:15:00Z,1.077789182101402,1.0785607874416625,1.0775160396301664,1.078243328765483,0.0
2024-01-12T23:30:00Z,1.078243328765483,1.0792803689447046,1.0780808323806592,1.0789500612095624,0.0
2024-01-12T23:45:00Z,1.0789500612095624,1.0792110516613511,1.077954915909894,1.0782894187791179,0.0
2024-01-13T00:00:00Z,1.0782894187791179,1.0785273652176215,1.0776982461591387,1.0780327650966866,0.0
2024-01-13T00:15:00Z,1.0780327650966866,1.0785032823997944,1.0778371438994514,1.0785014842608764,0.0
2024-01-13T00:30:00Z,1.0785014842608764,1.0785457231199285,1.077402693830833,1.077727649972172,0.0
2024-01-13T00:45:00Z,1.077727649972172,1.0779695528340636,1.0774145078855988,1.0775975014947465,0.0
2024-01-13T01:00:00Z,1.0775975014947465,1.0776829642827415,1.0771926835016652,1.0773341691700677,0.0
2024-01-13T01:15:00Z,1.0773341691700677,1.0781331394756783,1.0772173164802776,1.0778854289436313,0.0
2024-01-13T01:30:00Z,1.0778854289436313,1.0779938328325342,1.076945720263956,1.077226190938857,0.0
2024-01-13T01:45:00Z,1.077226190938857,1.0774905907103631,1.0768105884109647,1.077133441026207,0.0
2024-01-13T02:00:00Z,1.077133441026207,1.077406621477085,1.0765099693533433,1.0765265780307771,0.0
2024-01-13T02:15:00Z,1.0765265780307771,1.0771169182814353,1.0764179857907634,1.0770432758654658,0.0
2024-01-13T02:30:00Z,1.0770432758654658,1.0779205565709506,1.0769535957202272,1.0777756071074418,0.0
2024-01-13T02:45:00Z,1.0777756071074418,1.078643473570344,1.0774180474206603,1.078399376924983,0.0
2024-01-13T03:00:00Z,1.078399376924983,1.0785992486060727,1.0778480316372967,1.0782303451298219,0.0
2024-01-13T03:15:00Z,1.0782303451298219,1.0786365716151027,1.07815456607668,1.0782411513063739,0.0
2024-01-13T03:30:00Z,1.0782411513063739,1.0788350397717306,1.0780302739831962,1.0787701542466501,0.0
2024-01-13T03:45:00Z,1.0787701542466501,1.0788402929159733,1.0775927164291006,1.0779707184028664,0.0
2024-01-13T04:00:00Z,1.0779707184028664,1.07829447627383,1.0777977067468336,1.077898031594343,0.0
2024-01-13T04:15:00Z,1.077898031594343,1.0779383944679704,1.0774406471897147,1.0776617178778864,0.0
2024-01-13T04:30:00Z,1.0776617178778864,1.0784468687446294,1.0775110427535541,1.0782413219761247,0.0
2024-01-13T04:45:00Z,1.0782413219761247,1.0792846212167932,1.0779747986792438,1.0789271008890662,0.0
2024-01-13T05:00:00Z,1.0789271008890662,1.079176707967294,1.0780709065383192,1.0782485453708477,0.0
2024-01-13T05:15:00Z,1.0782485453708477,1.0791258252618876,1.0779840797058968,1.0789810966749,0.0
2024-01-13T05:30:00Z,1.0789810966749,1.0793425204763314,1.0787722241515665,1.0791921752076712,0.0
2024-01-13T05:45:00Z,1.0791921752076712,1.079837531218744,1.0789929285671875,1.079474656747632,0.0
2024-01-13T06:00:00Z,1.079474656747632,1.0798651361484397,1.0792338210180663,1.0792566128324985,0.0
2024-01-13T06:15:00Z,1.0792566128324985,1.0800657284797888,1.0790336476028168,1.0797923150716313,0.0
2024-01-13T06:30:00Z,1.0797923150716313,1.080092744622972,1.079352245166983,1.0797086888884928,0.0
2024-01-13T06:45:00Z,1.0797086888884928,1.0803747940959574,1.0796946460075159,1.08007486724141,0.0
2024-01-13T07:00:00Z,1.08007486724141,1.0801296642888076,1.0794139900583104,1.0797951802716823,0.0
2024-01-13T07:15:00Z,1.0797951802716823,1.0804792545789854,1.0795601610470447,1.0804214440722015,0.0
2024-01-13T07:30:00Z,1.0804214440722015,1.080562938879891,1.0802645564092734,1.0805442699392345,0.0
2024-01-13T07:45:00Z,1.0805442699392345,1.081196666380755,1.0804319213331628,1.0809400679618573,0.0
2024-01-13T08:00:00Z,1.0809400679618573,1.0814764599912017,1.0807223529159706,1.0813599914729062,0.0
2024-01-13T08:15:00Z,1.0813599914729062,1.0817512518596342,1.0809735962214786,1.0812331157331911,0.0
2024-01-13T08:30:00Z,1.0812331157331911,1.0819915604550077,1.0810809213092385,1.0817209615825862,0.0
2024-01-13T08:45:00Z,1.0817209615825862,1.082745677561264,1.0814446211459403,1.082461797904591,0.0
2024-01-13T09:00:00Z,1.082461797904591,1.0825265478572454,1.0818757016351057,1.082105766860158,0.0
2024-01-13T09:15:00Z,1.082105766860158,1.0829446313944338,1.0819668687739268,1.0826271670620546,0.0
2024-01-13T09:30:00Z,1.0826271670620546,1.0828335642730325,1.0817000254395754,1.0820509829585752,0.0
2024-01-13T09:45:00Z,1.0820509829585752,1.0823463208040214,1.0814421512893357,1.0815104222518166,0.0
2024-01-13T10:00:00Z,1.0815104222518166,1.0815318207382736,1.0810905243696496,1.0812095772714287,0.0
2024-01-13T10:15:00Z,1.0812095772714287,1.0815963476282033,1.080637479553949,1.081022329849414,0.0
2024-01-13T10:30:00Z,1.081022329849414,1.0811460912526505,1.0801442744217873,1.0805217633701167,0.0
2024-01-13T10:45:00Z,1.0805217633701167,1.0806501229797445,1.0798622066208914,1.0800375251820968,0.0
2024-01-13T11:00:00Z,1.0800375251820968,1.0801416092189293,1.0792534215185527,1.079411009932863,0.0
2024-01-13T11:15:00Z,1.079411009932863,1.0797964491215597,1.0791210978433383,1.079227837299135,0.0
2024-01-13T11:30:00Z,1.079227837299135,1.0795913476712455,1.0785741012150374,1.0787541966417793,0.0
2024-01-13T11:45:00Z,1.0787541966417793,1.0795484139713794,1.0784427380902162,1.0792935691623244,0.0
2024-01-13T12:00:00Z,1.0792935691623244,1.0793543972677708,1.0786943484830416,1.0789971793804196,0.0
2024-01-13T12:15:00Z,1.0789971793804196,1.0792206773429185,1.0786812881390888,1.078949530112047,0.0
2024-01-13T12:30:00Z,1.078949530112047,1.0794638966961618,1.078804433551577,1.0793537409426934,0.0
2024-01-13T12:45:00Z,1.0793537409426934,1.080233462013201,1.0792383907324696,1.0800217246820163,0.0
2024-01-13T13:00:00Z,1.0800217246820163,1.0803339268999945,1.0797131795306285,1.0802300362412296,0.0
2024-01-13T13:15:00Z,1.0802300362412296,1.0805606947148945,1.079269574716574,1.079496164465748,0.0
2024-01-13T13:30:00Z,1.079496164465748,1.079872133480392,1.0791558026990165,1.0792620114048603,0.0
2024-01-13T13:45:00Z,1.0792620114048603,1.0792899583892575,1.07863199496604,1.0788514129108777,0.0
2024-01-13T14:00:00Z,1.0788514129108777,1.07952861664432,1.0786863193314828,1.0792573898811064,0.0
2024-01-13T14:15:00Z,1.0792573898811064,1.079794318376207,1.079134610937431,1.079749808715218,0.0
2024-01-13T14:30:00Z,1.079749808715218,1.080368362295349,1.079496244906591,1.0799814444428193,0.0
2024-01-13T14:45:00Z,1.0799814444428193,1.0805985135676226,1.0798236453394352,1.0802886695881333,0.0
2024-01-13T15:00:00Z,1.0802886695881333,1.081290216137925,1.0801519717462507,1.0809932358259375,0.0
2024-01-13T15:15:00Z,1.0809932358259375,1.081315528831335,1.0806814592270495,1.0808213477665576,0.0
2024-01-13T15:30:00Z,1.0808213477665576,1.08116999847876,1.0801058081058443,1.080318524851387,0.0
2024-01-13T15:45:00Z,1.080318524851387,1.0806201990105018,1.0799579195868163,1.080352434844721,0.0
2024-01-13T16:00:00Z,1.080352434844721,1.080487926471228,1.0797397586710569,1.0797661386345876,0.0
2024-01-13T16:15:00Z,1.0797661386345876,1.0799669927214728,1.0792864938135793,1.0796272676212655,0.0
2024-01-13T16:30:00Z,1.0796272676212655,1.0801268961870976,1.0794657953686166,1.0798957669150164,0.0
2024-01-13T16:45:00Z,1.0798957669150164,1.080123248216742,1.0795578491261546,1.0800137231328866,0.0
2024-01-13T17:00:00Z,1.0800137231328866,1.0808106415386114,1.0799532607080653,1.080475280447914,0.0
2024-01-13T17:15:00Z,1.080475280447914,1.0810514067063988,1.0802750521259894,1.0807497607055405,0.0
2024-01-13T17:30:00Z,1.0807497607055405,1.08174662596961,1.0804525571439667,1.0813870997406057,0.0
2024-01-13T17:45:00Z,1.0813870997406057,1.0821602037529219,1.0810356326220816,1.0819006665079436,0.0
2024-01-13T18:00:00Z,1.0819006665079436,1.0821823104853339,1.0810292018209702,1.0813107125924364,0.0
2024-01-13T18:15:00Z,1.0813107125924364,1.0816005075092363,1.0812837878667503,1.081490476563959,0.0
2024-01-13T18:30:00Z,1.081490476563959,1.0819855396272482,1.0813812652841863,1.0816558410869508,0.0
2024-01-13T18:45:00Z,1.0816558410869508,1.0817453878249472,1.0811592360222482,1.0811967720364466,0.0
2024-01-13T19:00:00Z,1.0811967720364466,1.081868316722896,1.0808759274008448,1.0814783868594182,0.0
2024-01-13T19:15:00Z,1.0814783868594182,1.0817581612794331,1.081225060118472,1.0812539322898795,0.0
2024-01-13T19:30:00Z,1.0812539322898795,1.0819257417069903,1.08125256054126,1.0817956848899999,0.0
2024-01-13T19:45:00Z,1.0817956848899999,1.0820579756404523,1.0816856605763612,1.0820024709713616,0.0
2024-01-13T20:00:00Z,1.0820024709713616,1.0821807515293227,1.0810750666758975,1.08129703134392,0.0
2024-01-13T20:15:00Z,1.08129703134392,1.0818046739667095,1.0809660747255287,1.0817888318313462,0.0
2024-01-13T20:30:00Z,1.0817888318313462,1.0818786202184485,1.0809139253212274,1.0811657050084422,0.0
2024-01-13T20:45:00Z,1.0811657050084422,1.0812981195298106,1.0806824861407487,1.080909866888038,0.0
2024-01-13T21:00:00Z,1.080909866888038,1.0812272541822723,1.0803748503571209,1.0804584435357558,0.0
2024-01-13T21:15:00Z,1.0804584435357558,1.0813249830333493,1.0802436157576754,1.0810014917384363,0.0
2024-01-13T21:30:00Z,1.0810014917384363,1.0813127275184757,1.0802389276696456,1.080250276664648,0.0
2024-01-13T21:45:00Z,1.080250276664648,1.0804273123106296,1.0802250541576643,1.0802577475140196,0.0
2024-01-13T22:00:00Z,1.0802577475140196,1.0807555761888856,1.080023779553804,1.080465763674433,0.0
2024-01-13T22:15:00Z,1.080465763674433,1.0806705982904818,1.0800704848485307,1.0803059866934406,0.0
2024-01-13T22:30:00Z,1.0803059866934406,1.0806530482526462,1.0794697595703353,1.0798680368293714,0.0
2024-01-13T22:45:00Z,1.0798680368293714,1.0807392454554536,1.079736266747083,1.0803547092471473,0.0
2024-01-13T23:00:00Z,1.0803547092471473,1.0811612660103456,1.0801635585294846,1.0811327132288777,0.0
2024-01-13T23:15:00Z,1.0811327132288777,1.0813143008712172,1.0802736351131907,1.0805467024203066,0.0
2024-01-13T23:30:00Z,1.0805467024203066,1.0810620225325989,1.0804100305058015,1.0808801612089123,0.0
2024-01-13T23:45:00Z,1.0808801612089123,1.081041312156619,1.080270990741321,1.0803840232693624,0.0
2024-01-14T00:00:00Z,1.0803840232693624,1.0806784208645814,1.0796882722618333,1.0798947559567935,0.0
2024-01-14T00:15:00Z,1.0798947559567935,1.0799738375272705,1.0795150433971135,1.0797965381926238,0.0
2024-01-14T00:30:00Z,1.0797965381926238,1.0799027809959625,1.0790872032717935,1.079311310223613,0.0
2024-01-14T00:45:00Z,1.079311310223613,1.080022479706822,1.0790122495457681,1.0796332739491559,0.0
2024-01-14T01:00:00Z,1.0796332739491559,1.0807185402735298,1.079344260716528,1.0803505621574367,0.0
2024-01-14T01:15:00Z,1.0803505621574367,1.0807268739049192,1.0802683056930211,1.0807017821335732,0.0
2024-01-14T01:30:00Z,1.0807017821335732,1.0810472070736872,1.0796338093620312,1.07992260381025,0.0
2024-01-14T01:45:00Z,1.07992260381025,1.0802364224041954,1.0797804513261084,1.0801309058734498,0.0
2024-01-14T02:00:00Z,1.0801309058734498,1.0803837971675587,1.0791961541598967,1.0795927415029771,0.0
2024-01-14T02:15:00Z,1.0795927415029771,1.0796104381271947,1.07921186850453,1.0792819375782408,0.0
2024-01-14T02:30:00Z,1.0792819375782408,1.0796415313273746,1.078728560700846,1.0790503545601884,0.0
2024-01-14T02:45:00Z,1.0790503545601884,1.079091215136648,1.0789357645001711,1.078978444474185,0.0
2024-01-14T03:00:00Z,1.078978444474185,1.0792894326973927,1.0782361404499938,1.0784246453499904,0.0
2024-01-14T03:15:00Z,1.0784246453499904,1.079574247851587,1.078106745418564,1.079209558926626,0.0
2024-01-14T03:30:00Z,1.079209558926626,1.0795383233294216,1.0791202216037328,1.0791715466950054,0.0
2024-01-14T03:45:00Z,1.0791715466950054,1.079396913091466,1.078342557316566,1.0785457319415719,0.0
2024-01-14T04:00:00Z,1.0785457319415719,1.0786465081420342,1.07807210714136,1.0780805945237049,0.0
2024-01-14T04:15:00Z,1.0780805945237049,1.0790188739201514,1.0777024694974342,1.0787347879631062,0.0
2024-01-14T04:30:00Z,1.0787347879631062,1.07967836946629,1.0784418240478602,1.0795036705061811,0.0
2024-01-14T04:45:00Z,1.0795036705061811,1.0798284181636482,1.0789817638984553,1.0793183130924238,0.0
2024-01-14T05:00:00Z,1.0793183130924238,1.0793234633542763,1.0786468290566498,1.0787324405512144,0.0
2024-01-14T05:15:00Z,1.0787324405512144,1.0790205581064534,1.0787287907686367,1.0788689952636443,0.0
2024-01-14T05:30:00Z,1.0788689952636443,1.0797119113826796,1.0786835104794574,1.0793974943539961,0.0
2024-01-14T05:45:00Z,1.0793974943539961,1.0797531027146825,1.078453022070579,1.0786666952298025,0.0
2024-01-14T06:00:00Z,1.0786666952298025,1.0787960416819744,1.0777304316324168,1.0779802639751594,0.0
2024-01-14T06:15:00Z,1.0779802639751594,1.0787905770617168,1.077724477058832,1.078596765872277,0.0
2024-01-14T06:30:00Z,1.078596765872277,1.078694130918434,1.0777636000498747,1.0781259182418637,0.0
2024-01-14T06:45:00Z,1.0781259182418637,1.0781675254998797,1.0777016069307521,1.077938095612419,0.0
2024-01-14T07:00:00Z,1.077938095612419,1.078018057700408,1.077157518615041,1.0773400815073948,0.0
2024-01-14T07:15:00Z,1.0773400815073948,1.0777314922198968,1.077057286975471,1.0774769407922782,0.0
2024-01-14T07:30:00Z,1.0774769407922782,1.0775039639425141,1.077090556815722,1.0773803478266955,0.0
2024-01-14T07:45:00Z,1.0773803478266955,1.0775686112971334,1.0765062886526193,1.0766663750777208,0.0
2024-01-14T08:00:00Z,1.0766663750777208,1.077228503363598,1.076570459409362,1.0769430083387086,0.0
2024-01-14T08:15:00Z,1.0769430083387086,1.077459081415907,1.0767543227736962,1.0771822685529129,0.0
2024-01-14T08:30:00Z,1.0771822685529129,1.077545879218407,1.0763694814465534,1.0766091101590338,0.0
2024-01-14T08:45:00Z,1.0766091101590338,1.0767045505670252,1.0755147594989176,1.0759094968703897,0.0
2024-01-14T09:00:00Z,1.0759094968703897,1.0760664186045024,1.0751602261757596,1.0754754474787016,0.0
2024-01-14T09:15:00Z,1.0754754474787016,1.0762471233474369,1.0751788051107194,1.075993564217786,0.0
2024-01-14T09:30:00Z,1.075993564217786,1.0760310831151645,1.0748643691110722,1.0752548292482014,0.0
2024-01-14T09:45:00Z,1.0752548292482014,1.0757544077315155,1.0752353569161948,1.0757391814911592,0.0
2024-01-14T10:00:00Z,1.0757391814911592,1.0761114552669735,1.0752360669159797,1.0753239027815231,0.0
2024-01-14T10:15:00Z,1.0753239027815231,1.075971052543239,1.0750684470176524,1.0755989106737054,0.0
2024-01-14T10:30:00Z,1.0755989106737054,1.076374939988391,1.0755375457235614,1.0762697579753524,0.0
2024-01-14T10:45:00Z,1.0762697579753524,1.0765726061712524,1.0754573870168926,1.0754989133903967,0.0
2024-01-14T11:00:00Z,1.0754989133903967,1.0765399502991007,1.0754241383885632,1.0762559579785136,0.0
2024-01-14T11:15:00Z,1.0762559579785136,1.0768123876529372,1.0760511073873211,1.0767472607134738,0.0
2024-01-14T11:30:00Z,1.0767472607134738,1.0770620418129029,1.075760667394468,1.0761165337503091,0.0
2024-01-14T11:45:00Z,1.0761165337503091,1.07678359920261,1.0757759680061783,1.0767826942131524,0.0
2024-01-14T12:00:00Z,1.0767826942131524,1.0772006668096745,1.076581704151507,1.076872125745157,0.0
2024-01-14T12:15:00Z,1.076872125745157,1.0773017008046992,1.0765523231732121,1.077063876672281,0.0
2024-01-14T12:30:00Z,1.077063876672281,1.0770855717010077,1.0761698828630837,1.0763880711477642,0.0
2024-01-14T12:45:00Z,1.0763880711477642,1.076546854680952,1.0760505624492662,1.0760536153293148,0.0
2024-01-14T13:00:00Z,1.0760536153293148,1.0764552382267654,1.0757217500797196,1.076445609498175,0.0
2024-01-14T13:15:00Z,1.076445609498175,1.0771272855747,1.076396748049088,1.0769440911990398,0.0
2024-01-14T13:30:00Z,1.0769440911990398,1.0772670384556464,1.0767724720579877,1.0771841844151675,0.0
2024-01-14T13:45:00Z,1.0771841844151675,1.0775747666580329,1.0763423792668374,1.0765608256482861,0.0
2024-01-14T14:00:00Z,1.0765608256482861,1.0765984380331057,1.0760328009672893,1.0763248702988129,0.0
2024-01-14T14:15:00Z,1.0763248702988129,1.0772237675339356,1.0762843036812948,1.0768844380707407,0.0
2024-01-14T14:30:00Z,1.0768844380707407,1.0770055272946895,1.0763676096821697,1.0766725779417896,0.0
2024-01-14T14:45:00Z,1.0766725779417896,1.076915148832503,1.0757176669322446,1.0761090947333019,0.0
2024-01-14T15:00:00Z,1.0761090947333019,1.0765419364570032,1.076079096567803,1.0765391589011832,0.0
2024-01-14T15:15:00Z,1.0765391589011832,1.076816143913975,1.075681524382195,1.0759210301685362,0.0
2024-01-14T15:30:00Z,1.0759210301685362,1.0761354794953055,1.075758072938553,1.0759532301638797,0.0
2024-01-14T15:45:00Z,1.0759532301638797,1.0763902939935068,1.0755866685968158,1.07613086306286,0.0
2024-01-14T16:00:00Z,1.07613086306286,1.0768217847452413,1.0757657147509425,1.0765031638158815,0.0
2024-01-14T16:15:00Z,1.0765031638158815,1.0773293332410256,1.0764909152173354,1.0770426649352436,0.0
2024-01-14T16:30:00Z,1.0770426649352436,1.077672036743568,1.0768703554984422,1.077332045630289,0.0
2024-01-14T16:45:00Z,1.077332045630289,1.0780089916588733,1.0769549470959037,1.0779370670480835,0.0
2024-01-14T17:00:00Z,1.0779370670480835,1.0782196640687516,1.0777427907814912,1.0778438493206066,0.0
2024-01-14T17:15:00Z,1.0778438493206066,1.077983242811244,1.0773949404730447,1.0775247063334303,0.0
2024-01-14T17:30:00Z,1.0775247063334303,1.07770185815994,1.0764839040564074,1.0768762538269137,0.0
2024-01-14T17:45:00Z,1.0768762538269137,1.0774955636131647,1.0765713212009551,1.077122682920464,0.0
2024-01-14T18:00:00Z,1.077122682920464,1.0780593069371176,1.0768216050261163,1.077661600840497,0.0
2024-01-14T18:15:00Z,1.077661600840497,1.0777614998017224,1.0771353482807058,1.0773003146152211,0.0
2024-01-14T18:30:00Z,1.0773003146152211,1.0773926266756486,1.0761792823861733,1.0765337956092158,0.0
2024-01-14T18:45:00Z,1.0765337956092158,1.0773387242227177,1.076225628667898,1.077207241010599,0.0
2024-01-14T19:00:00Z,1.077207241010599,1.0780031080552201,1.076889401372964,1.0776471808222912,0.0
2024-01-14T19:15:00Z,1.0776471808222912,1.0777403488892714,1.0773170042278806,1.0776984072732267,0.0
2024-01-14T19:30:00Z,1.0776984072732267,1.0779491981414404,1.0772534301793981,1.0774002804257807,0.0
2024-01-14T19:45:00Z,1.0774002804257807,1.0778461866623859,1.0773358348580193,1.0774599290125528,0.0
2024-01-14T20:00:00Z,1.0774599290125528,1.0777693746317698,1.0772445663467656,1.0775093984841673,0.0
2024-01-14T20:15:00Z,1.0775093984841673,1.0783731111960992,1.0771438856675033,1.0782101097573284,0.0
2024-01-14T20:30:00Z,1.0782101097573284,1.0789007570933853,1.0781742537349472,1.0785137834869434,0.0
2024-01-14T20:45:00Z,1.0785137834869434,1.0786287391409537,1.0776909647963648,1.0780535786855991,0.0
2024-01-14T21:00:00Z,1.0780535786855991,1.0781576545657434,1.0769890667061945,1.077275389797935,0.0
2024-01-14T21:15:00Z,1.077275389797935,1.0781294253316054,1.077100192978587,1.078058913917165,0.0
2024-01-14T21:30:00Z,1.078058913917165,1.0786341753032431,1.0777605036705415,1.0783579202024323,0.0
2024-01-14T21:45:00Z,1.0783579202024323,1.078862328433528,1.0782550685613717,1.0787629325404855,0.0
2024-01-14T22:00:00Z,1.0787629325404855,1.0790393914770167,1.0779235286808877,1.078007215001792,0.0
2024-01-14T22:15:00Z,1.078007215001792,1.0783929400251093,1.0773651295471274,1.0776224469761349,0.0
2024-01-14T22:30:00Z,1.0776224469761349,1.078030701616349,1.0773833035954097,1.0777682552573422,0.0
2024-01-14T22:45:00Z,1.0777682552573422,1.0782016816632563,1.0777426787560633,1.0780801215692635,0.0
2024-01-14T23:00:00Z,1.0780801215692635,1.0780859364943185,1.0772425797955516,1.0773871801722603,0.0
2024-01-14T23:15:00Z,1.0773871801722603,1.0774323252330453,1.0766172743535023,1.0768147515590423,0.0
2024-01-14T23:30:00Z,1.0768147515590423,1.0778410357319315,1.0767053698477955,1.0775660202499893,0.0
2024-01-14T23:45:00Z,1.0775660202499893,1.0780682728665736,1.077525984709364,1.0779971162488728,0.0
2024-01-15T00:00:00Z,1.0779971162488728,1.0781606934976153,1.077406371963307,1.0776821799018028,0.0
2024-01-15T00:15:00Z,1.0776821799018028,1.0779735050295178,1.0775561268608689,1.0775940645671644,0.0
2024-01-15T00:30:00Z,1.0775940645671644,1.0784226978224232,1.077261150068102,1.0782857593806618,0.0
2024-01-15T00:45:00Z,1.0782857593806618,1.0786172642465004,1.0774443726554905,1.0775348749954097,0.0
2024-01-15T01:00:00Z,1.0775348749954097,1.078424043842572,1.077266586987031,1.07810289521055,0.0
2024-01-15T01:15:00Z,1.07810289521055,1.0781068173536685,1.0776711544689004,1.0777471337376678,0.0
2024-01-15T01:30:00Z,1.0777471337376678,1.0784581676307177,1.0774834347137605,1.0783949533889077,0.0
2024-01-15T01:45:00Z,1.0783949533889077,1.0787986126656044,1.0783227103241297,1.078534124551894,0.0
2024-01-15T02:00:00Z,1.078534124551894,1.0785729654741212,1.0775708989454176,1.0779639795824472,0.0
2024-01-15T02:15:00Z,1.0779639795824472,1.0782248707192392,1.0775489512649723,1.0777767984345612,0.0
2024-01-15T02:30:00Z,1.0777767984345612,1.0778027180695469,1.0773280853077227,1.077334012564272,0.0
2024-01-15T02:45:00Z,1.077334012564272,1.0779501197231087,1.0769487812262617,1.0778980918004306,0.0
2024-01-15T03:00:00Z,1.0778980918004306,1.0781871483673138,1.0776245611377728,1.077679905082708,0.0
2024-01-15T03:15:00Z,1.077679905082708,1.0782413301496534,1.0775334130331145,1.078140671752663,0.0
2024-01-15T03:30:00Z,1.078140671752663,1.0782221400264371,1.0780413548579253,1.0781775510735607,0.0
2024-01-15T03:45:00Z,1.0781775510735607,1.0787652079244474,1.0780252419033973,1.0786510961142377,0.0
2024-01-15T04:00:00Z,1.0786510961142377,1.0791643494417533,1.07857352438575,1.079074756845912,0.0
2024-01-15T04:15:00Z,1.079074756845912,1.0792284289505483,1.078479048627128,1.0786251884164735,0.0
2024-01-15T04:30:00Z,1.0786251884164735,1.0790401849148032,1.0782773242833315,1.0788514688540964,0.0
2024-01-15T04:45:00Z,1.0788514688540964,1.0791169231624198,1.0777978115996065,1.0781323815883619,0.0
2024-01-15T05:00:00Z,1.0781323815883619,1.0781441388562918,1.0775327448001129,1.077708082590028,0.0
2024-01-15T05:15:00Z,1.077708082590028,1.0778920638851228,1.0768088241103952,1.077093433140559,0.0
2024-01-15T05:30:00Z,1.077093433140559,1.0771405407163481,1.0762515988001526,1.076443407026628,0.0
2024-01-15T05:45:00Z,1.076443407026628,1.0765357056667177,1.0757454080725068,1.075921514454104,0.0
2024-01-15T06:00:00Z,1.075921514454104,1.0759486765925248,1.075166354656791,1.0753108112145533,0.0
2024-01-15T06:15:00Z,1.0753108112145533,1.0756854465424246,1.0750395638511618,1.0752614790040016,0.0
2024-01-15T06:30:00Z,1.0752614790040016,1.0753504409404873,1.074278217269222,1.0745759060282387,0.0
2024-01-15T06:45:00Z,1.0745759060282387,1.0750245869608932,1.074190921848121,1.074676500556093,0.0
2024-01-15T07:00:00Z,1.074676500556093,1.075293194552179,1.0742990230937064,1.0752491755502782,0.0
2024-01-15T07:15:00Z,1.0752491755502782,1.0753848149845724,1.0751809160085566,1.075288920047291,0.0
2024-01-15T07:30:00Z,1.075288920047291,1.0759573354636707,1.0752556880632798,1.0758723816694848,0.0
2024-01-15T07:45:00Z,1.0758723816694848,1.076242019268912,1.0753124930326838,1.0754968668578317,0.0
2024-01-15T08:00:00Z,1.0754968668578317,1.0758967626252036,1.0753156610796175,1.075866988600697,0.0
2024-01-15T08:15:00Z,1.075866988600697,1.0759491218231596,1.0753103257270793,1.0755754994537245,0.0
2024-01-15T08:30:00Z,1.0755754994537245,1.0756233824418897,1.0749598031719265,1.0753534761701016,0.0
2024-01-15T08:45:00Z,1.0753534761701016,1.0754254652817323,1.075319652952357,1.0753240048711366,0.0
2024-01-15T09:00:00Z,1.0753240048711366,1.0757746227959128,1.0753142158225735,1.0755687593502057,0.0
2024-01-15T09:15:00Z,1.0755687593502057,1.0758649422658701,1.0753063942745555,1.0755212451939467,0.0
2024-01-15T09:30:00Z,1.0755212451939467,1.0757208433503525,1.074853813493571,1.0750957848764848,0.0
2024-01-15T09:45:00Z,1.0750957848764848,1.0753956172290198,1.074774330801843,1.0753376028439532,0.0
2024-01-15T10:00:00Z,1.0753376028439532,1.0763466772050683,1.0749946761543954,1.0760505279958021,0.0
2024-01-15T10:15:00Z,1.0760505279958021,1.076411615769992,1.0757662003872348,1.0758388914841956,0.0
2024-01-15T10:30:00Z,1.0758388914841956,1.076078074369063,1.075041279756895,1.075401915039661,0.0
2024-01-15T10:45:00Z,1.075401915039661,1.0754887022153463,1.0747186978822743,1.0747330612852524,0.0
2024-01-15T11:00:00Z,1.0747330612852524,1.0747892551640201,1.0745588737698666,1.0746354860972767,0.0
2024-01-15T11:15:00Z,1.0746354860972767,1.0752670946652758,1.0742597094306765,1.0750337734807618,0.0
2024-01-15T11:30:00Z,1.0750337734807618,1.0753054215067668,1.074871916453172,1.074876960694004,0.0
2024-01-15T11:45:00Z,1.074876960694004,1.0756876347921462,1.0746861402671415,1.0755943944623267,0.0
2024-01-15T12:00:00Z,1.0755943944623267,1.0759923641438147,1.0753975530803221,1.0756130391034076,0.0
2024-01-15T12:15:00Z,1.0756130391034076,1.0766484914774936,1.0755264868703303,1.0764000033793908,0.0
2024-01-15T12:30:00Z,1.0764000033793908,1.0770150380257577,1.0760001706753701,1.0769342747563635,0.0
2024-01-15T12:45:00Z,1.0769342747563635,1.0770247876846555,1.0764803155039109,1.076864800193611,0.0
2024-01-15T13:00:00Z,1.076864800193611,1.0770275919231134,1.0764423883128615,1.0765796540767794,0.0
2024-01-15T13:15:00Z,1.0765796540767794,1.076858705319263,1.0764300752498452,1.0768495234246966,0.0
2024-01-15T13:30:00Z,1.0768495234246966,1.0771807344725755,1.076308783491441,1.0763088466430235,0.0
2024-01-15T13:45:00Z,1.0763088466430235,1.076584046380732,1.0761271827141718,1.0764809074880615,0.0
2024-01-15T14:00:00Z,1.0764809074880615,1.0768645995963886,1.0764258319908482,1.076579906184244,0.0
2024-01-15T14:15:00Z,1.076579906184244,1.0766281205252703,1.0757805099221716,1.076164610017849,0.0
2024-01-15T14:30:00Z,1.076164610017849,1.0762194427445615,1.0753943663239796,1.0756032487158353,0.0
2024-01-15T14:45:00Z,1.0756032487158353,1.076088119865012,1.0755804777800384,1.0757335094136915,0.0
2024-01-15T15:00:00Z,1.0757335094136915,1.075800510035488,1.0750741702327213,1.0753084057304922,0.0
2024-01-15T15:15:00Z,1.0753084057304922,1.075471977720783,1.074876925720906,1.0752322755523984,0.0
2024-01-15T15:30:00Z,1.0752322755523984,1.0758350914428376,1.0748495025829603,1.0754910031770886,0.0
2024-01-15T15:45:00Z,1.0754910031770886,1.075867809670824,1.0749581982611125,1.0751212983579785,0.0
2024-01-15T16:00:00Z,1.0751212983579785,1.0754872087355394,1.074362201946437,1.0744038434409717,0.0
2024-01-15T16:15:00Z,1.0744038434409717,1.0745196991051968,1.073516267745643,1.0736318556082343,0.0
2024-01-15T16:30:00Z,1.0736318556082343,1.0747270658261843,1.0734638209114367,1.0743788852128502,0.0
2024-01-15T16:45:00Z,1.0743788852128502,1.0747654238072382,1.0740560663146994,1.0744258977610208,0.0
2024-01-15T17:00:00Z,1.0744258977610208,1.0748764800727877,1.07437925925304,1.074671358983022,0.0
2024-01-15T17:15:00Z,1.074671358983022,1.0749346079408062,1.0740268351845519,1.0742613520962965,0.0
2024-01-15T17:30:00Z,1.0742613520962965,1.075102562995054,1.0738764020260396,1.0747430548695047,0.0
2024-01-15T17:45:00Z,1.0747430548695047,1.0747734635368074,1.073892333884243,1.0742513508518179,0.0
2024-01-15T18:00:00Z,1.0742513508518179,1.0744364650936187,1.073974511011535,1.0743638549094874,0.0
2024-01-15T18:15:00Z,1.0743638549094874,1.074458477498873,1.0738263994330175,1.0739729066930905,0.0
2024-01-15T18:30:00Z,1.0739729066930905,1.074282049499775,1.073943536615537,1.0740110898369142,0.0
2024-01-15T18:45:00Z,1.0740110898369142,1.07464683859258,1.0738224171268163,1.0743971383333641,0.0
2024-01-15T19:00:00Z,1.0743971383333641,1.0749923519737934,1.0743932941662362,1.0746725128928634,0.0
2024-01-15T19:15:00Z,1.0746725128928634,1.0749436881962056,1.0743494182161428,1.0746330673536277,0.0
2024-01-15T19:30:00Z,1.0746330673536277,1.0749411942056173,1.074249671925196,1.074869095594425,0.0
2024-01-15T19:45:00Z,1.074869095594425,1.075419363490073,1.074696839637033,1.0753262008730506,0.0
2024-01-15T20:00:00Z,1.0753262008730506,1.0761417097138095,1.0751625535748306,1.0760588491142244,0.0
2024-01-15T20:15:00Z,1.0760588491142244,1.077157431227857,1.0759658505369551,1.0767973948435507,0.0
2024-01-15T20:30:00Z,1.0767973948435507,1.0773176943742147,1.0765320603193533,1.0771738230388868,0.0
2024-01-15T20:45:00Z,1.0771738230388868,1.0776518579657106,1.0770847952566855,1.0776008323873378,0.0
2024-01-15T21:00:00Z,1.0776008323873378,1.0777072436241995,1.0771304732467204,1.0771447413991657,0.0
2024-01-15T21:15:00Z,1.0771447413991657,1.077307197174355,1.0763940204150997,1.0765623349603926,0.0
2024-01-15T21:30:00Z,1.0765623349603926,1.0767952760677078,1.0755098532451492,1.0758868050926191,0.0
2024-01-15T21:45:00Z,1.0758868050926191,1.0761522122362024,1.0756050308704883,1.0760099398432585,0.0
2024-01-15T22:00:00Z,1.0760099398432585,1.0760801073603585,1.0757168086991071,1.0759094903803024,0.0
2024-01-15T22:15:00Z,1.0759094903803024,1.0761798755138698,1.075073296542516,1.0751376717982022,0.0
2024-01-15T22:30:00Z,1.0751376717982022,1.0755226644412883,1.0746224910619477,1.0749292022895203,0.0
2024-01-15T22:45:00Z,1.0749292022895203,1.075722900690986,1.074675367600116,1.0754660660284174,0.0
2024-01-15T23:00:00Z,1.0754660660284174,1.0761804265401307,1.0753875448352432,1.0757938977090988,0.0
2024-01-15T23:15:00Z,1.0757938977090988,1.0763401421368093,1.0756915915959648,1.0762198036740729,0.0
2024-01-15T23:30:00Z,1.0762198036740729,1.0769747730942494,1.075879942323817,1.0767343226391353,0.0
2024-01-15T23:45:00Z,1.0767343226391353,1.077570052131182,1.0766549959501988,1.0773345297505748,0.0
2024-01-16T00:00:00Z,1.0773345297505748,1.0775484702410956,1.0762682886138493,1.0765585373641802,0.0
2024-01-16T00:15:00Z,1.0765585373641802,1.076586557814052,1.0761925387124347,1.0761944386010607,0.0
2024-01-16T00:30:00Z,1.0761944386010607,1.0764727930916058,1.075670012326074,1.0756715865389042,0.0
2024-01-16T00:45:00Z,1.0756715865389042,1.0757776400042127,1.0749550985617358,1.0752395383871076,0.0
2024-01-16T01:00:00Z,1.0752395383871076,1.0760267979597606,1.0751938473049802,1.0760190710251372,0.0
2024-01-16T01:15:00Z,1.0760190710251372,1.0771024279675294,1.0759596245220049,1.076714443786488,0.0
2024-01-16T01:30:00Z,1.076714443786488,1.0769233736719617,1.0763229511842638,1.0764510148966573,0.0
2024-01-16T01:45:00Z,1.0764510148966573,1.0766425518294678,1.0762154269887978,1.0763188337022032,0.0
2024-01-16T02:00:00Z,1.0763188337022032,1.0763524046899762,1.0755418184675043,1.0756068023249736,0.0
2024-01-16T02:15:00Z,1.0756068023249736,1.0758564235316517,1.0746743842327229,1.0749530350976029,0.0
2024-01-16T02:30:00Z,1.0749530350976029,1.0752697309900205,1.0742822472034685,1.074573755783702,0.0
2024-01-16T02:45:00Z,1.074573755783702,1.0747704723549767,1.074245116110713,1.0743204734930258,0.0
2024-01-16T03:00:00Z,1.0743204734930258,1.0752309759886824,1.0742999733911278,1.0750068262584616,0.0
2024-01-16T03:15:00Z,1.0750068262584616,1.0752838792493238,1.074299006761057,1.0744531004298012,0.0
2024-01-16T03:30:00Z,1.0744531004298012,1.074892082712016,1.0741342397527016,1.0748003173341627,0.0
2024-01-16T03:45:00Z,1.0748003173341627,1.0753211918521859,1.0745658308640826,1.0752835080789496,0.0
2024-01-16T04:00:00Z,1.0752835080789496,1.0755666130960517,1.0744679773934864,1.0747895821355022,0.0
2024-01-16T04:15:00Z,1.0747895821355022,1.0753481111545036,1.0747522531387699,1.075255613827705,0.0
2024-01-16T04:30:00Z,1.075255613827705,1.0757431527773227,1.0752003305226168,1.0755171415862066,0.0
2024-01-16T04:45:00Z,1.0755171415862066,1.0757501394096112,1.0749823397272282,1.0750254979897194,0.0
2024-01-16T05:00:00Z,1.0750254979897194,1.0753362042075452,1.0749220848593726,1.0752398350818486,0.0
2024-01-16T05:15:00Z,1.0752398350818486,1.0754530959301676,1.0748276257231277,1.0751173971102788,0.0
2024-01-16T05:30:00Z,1.0751173971102788,1.075407141192442,1.0742784530310059,1.0743668446733166,0.0
2024-01-16T05:45:00Z,1.0743668446733166,1.0746227619980917,1.0737556507463613,1.07403213400632,0.0
2024-01-16T06:00:00Z,1.07403213400632,1.074576415411391,1.0739502789506712,1.0742156857850218,0.0
2024-01-16T06:15:00Z,1.0742156857850218,1.0744806923537473,1.07380919061279,1.0739135052324837,0.0
2024-01-16T06:30:00Z,1.0739135052324837,1.0740040297821556,1.0730567292361242,1.0733652587541886,0.0
2024-01-16T06:45:00Z,1.0733652587541886,1.0741749570304033,1.0729817749607453,1.0738884450647672,0.0
2024-01-16T07:00:00Z,1.0738884450647672,1.0744832895330534,1.0737622630375379,1.0743594179461449,0.0
2024-01-16T07:15:00Z,1.0743594179461449,1.074735584403083,1.074115733051358,1.0747133217917695,0.0
2024-01-16T07:30:00Z,1.0747133217917695,1.074732951953666,1.073850444407755,1.0740559410355517,0.0
2024-01-16T07:45:00Z,1.0740559410355517,1.0744286073725335,1.0731470323210663,1.0734979446215493,0.0
2024-01-16T08:00:00Z,1.0734979446215493,1.0735770277552485,1.0733889196091035,1.0734367535637508,0.0
2024-01-16T08:15:00Z,1.0734367535637508,1.073656148661076,1.0732916180904823,1.0734476309431487,0.0
2024-01-16T08:30:00Z,1.0734476309431487,1.0740054512162398,1.0731374597232188,1.0737937465498912,0.0
2024-01-16T08:45:00Z,1.0737937465498912,1.0738217680602054,1.0730088809148495,1.0731636917739256,0.0
2024-01-16T09:00:00Z,1.0731636917739256,1.0732647323214262,1.072869923456683,1.0731373360193917,0.0
2024-01-16T09:15:00Z,1.0731373360193917,1.0732646322372275,1.0725015860202871,1.0726923447461032,0.0
2024-01-16T09:30:00Z,1.0726923447461032,1.073340210543321,1.0725436767533474,1.0730320822021673,0.0
2024-01-16T09:45:00Z,1.0730320822021673,1.0734031099004597,1.0725734663859448,1.0729470337147395,0.0
2024-01-16T10:00:00Z,1.0729470337147395,1.0731790048533758,1.0727647427104159,1.073137025296788,0.0
2024-01-16T10:15:00Z,1.073137025296788,1.073467354207803,1.0731220743691186,1.0733559178820948,0.0
2024-01-16T10:30:00Z,1.0733559178820948,1.0744896282525496,1.0733043370683795,1.0741257665023118,0.0
2024-01-16T10:45:00Z,1.0741257665023118,1.0743735048756962,1.073951165019201,1.0740711556262768,0.0
2024-01-16T11:00:00Z,1.0740711556262768,1.0743714281704835,1.0730725145527784,1.0733808195401517,0.0
2024-01-16T11:15:00Z,1.0733808195401517,1.0734150997960203,1.0731230406225465,1.073280585192806,0.0
2024-01-16T11:30:00Z,1.073280585192806,1.073665994356448,1.0726105603920035,1.0726310508566668,0.0
2024-01-16T11:45:00Z,1.0726310508566668,1.0729382210053682,1.0722378823628869,1.0722918988770989,0.0
2024-01-16T12:00:00Z,1.0722918988770989,1.0723201546416905,1.0715967846965997,1.071662377742009,0.0
2024-01-16T12:15:00Z,1.071662377742009,1.072046583294411,1.0715947325372275,1.0717133465273385,0.0
2024-01-16T12:30:00Z,1.0717133465273385,1.0720193313814612,1.0710209257760042,1.0711912396102776,0.0
2024-01-16T12:45:00Z,1.0711912396102776,1.0712405473675692,1.070834960868893,1.070932091338746,0.0
2024-01-16T13:00:00Z,1.070932091338746,1.0717336831442617,1.0708282637759876,1.0716868906874808,0.0
2024-01-16T13:15:00Z,1.0716868906874808,1.0724286370340717,1.071325188947494,1.0720719385635977,0.0
2024-01-16T13:30:00Z,1.0720719385635977,1.0724544975566541,1.071786748106775,1.0720283687153758,0.0
2024-01-16T13:45:00Z,1.0720283687153758,1.072214461728046,1.0714038836960291,1.0716902988086494,0.0
2024-01-16T14:00:00Z,1.0716902988086494,1.0721165412641873,1.0716128355217862,1.0720646871074875,0.0
2024-01-16T14:15:00Z,1.0720646871074875,1.0728406755755133,1.0717393237918067,1.072797875515994,0.0
2024-01-16T14:30:00Z,1.072797875515994,1.07289704477932,1.0724379739736158,1.0725400368829592,0.0
2024-01-16T14:45:00Z,1.0725400368829592,1.0729362644295775,1.0724313712565536,1.0724907805440547,0.0
2024-01-16T15:00:00Z,1.0724907805440547,1.0731865207216111,1.0724216562962374,1.0730580252599284,0.0
2024-01-16T15:15:00Z,1.0730580252599284,1.0735862549616777,1.072983015935796,1.0734496150904302,0.0
2024-01-16T15:30:00Z,1.0734496150904302,1.0737782842361339,1.0729738619767843,1.0733190853893926,0.0
2024-01-16T15:45:00Z,1.0733190853893926,1.0734430788223992,1.073013714902852,1.0734389126997617,0.0
2024-01-16T16:00:00Z,1.0734389126997617,1.0739691148357864,1.073058104644368,1.0736093553052495,0.0
2024-01-16T16:15:00Z,1.0736093553052495,1.0739487525876048,1.073005088441279,1.0733326527489722,0.0
2024-01-16T16:30:00Z,1.0733326527489722,1.0734789881967055,1.0728083556939083,1.0729582154042971,0.0
2024-01-16T16:45:00Z,1.0729582154042971,1.0731095126108299,1.0726787278738121,1.0727228246624054,0.0
2024-01-16T17:00:00Z,1.0727228246624054,1.0730866382733042,1.072122024512649,1.072286253326763,0.0
2024-01-16T17:15:00Z,1.072286253326763,1.072858468024499,1.071984018605842,1.0725035514263968,0.0
2024-01-16T17:30:00Z,1.0725035514263968,1.0728713848698126,1.0717728770976394,1.0720945472366308,0.0
2024-01-16T17:45:00Z,1.0720945472366308,1.0731707993535775,1.0717926112952012,1.0728795743697321,0.0
2024-01-16T18:00:00Z,1.0728795743697321,1.0734816851511981,1.072617201463745,1.073380398300315,0.0
2024-01-16T18:15:00Z,1.073380398300315,1.073716279284106,1.0731360346600904,1.0731894716106543,0.0
2024-01-16T18:30:00Z,1.0731894716106543,1.0733866323509222,1.072861227591936,1.0732520687985698,0.0
2024-01-16T18:45:00Z,1.0732520687985698,1.0735896141790806,1.0726653633650338,1.0730045139109876,0.0
2024-01-16T19:00:00Z,1.0730045139109876,1.0736662959103214,1.0726292136229223,1.0736106606968951,0.0
2024-01-16T19:15:00Z,1.0736106606968951,1.0742722360173629,1.0733496774565559,1.074001462697336,0.0
2024-01-16T19:30:00Z,1.074001462697336,1.074349524702506,1.0730591564177816,1.0732782641498964,0.0
2024-01-16T19:45:00Z,1.0732782641498964,1.073413989288889,1.0728942164101607,1.0732073798499764,0.0
2024-01-16T20:00:00Z,1.0732073798499764,1.0740068972872943,1.0731217292935031,1.0736589582137395,0.0
2024-01-16T20:15:00Z,1.0736589582137395,1.0737586961293268,1.0733635016890255,1.0734036606883444,0.0
2024-01-16T20:30:00Z,1.0734036606883444,1.0734140562596448,1.0728084589085047,1.073127078171753,0.0
2024-01-16T20:45:00Z,1.073127078171753,1.073155339647361,1.0726633656314313,1.0726904301530356,0.0
2024-01-16T21:00:00Z,1.0726904301530356,1.073155575914019,1.072505602891945,1.0730761997950613,0.0
2024-01-16T21:15:00Z,1.0730761997950613,1.0733971594956357,1.0725375249155893,1.0729191509177165,0.0
2024-01-16T21:30:00Z,1.0729191509177165,1.073172071443646,1.0722570683408987,1.0726149619466576,0.0
2024-01-16T21:45:00Z,1.0726149619466576,1.0729748277800144,1.0722742256482014,1.0725677200004196,0.0
2024-01-16T22:00:00Z,1.0725677200004196,1.0729172981793984,1.0720368513838436,1.0722661586417181,0.0
2024-01-16T22:15:00Z,1.0722661586417181,1.0725011536015427,1.0713038872747151,1.0716355727519005,0.0
2024-01-16T22:30:00Z,1.0716355727519005,1.0718588388132062,1.071469007285938,1.0716652287457011,0.0
2024-01-16T22:45:00Z,1.0716652287457011,1.0725401822393266,1.071582055276371,1.072273967799377,0.0
2024-01-16T23:00:00Z,1.072273967799377,1.0724192797478183,1.0716702821715358,1.0720537473354188,0.0
2024-01-16T23:15:00Z,1.0720537473354188,1.0724171377665475,1.0716880164669351,1.0723671947615376,0.0
2024-01-16T23:30:00Z,1.0723671947615376,1.0726035431657341,1.071450066144437,1.0716230111551697,0.0
2024-01-16T23:45:00Z,1.0716230111551697,1.072142699909021,1.0715860769934356,1.071970973130875,0.0
2024-01-17T00:00:00Z,1.071970973130875,1.072337026201537,1.0716554255550883,1.0720088614943675,0.0
2024-01-17T00:15:00Z,1.0720088614943675,1.072097792648958,1.0714815170762066,1.0717794430747865,0.0
2024-01-17T00:30:00Z,1.0717794430747865,1.0723498048487476,1.0714261990832263,1.0722622016451926,0.0
2024-01-17T00:45:00Z,1.0722622016451926,1.073223491242072,1.0721099649670782,1.0730501040211,0.0
2024-01-17T01:00:00Z,1.0730501040211,1.0737577789020958,1.0729694144617379,1.073385871529571,0.0
2024-01-17T01:15:00Z,1.073385871529571,1.073517485843637,1.072775811934445,1.073068693601977,0.0
2024-01-17T01:30:00Z,1.073068693601977,1.0732874408415436,1.072367474838847,1.0725675981459881,0.0
2024-01-17T01:45:00Z,1.0725675981459881,1.072894409185704,1.072184932492825,1.0728371073168932,0.0
2024-01-17T02:00:00Z,1.0728371073168932,1.0738614821006078,1.0725190223820504,1.0736370435379166,0.0
2024-01-17T02:15:00Z,1.0736370435379166,1.0740011208218034,1.0729098356483335,1.0731303912186945,0.0
2024-01-17T02:30:00Z,1.0731303912186945,1.0738930200661156,1.0729857062988204,1.0735456319608152,0.0
2024-01-17T02:45:00Z,1.0735456319608152,1.074306961902942,1.073536262835147,1.0742240042849889,0.0
2024-01-17T03:00:00Z,1.0742240042849889,1.074587314968117,1.0738638233565425,1.0742278490569839,0.0
2024-01-17T03:15:00Z,1.0742278490569839,1.0751601099795436,1.073854798465174,1.0749557908110283,0.0
2024-01-17T03:30:00Z,1.0749557908110283,1.0751092068694694,1.0747033623615219,1.0750517344552346,0.0
2024-01-17T03:45:00Z,1.0750517344552346,1.0757067234839803,1.07481088955973,1.0755371832690357,0.0
2024-01-17T04:00:00Z,1.0755371832690357,1.0756475881277254,1.0749837034103993,1.0751518117581027,0.0
2024-01-17T04:15:00Z,1.0751518117581027,1.075360286181297,1.0751148688416683,1.075172970413132,0.0
2024-01-17T04:30:00Z,1.075172970413132,1.0753090526597433,1.074095283263027,1.0743820446695842,0.0
2024-01-17T04:45:00Z,1.0743820446695842,1.0748742372886388,1.0742797958661114,1.0747794159114255,0.0
2024-01-17T05:00:00Z,1.0747794159114255,1.0748762870267519,1.074538247292702,1.0748061036267402,0.0
2024-01-17T05:15:00Z,1.0748061036267402,1.075533526226132,1.0745718992905693,1.075452727427404,0.0
2024-01-17T05:30:00Z,1.075452727427404,1.0761056806197022,1.0751678929572686,1.0758059939659024,0.0
2024-01-17T05:45:00Z,1.0758059939659024,1.0762519295898445,1.0754706529521596,1.076142914313305,0.0
2024-01-17T06:00:00Z,1.076142914313305,1.076844090767527,1.075765263441427,1.076823068118452,0.0
2024-01-17T06:15:00Z,1.076823068118452,1.0768576035707838,1.0767034148028465,1.0767312688457868,0.0
2024-01-17T06:30:00Z,1.0767312688457868,1.0774773037292036,1.0766744258739853,1.0772062510187448,0.0
2024-01-17T06:45:00Z,1.0772062510187448,1.077461734748037,1.0767431596487087,1.0771422041610492,0.0
2024-01-17T07:00:00Z,1.0771422041610492,1.0774488378174367,1.0767818324957994,1.0768798794631762,0.0
2024-01-17T07:15:00Z,1.0768798794631762,1.0769443702281198,1.0762340235403407,1.0763980747731452,0.0
2024-01-17T07:30:00Z,1.0763980747731452,1.0767084866646472,1.0763333036882554,1.0765872114503625,0.0
2024-01-17T07:45:00Z,1.0765872114503625,1.0766212050168236,1.0760595797956005,1.0761368287580915,0.0
2024-01-17T08:00:00Z,1.0761368287580915,1.0763386531498622,1.0757686532129958,1.0758420927795413,0.0
2024-01-17T08:15:00Z,1.0758420927795413,1.0760180231030487,1.0754204387690298,1.0758096330775255,0.0
2024-01-17T08:30:00Z,1.0758096330775255,1.0761875599793342,1.0755990597898413,1.075787630731881,0.0
2024-01-17T08:45:00Z,1.075787630731881,1.0760244177456173,1.075246498411081,1.0753043593413456,0.0
2024-01-17T09:00:00Z,1.0753043593413456,1.075333674849806,1.074494527687954,1.07477506385195,0.0
2024-01-17T09:15:00Z,1.07477506385195,1.0756836124436202,1.0746334271115812,1.075522253958695,0.0
2024-01-17T09:30:00Z,1.075522253958695,1.0756630500916917,1.0751262399701467,1.0754025205218194,0.0
2024-01-17T09:45:00Z,1.0754025205218194,1.0754634510852255,1.074883849497221,1.0752295858542977,0.0
2024-01-17T10:00:00Z,1.0752295858542977,1.0753482658612588,1.0748897862928435,1.075345701061349,0.0
2024-01-17T10:15:00Z,1.075345701061349,1.0758530267982773,1.075093719762091,1.0757112378760005,0.0
2024-01-17T10:30:00Z,1.0757112378760005,1.0765442623887254,1.0755382117922339,1.0763836038356256,0.0
2024-01-17T10:45:00Z,1.0763836038356256,1.076605291905483,1.075795665219586,1.0760607600831993,0.0
2024-01-17T11:00:00Z,1.0760607600831993,1.0768165633902025,1.076002633476775,1.0764368412042138,0.0
2024-01-17T11:15:00Z,1.0764368412042138,1.0767774711704692,1.0759057917571089,1.0762221983537892,0.0
2024-01-17T11:30:00Z,1.0762221983537892,1.0766371373743793,1.0760861747554726,1.0763662382179886,0.0
2024-01-17T11:45:00Z,1.0763662382179886,1.0772977305501417,1.0762052282904448,1.0770779746366699,0.0
2024-01-17T12:00:00Z,1.0770779746366699,1.0771241416650255,1.076210824560156,1.0765698346840777,0.0
2024-01-17T12:15:00Z,1.0765698346840777,1.0770613255116332,1.0764405494504414,1.0770506257876253,0.0
2024-01-17T12:30:00Z,1.0770506257876253,1.0772489052348073,1.0768726400218158,1.0770180189646674,0.0
2024-01-17T12:45:00Z,1.0770180189646674,1.0777901926930986,1.0768052310986957,1.0776502569714956,0.0
2024-01-17T13:00:00Z,1.0776502569714956,1.078592945279372,1.0774594913459108,1.0783372775275295,0.0
2024-01-17T13:15:00Z,1.0783372775275295,1.0784921252525923,1.0778258120419952,1.0780694713462722,0.0
2024-01-17T13:30:00Z,1.0780694713462722,1.0786312526437327,1.0779212774033677,1.0785270118089698,0.0
2024-01-17T13:45:00Z,1.0785270118089698,1.0786721556034182,1.0779821543327366,1.0783473436216757,0.0
2024-01-17T14:00:00Z,1.0783473436216757,1.07851997940624,1.0782143962861703,1.0784096516471788,0.0
2024-01-17T14:15:00Z,1.0784096516471788,1.0789880584845213,1.0781336666792996,1.0789239688675691,0.0
2024-01-17T14:30:00Z,1.0789239688675691,1.079001228012381,1.0781349922953123,1.078158783118941,0.0
2024-01-17T14:45:00Z,1.078158783118941,1.0787064620183289,1.0780675882561601,1.0786477059192505,0.0
2024-01-17T15:00:00Z,1.0786477059192505,1.0787532399814037,1.077646479854018,1.0779398475765627,0.0
2024-01-17T15:15:00Z,1.0779398475765627,1.0786561989596972,1.077561071106307,1.078292067252425,0.0
2024-01-17T15:30:00Z,1.078292067252425,1.0787422774427715,1.0782562305117736,1.0783734978253023,0.0
2024-01-17T15:45:00Z,1.0783734978253023,1.0792272664017806,1.0782963245325468,1.0790536528420651,0.0
2024-01-17T16:00:00Z,1.0790536528420651,1.0797939757291217,1.0788993491947192,1.079450532759411,0.0
2024-01-17T16:15:00Z,1.079450532759411,1.0797997037234996,1.0784981883577498,1.0787996025768296,0.0
2024-01-17T16:30:00Z,1.0787996025768296,1.079345506065248,1.0787843640262735,1.0789547895891005,0.0
2024-01-17T16:45:00Z,1.0789547895891005,1.0790044817967916,1.0782355851493235,1.0782443029643882,0.0
2024-01-17T17:00:00Z,1.0782443029643882,1.078829603120702,1.0781993685829527,1.0785775623286884,0.0
2024-01-17T17:15:00Z,1.0785775623286884,1.078649931964382,1.0777931055423853,1.0780368089773231,0.0
2024-01-17T17:30:00Z,1.0780368089773231,1.0787006099558727,1.0778925524596719,1.078312787041159,0.0
2024-01-17T17:45:00Z,1.078312787041159,1.0792529839270826,1.078156427203481,1.079079201240714,0.0
2024-01-17T18:00:00Z,1.079079201240714,1.0791722593186546,1.078294658464845,1.0786845022208784,0.0
2024-01-17T18:15:00Z,1.0786845022208784,1.0797586801345243,1.078614462182157,1.0794763315288314,0.0
2024-01-17T18:30:00Z,1.0794763315288314,1.0795372285149394,1.0788237635191726,1.0789641698315966,0.0
2024-01-17T18:45:00Z,1.0789641698315966,1.0793672241853896,1.0787520848598642,1.0793436500106113,0.0
2024-01-17T19:00:00Z,1.0793436500106113,1.0796462028459712,1.0791678184317983,1.0796327804349373,0.0
2024-01-17T19:15:00Z,1.0796327804349373,1.080328518519705,1.07945214589927,1.0800982445963858,0.0
2024-01-17T19:30:00Z,1.0800982445963858,1.0809488485277097,1.0799634522188537,1.0807084444176556,0.0
2024-01-17T19:45:00Z,1.0807084444176556,1.0810857869819626,1.0801981685649673,1.080541934223251,0.0
2024-01-17T20:00:00Z,1.080541934223251,1.0814299977007147,1.0804849461761972,1.0812056708978752,0.0
2024-01-17T20:15:00Z,1.0812056708978752,1.08135899695971,1.08040947416627,1.0806857440838955,0.0
2024-01-17T20:30:00Z,1.0806857440838955,1.0810065684027896,1.0795787190753945,1.0798931063840567,0.0
2024-01-17T20:45:00Z,1.0798931063840567,1.0799190883813061,1.0795738731144786,1.0799168441476845,0.0
2024-01-17T21:00:00Z,1.0799168441476845,1.0801845709063704,1.0795514576569871,1.0797794099953861,0.0
2024-01-17T21:15:00Z,1.0797794099953861,1.0803083363857495,1.0793954320026145,1.080144822262388,0.0
2024-01-17T21:30:00Z,1.080144822262388,1.0812452007795967,1.0798987436783092,1.0808736245449606,0.0
2024-01-17T21:45:00Z,1.0808736245449606,1.0810242641361505,1.080472197775426,1.0805797770305106,0.0
2024-01-17T22:00:00Z,1.0805797770305106,1.081542710190899,1.0802645240629902,1.0812258275100533,0.0
2024-01-17T22:15:00Z,1.0812258275100533,1.0821361261901115,1.0809506237476223,1.0817398131677962,0.0
2024-01-17T22:30:00Z,1.0817398131677962,1.0820428351428362,1.0813441346767072,1.0814490505721723,0.0
2024-01-17T22:45:00Z,1.0814490505721723,1.0816898466938916,1.081105981994686,1.0816264648265614,0.0
2024-01-17T23:00:00Z,1.0816264648265614,1.0817365094783633,1.0812392942102311,1.081608452588441,0.0
2024-01-17T23:15:00Z,1.081608452588441,1.081980536895601,1.080638426065333,1.0809412055254246,0.0
2024-01-17T23:30:00Z,1.0809412055254246,1.0812456260654075,1.0801504079261626,1.0803797389677798,0.0
2024-01-17T23:45:00Z,1.0803797389677798,1.0812658882272397,1.0802088263959175,1.081031279274516,0.0
2024-01-18T00:00:00Z,1.081031279274516,1.081759560082865,1.0807204468779683,1.081724653622255,0.0
2024-01-18T00:15:00Z,1.081724653622255,1.0818353079938636,1.0810438205773079,1.081089295972648,0.0
2024-01-18T00:30:00Z,1.081089295972648,1.081860041874781,1.08079874546114,1.0816833227460454,0.0
2024-01-18T00:45:00Z,1.0816833227460454,1.0819754528153278,1.081034391951917,1.0812938889935249,0.0
2024-01-18T01:00:00Z,1.0812938889935249,1.081491431508428,1.0803612905541993,1.0806500122267917,0.0
2024-01-18T01:15:00Z,1.0806500122267917,1.0809117389049787,1.0800820560786384,1.0801932161178907,0.0
2024-01-18T01:30:00Z,1.0801932161178907,1.0805611935090975,1.0796088044739145,1.0799860367885632,0.0
2024-01-18T01:45:00Z,1.0799860367885632,1.080953383778305,1.0797573339701318,1.0807826806718752,0.0
2024-01-18T02:00:00Z,1.0807826806718752,1.0815796740343842,1.080600194237168,1.08127626201037,0.0
2024-01-18T02:15:00Z,1.08127626201037,1.0820185015719106,1.0808962615243018,1.0818579990079469,0.0
2024-01-18T02:30:00Z,1.0818579990079469,1.0819054410985962,1.081514792056916,1.081814436583267,0.0
2024-01-18T02:45:00Z,1.081814436583267,1.082086255522998,1.0812248588238917,1.0812462696694156,0.0
2024-01-18T03:00:00Z,1.0812462696694156,1.082243905010693,1.0809501147473548,1.0820275260931866,0.0
2024-01-18T03:15:00Z,1.0820275260931866,1.0822822700413224,1.0812867685996568,1.0814373742628904,0.0
2024-01-18T03:30:00Z,1.0814373742628904,1.0817633461956186,1.0810226344144973,1.0810359385093031,0.0
2024-01-18T03:45:00Z,1.0810359385093031,1.081070693816983,1.0806600397913966,1.0810005975924974,0.0
2024-01-18T04:00:00Z,1.0810005975924974,1.0816435359344407,1.0808147747074588,1.0816297716566983,0.0
2024-01-18T04:15:00Z,1.0816297716566983,1.0819172502856929,1.0812885618016583,1.0815802179509593,0.0
2024-01-18T04:30:00Z,1.0815802179509593,1.0819533317518686,1.0812552576935566,1.0813293792878567,0.0
2024-01-18T04:45:00Z,1.0813293792878567,1.0816552568522804,1.0806999475720576,1.08074798264428,0.0
2024-01-18T05:00:00Z,1.08074798264428,1.0809480411172123,1.0801109396366355,1.0802454765173797,0.0
2024-01-18T05:15:00Z,1.0802454765173797,1.0806174410978653,1.0795179908092862,1.0797075477442912,0.0
2024-01-18T05:30:00Z,1.0797075477442912,1.0802649989392776,1.0793425038446927,1.0801649248111875,0.0
2024-01-18T05:45:00Z,1.0801649248111875,1.0805274994808964,1.0794736290215354,1.0797187742241183,0.0
2024-01-18T06:00:00Z,1.0797187742241183,1.0807809392312246,1.0794664475616282,1.0804724726803288,0.0
2024-01-18T06:15:00Z,1.0804724726803288,1.0808671391567761,1.080295055383525,1.0805252057395518,0.0
2024-01-18T06:30:00Z,1.0805252057395518,1.0808907047218312,1.0795603028449134,1.0798825413954356,0.0
2024-01-18T06:45:00Z,1.0798825413954356,1.0804716244758028,1.079789728152009,1.080173734082714,0.0
2024-01-18T07:00:00Z,1.080173734082714,1.0805029012953493,1.0797302538853069,1.0801150528507488,0.0
2024-01-18T07:15:00Z,1.0801150528507488,1.0808564230058326,1.0798415036959912,1.080792223929178,0.0
2024-01-18T07:30:00Z,1.080792223929178,1.0810408665918296,1.0807251258423591,1.080878809108963,0.0
2024-01-18T07:45:00Z,1.080878809108963,1.0810669201086354,1.0801009017543168,1.080298166109539,0.0
2024-01-18T08:00:00Z,1.080298166109539,1.0804452301817276,1.0797051051534048,1.0799267190418398,0.0
2024-01-18T08:15:00Z,1.0799267190418398,1.0805814778326457,1.079861867795534,1.0803457257706572,0.0
2024-01-18T08:30:00Z,1.0803457257706572,1.0811105218004669,1.079961814712016,1.0809634506076666,0.0
2024-01-18T08:45:00Z,1.0809634506076666,1.0817902331572202,1.0807305345377936,1.081734097751624,0.0
2024-01-18T09:00:00Z,1.081734097751624,1.0826350176119237,1.081515105097604,1.0824810028916694,0.0
2024-01-18T09:15:00Z,1.0824810028916694,1.0824924683795007,1.082101341911634,1.082183171127096,0.0
2024-01-18T09:30:00Z,1.082183171127096,1.082296865221084,1.081329768510886,1.0815815606329207,0.0
2024-01-18T09:45:00Z,1.0815815606329207,1.0820616880481309,1.0813073758793372,1.0816823962873936,0.0
2024-01-18T10:00:00Z,1.0816823962873936,1.082062156218748,1.081208501148072,1.0814621089343632,0.0
2024-01-18T10:15:00Z,1.0814621089343632,1.081876312120689,1.081194153836286,1.0815312857865673,0.0
2024-01-18T10:30:00Z,1.0815312857865673,1.0817732114677723,1.0811877261055698,1.0813078386090182,0.0
2024-01-18T10:45:00Z,1.0813078386090182,1.0821563107975753,1.080918683788616,1.0820586244689578,0.0
2024-01-18T11:00:00Z,1.0820586244689578,1.0820625609152956,1.0811403658633916,1.0813616299070532,0.0
2024-01-18T11:15:00Z,1.0813616299070532,1.0815646153566731,1.080843594305397,1.0808908592918918,0.0
2024-01-18T11:30:00Z,1.0808908592918918,1.081697422255197,1.0806171649337615,1.0814297968395428,0.0
2024-01-18T11:45:00Z,1.0814297968395428,1.0825093178327636,1.0811585114946423,1.0821124706764977,0.0
2024-01-18T12:00:00Z,1.0821124706764977,1.0824542916703292,1.0820927743813111,1.082453581593441,0.0
2024-01-18T12:15:00Z,1.082453581593441,1.0828412075865752,1.0822108562999686,1.0823360562315163,0.0
2024-01-18T12:30:00Z,1.0823360562315163,1.0824491512715029,1.0821697595606323,1.0824456145359826,0.0
2024-01-18T12:45:00Z,1.0824456145359826,1.0833254641617287,1.0821158775308064,1.0830896620789137,0.0
2024-01-18T13:00:00Z,1.0830896620789137,1.0831707537361595,1.0822388759246024,1.0823105719077326,0.0
2024-01-18T13:15:00Z,1.0823105719077326,1.0828828963658166,1.081937743069141,1.0828422339453931,0.0
2024-01-18T13:30:00Z,1.0828422339453931,1.0831944275624381,1.0822639325048726,1.0824701572860174,0.0
2024-01-18T13:45:00Z,1.0824701572860174,1.0828567194468197,1.0820257120088828,1.0821877398536475,0.0
2024-01-18T14:00:00Z,1.0821877398536475,1.082530536944369,1.0818555751676302,1.0825036243845123,0.0
2024-01-18T14:15:00Z,1.0825036243845123,1.083317770410073,1.0822051247261293,1.0832735695223046,0.0
2024-01-18T14:30:00Z,1.0832735695223046,1.0833327382021016,1.0827605250016485,1.0829062158387661,0.0
2024-01-18T14:45:00Z,1.0829062158387661,1.083546554191433,1.0825086400816963,1.0831651332660923,0.0
2024-01-18T15:00:00Z,1.0831651332660923,1.084204179032808,1.082903758463547,1.0839548632836058,0.0
2024-01-18T15:15:00Z,1.0839548632836058,1.0842452900813697,1.0831921574668417,1.083412663211458,0.0
2024-01-18T15:30:00Z,1.083412663211458,1.0837726966769927,1.0830850348407348,1.0831870625506466,0.0
2024-01-18T15:45:00Z,1.0831870625506466,1.0832503287241038,1.0825539779510918,1.08261372431816,0.0
2024-01-18T16:00:00Z,1.08261372431816,1.0830757234612605,1.0825497101208423,1.082755377114391,0.0
2024-01-18T16:15:00Z,1.082755377114391,1.0829896345333945,1.0825311914405087,1.0827598612024196,0.0
2024-01-18T16:30:00Z,1.0827598612024196,1.082977296260626,1.0826141309487407,1.0826201783428002,0.0
2024-01-18T16:45:00Z,1.0826201783428002,1.0827892434729758,1.0818184258739132,1.0819131279506038,0.0
2024-01-18T17:00:00Z,1.0819131279506038,1.0824208250587484,1.0815835384544759,1.0823240600981752,0.0
2024-01-18T17:15:00Z,1.0823240600981752,1.0823610933784131,1.0817194417708715,1.0819104210149517,0.0
2024-01-18T17:30:00Z,1.0819104210149517,1.082044628932631,1.0814244140775546,1.081730458683053,0.0
2024-01-18T17:45:00Z,1.081730458683053,1.081998461160319,1.0809522808132954,1.0812861699998235,0.0
2024-01-18T18:00:00Z,1.0812861699998235,1.0814874065644562,1.0808409133520984,1.0812103713332009,0.0
2024-01-18T18:15:00Z,1.0812103713332009,1.0814491943444164,1.0811825703999,1.0813768284250702,0.0
2024-01-18T18:30:00Z,1.0813768284250702,1.0815094827008287,1.0806727552783608,1.0807082944892132,0.0
2024-01-18T18:45:00Z,1.0807082944892132,1.0811158586019656,1.080584886168446,1.080946422234351,0.0
2024-01-18T19:00:00Z,1.080946422234351,1.0813405383903414,1.0808486687939527,1.0809658871655885,0.0
2024-01-18T19:15:00Z,1.0809658871655885,1.081088024853486,1.0802836872039165,1.080413403966613,0.0
2024-01-18T19:30:00Z,1.080413403966613,1.0813517391616125,1.0802418670920553,1.0810692576565955,0.0
2024-01-18T19:45:00Z,1.0810692576565955,1.081087424057081,1.0804858305533096,1.0805347994793515,0.0
2024-01-18T20:00:00Z,1.0805347994793515,1.0813500045696416,1.0804721657240886,1.0810907924013586,0.0
2024-01-18T20:15:00Z,1.0810907924013586,1.0813144456506392,1.0808880349503023,1.0812910907201045,0.0
2024-01-18T20:30:00Z,1.0812910907201045,1.0813320743240615,1.0807306432610118,1.081027642029306,0.0
2024-01-18T20:45:00Z,1.081027642029306,1.0815787349673998,1.0809604043295917,1.081374479289925,0.0
2024-01-18T21:00:00Z,1.081374479289925,1.0818191527002716,1.0811099878914299,1.0816458322749432,0.0
2024-01-18T21:15:00Z,1.0816458322749432,1.082006872770181,1.0809907377952006,1.080992165519269,0.0
2024-01-18T21:30:00Z,1.080992165519269,1.081151514329289,1.080469171752721,1.0805485254858076,0.0
2024-01-18T21:45:00Z,1.0805485254858076,1.0808235002262165,1.0794914806661555,1.0798890220680315,0.0
2024-01-18T22:00:00Z,1.0798890220680315,1.0799955078927996,1.0793567060290132,1.0796249718495468,0.0
2024-01-18T22:15:00Z,1.0796249718495468,1.079785274582183,1.0789057468759486,1.0791811176491586,0.0
2024-01-18T22:30:00Z,1.0791811176491586,1.0792434101805441,1.0790420698781207,1.0790702524265747,0.0
2024-01-18T22:45:00Z,1.0790702524265747,1.079535317211551,1.078702272835597,1.079139074323985,0.0
2024-01-18T23:00:00Z,1.079139074323985,1.0793399945859654,1.078303504955017,1.078498882105949,0.0
2024-01-18T23:15:00Z,1.078498882105949,1.0787668119517735,1.0778110682065334,1.0780093121451066,0.0
2024-01-18T23:30:00Z,1.0780093121451066,1.078620125199117,1.0776357558274514,1.0785033482885036,0.0
2024-01-18T23:45:00Z,1.0785033482885036,1.0791960007902488,1.0784468288693487,1.0790065954886572,0.0
2024-01-19T00:00:00Z,1.0790065954886572,1.0790574173194662,1.0787061921819472,1.0789804772272882,0.0
2024-01-19T00:15:00Z,1.0789804772272882,1.079527681542129,1.0785899575852942,1.079296424976722,0.0
2024-01-19T00:30:00Z,1.079296424976722,1.0795825346381533,1.078248436618829,1.0785687865984528,0.0
2024-01-19T00:45:00Z,1.0785687865984528,1.0786976025481312,1.0779279016536147,1.077949404631883,0.0
2024-01-19T01:00:00Z,1.077949404631883,1.0783714074035644,1.0778102147830708,1.0780822049361578,0.0
2024-01-19T01:15:00Z,1.0780822049361578,1.0785416521761713,1.077797318415571,1.0783949640593626,0.0
2024-01-19T01:30:00Z,1.0783949640593626,1.0787862275128397,1.0778628701811754,1.0780380463223769,0.0
2024-01-19T01:45:00Z,1.0780380463223769,1.0780746324029993,1.0769533612742064,1.0772438054200963,0.0
2024-01-19T02:00:00Z,1.0772438054200963,1.0780820525459844,1.0771816547371134,1.0778273597980719,0.0
2024-01-19T02:15:00Z,1.0778273597980719,1.0787093851089449,1.077781277847384,1.0784226477440657,0.0
2024-01-19T02:30:00Z,1.0784226477440657,1.078691247445652,1.078230140158823,1.078231589180976,0.0
2024-01-19T02:45:00Z,1.078231589180976,1.0783730413834278,1.077149438647748,1.0774993000917028,0.0
2024-01-19T03:00:00Z,1.0774993000917028,1.0784207892654947,1.0771357427030726,1.0782934639933914,0.0
2024-01-19T03:15:00Z,1.0782934639933914,1.079097203139298,1.0780581733485013,1.0787511589835381,0.0
2024-01-19T03:30:00Z,1.0787511589835381,1.0797597590385217,1.0783720231667275,1.0795021179859625,0.0
2024-01-19T03:45:00Z,1.0795021179859625,1.0796860960054502,1.0792946226804119,1.079607480646051,0.0
2024-01-19T04:00:00Z,1.079607480646051,1.079742436291035,1.0794307465578536,1.0795802266931596,0.0
2024-01-19T04:15:00Z,1.0795802266931596,1.0798322390807518,1.07949120893652,1.079597021512504,0.0
2024-01-19T04:30:00Z,1.079597021512504,1.0797981768267368,1.0790393329443162,1.0792408888938325,0.0
2024-01-19T04:45:00Z,1.0792408888938325,1.0795065518041682,1.0790367635302303,1.0791109382802115,0.0
2024-01-19T05:00:00Z,1.0791109382802115,1.079272178846857,1.078802918458483,1.0791618629305606,0.0
2024-01-19T05:15:00Z,1.0791618629305606,1.0798001624885996,1.0789549055650587,1.0794877510570038,0.0
2024-01-19T05:30:00Z,1.0794877510570038,1.0798579934406976,1.0788817594111757,1.079086091147569,0.0
2024-01-19T05:45:00Z,1.079086091147569,1.0792022498752538,1.0787255603787758,1.0788863713912524,0.0
2024-01-19T06:00:00Z,1.0788863713912524,1.0795476782743019,1.078693341110422,1.07922025423608,0.0
2024-01-19T06:15:00Z,1.07922025423608,1.0796752020935072,1.0790394421071126,1.0795900350588536,0.0
2024-01-19T06:30:00Z,1.0795900350588536,1.0797125929744666,1.0792189633081855,1.0793627479417212,0.0
2024-01-19T06:45:00Z,1.0793627479417212,1.0800636353121158,1.0792797978270359,1.079770288326972,0.0
2024-01-19T07:00:00Z,1.079770288326972,1.0800840452024636,1.0790825396659256,1.079344376101527,0.0
2024-01-19T07:15:00Z,1.079344376101527,1.0798803441858313,1.0790669761025737,1.0796262497002909,0.0
2024-01-19T07:30:00Z,1.0796262497002909,1.079650598016906,1.0791184721816132,1.0792627177835343,0.0
2024-01-19T07:45:00Z,1.0792627177835343,1.0796475098241456,1.0783045885201927,1.078514498131805,0.0
2024-01-19T08:00:00Z,1.078514498131805,1.079173433624377,1.0781927338182409,1.078786824909601,0.0
2024-01-19T08:15:00Z,1.078786824909601,1.078921590658198,1.0783102830466422,1.0783537096101425,0.0
2024-01-19T08:30:00Z,1.0783537096101425,1.0791216090701428,1.0781586445734221,1.0788267655538346,0.0
2024-01-19T08:45:00Z,1.0788267655538346,1.0789347090317523,1.0784227051446014,1.0786175865124137,0.0
2024-01-19T09:00:00Z,1.0786175865124137,1.0793150331086292,1.0782780503360299,1.0789568816985893,0.0
2024-01-19T09:15:00Z,1.0789568816985893,1.0797208368986653,1.078788390465731,1.0795451364359407,0.0
2024-01-19T09:30:00Z,1.0795451364359407,1.0799348159114908,1.0791742637145754,1.0792476109126825,0.0
2024-01-19T09:45:00Z,1.0792476109126825,1.0793599838834445,1.0783312581659996,1.0787000878236577,0.0
2024-01-19T10:00:00Z,1.0787000878236577,1.0793970576994052,1.078359419141878,1.0792644587925404,0.0
2024-01-19T10:15:00Z,1.0792644587925404,1.080060514921995,1.0791875381098945,1.079889625757714,0.0
2024-01-19T10:30:00Z,1.079889625757714,1.0804758613782306,1.0798418907517648,1.080326002446006,0.0
2024-01-19T10:45:00Z,1.080326002446006,1.081146277873696,1.080167011022771,1.0809704654161627,0.0
2024-01-19T11:00:00Z,1.0809704654161627,1.0812250156524483,1.080962367495173,1.0811229047122697,0.0
2024-01-19T11:15:00Z,1.0811229047122697,1.0812746178444785,1.0809425625565976,1.0809469938839875,0.0
2024-01-19T11:30:00Z,1.0809469938839875,1.0812514929657215,1.0806086383288394,1.080741819856474,0.0
2024-01-19T11:45:00Z,1.080741819856474,1.0812789740984436,1.080666451564718,1.0810291475994687,0.0
2024-01-19T12:00:00Z,1.0810291475994687,1.0812988841593745,1.0800173581556358,1.0802617531113654,0.0
2024-01-19T12:15:00Z,1.0802617531113654,1.080341829188076,1.0795896889516872,1.0799318229858705,0.0
2024-01-19T12:30:00Z,1.0799318229858705,1.0806799920308243,1.0796974249195517,1.0805866559121522,0.0
2024-01-19T12:45:00Z,1.0805866559121522,1.08083489094307,1.0805720974401993,1.0807060902793566,0.0
2024-01-19T13:00:00Z,1.0807060902793566,1.0809638492986433,1.0801858435381038,1.0804266255995911,0.0
2024-01-19T13:15:00Z,1.0804266255995911,1.0804916144811738,1.0803415015884306,1.0804426778154084,0.0
2024-01-19T13:30:00Z,1.0804426778154084,1.0806092554583115,1.0799955160781967,1.0801408006266444,0.0
2024-01-19T13:45:00Z,1.0801408006266444,1.0808308901541468,1.0797462449464903,1.0807844888312697,0.0
2024-01-19T14:00:00Z,1.0807844888312697,1.0811271213914704,1.0802716657779157,1.0803690948428257,0.0
2024-01-19T14:15:00Z,1.0803690948428257,1.0806595673490982,1.0803539096907728,1.0805086845249345,0.0
2024-01-19T14:30:00Z,1.0805086845249345,1.0813071075752914,1.0804010121302137,1.0809829238212532,0.0
2024-01-19T14:45:00Z,1.0809829238212532,1.0816164561108887,1.0805881215608137,1.0814247964265056,0.0
2024-01-19T15:00:00Z,1.0814247964265056,1.0815769232139951,1.0806206702683112,1.0807118024311178,0.0
2024-01-19T15:15:00Z,1.0807118024311178,1.0812228735060205,1.0803749374605842,1.080911703465654,0.0
2024-01-19T15:30:00Z,1.080911703465654,1.0811439588886778,1.0805918449952254,1.0809890643693492,0.0
2024-01-19T15:45:00Z,1.0809890643693492,1.0810930593878276,1.0800553559494532,1.0803564299677766,0.0
2024-01-19T16:00:00Z,1.0803564299677766,1.080753627103696,1.0802247349965868,1.0802611125437038,0.0
2024-01-19T16:15:00Z,1.0802611125437038,1.0803461155969314,1.0801992249141272,1.0802000816059272,0.0
2024-01-19T16:30:00Z,1.0802000816059272,1.0802364732551253,1.079402117344798,1.0795496890247622,0.0
2024-01-19T16:45:00Z,1.0795496890247622,1.0797528045102385,1.0793261152051317,1.0794418309917053,0.0
2024-01-19T17:00:00Z,1.0794418309917053,1.0799714356137113,1.0790491006194163,1.0797649936230722,0.0
2024-01-19T17:15:00Z,1.0797649936230722,1.079969234018284,1.0790382703344374,1.079235755960521,0.0
2024-01-19T17:30:00Z,1.079235755960521,1.079580234259367,1.078946849856971,1.0790306566435692,0.0
2024-01-19T17:45:00Z,1.0790306566435692,1.0797779335260926,1.0788964651138127,1.0796348237519564,0.0
2024-01-19T18:00:00Z,1.0796348237519564,1.0800438767960103,1.0795212297630565,1.0798185357165548,0.0
2024-01-19T18:15:00Z,1.0798185357165548,1.080200624695789,1.0790059093387017,1.0791536630179872,0.0
2024-01-19T18:30:00Z,1.0791536630179872,1.0794162626500843,1.0783238873145047,1.0785366868088955,0.0
2024-01-19T18:45:00Z,1.0785366868088955,1.0786680616558129,1.077922784852326,1.078260790308994,0.0
2024-01-19T19:00:00Z,1.078260790308994,1.0784277544227738,1.0776198260296623,1.0780025841103185,0.0
2024-01-19T19:15:00Z,1.0780025841103185,1.0781633944915034,1.077715157444567,1.0777799505723376,0.0
2024-01-19T19:30:00Z,1.0777799505723376,1.078305835353586,1.077601417616212,1.078039919308482,0.0
2024-01-19T19:45:00Z,1.078039919308482,1.0781330075067037,1.0775733679906976,1.0778893532939342,0.0
2024-01-19T20:00:00Z,1.0778893532939342,1.07822211784771,1.0776709839108474,1.077820961281393,0.0
2024-01-19T20:15:00Z,1.077820961281393,1.0782060749933748,1.0777330769420381,1.078194571349455,0.0
2024-01-19T20:30:00Z,1.078194571349455,1.0792044532979392,1.0779242919984524,1.0789315262091974,0.0
2024-01-19T20:45:00Z,1.0789315262091974,1.0791204633779174,1.078847748026457,1.0789267580825401,0.0
2024-01-19T21:00:00Z,1.0789267580825401,1.0791848543041496,1.0781260069688978,1.0784035446133622,0.0
2024-01-19T21:15:00Z,1.0784035446133622,1.0786613700848282,1.0779630242181515,1.0780174888674179,0.0
2024-01-19T21:30:00Z,1.0780174888674179,1.078267025342183,1.077813675586151,1.0781983678972928,0.0
2024-01-19T21:45:00Z,1.0781983678972928,1.0784186277918255,1.077847142662561,1.0779007473896998,0.0
2024-01-19T22:00:00Z,1.0779007473896998,1.0781473826988932,1.0778202526868155,1.0778741544404609,0.0
2024-01-19T22:15:00Z,1.0778741544404609,1.0781456055209058,1.077349558962971,1.0775680339053377,0.0
2024-01-19T22:30:00Z,1.0775680339053377,1.0780667299020106,1.0773394449701013,1.0777547586967156,0.0
2024-01-19T22:45:00Z,1.0777547586967156,1.0779317676734819,1.0769782002181447,1.0773102604518563,0.0
2024-01-19T23:00:00Z,1.0773102604518563,1.0777182064285842,1.0771646542902213,1.077416957249779,0.0
2024-01-19T23:15:00Z,1.077416957249779,1.0778048753977127,1.0770056547671143,1.0773345170588657,0.0
2024-01-19T23:30:00Z,1.0773345170588657,1.077621632358039,1.0770897741866732,1.0775790343486886,0.0
2024-01-19T23:45:00Z,1.0775790343486886,1.0779525986179002,1.076443323533663,1.0768321442996118,0.0
2024-01-20T00:00:00Z,1.0768321442996118,1.0773041198925732,1.076493821156278,1.0771970902852581,0.0
2024-01-20T00:15:00Z,1.0771970902852581,1.0775282404652091,1.0764723169664892,1.0766806025665057,0.0
2024-01-20T00:30:00Z,1.0766806025665057,1.0770367088693327,1.0757297990761872,1.075905810105332,0.0
2024-01-20T00:45:00Z,1.075905810105332,1.0767095144259957,1.075692715649617,1.0764341224764198,0.0
2024-01-20T01:00:00Z,1.0764341224764198,1.077095225802633,1.0760746975854416,1.07701401100122,0.0
2024-01-20T01:15:00Z,1.07701401100122,1.0770244249612348,1.0766214989391485,1.0767561281868518,0.0
2024-01-20T01:30:00Z,1.0767561281868518,1.0767849856147542,1.0758122087127233,1.0760618688402426,0.0
2024-01-20T01:45:00Z,1.0760618688402426,1.0761257417399575,1.0753381319596147,1.0754551648561084,0.0
2024-01-20T02:00:00Z,1.0754551648561084,1.0758232074405707,1.0747390043742842,1.0751011573294806,0.0
2024-01-20T02:15:00Z,1.0751011573294806,1.0760891860816324,1.0749250818989595,1.0756932634477412,0.0
2024-01-20T02:30:00Z,1.0756932634477412,1.0762789249914562,1.075322664615952,1.0761665507675293,0.0
2024-01-20T02:45:00Z,1.0761665507675293,1.0769565258579195,1.0760754867336995,1.076663660252904,0.0
2024-01-20T03:00:00Z,1.076663660252904,1.0770336871651798,1.0757891742902506,1.076010039699279,0.0
2024-01-20T03:15:00Z,1.076010039699279,1.07653457244144,1.0759526376804285,1.0761897806122014,0.0
2024-01-20T03:30:00Z,1.0761897806122014,1.0766942874551362,1.0758753540267465,1.07650868817759,0.0
2024-01-20T03:45:00Z,1.07650868817759,1.0765873708742288,1.0760556434176538,1.0764381839631783,0.0
2024-01-20T04:00:00Z,1.0764381839631783,1.0767361250636374,1.0757555540249706,1.076088048175104,0.0
2024-01-20T04:15:00Z,1.076088048175104,1.0763660608212595,1.0755260689900212,1.075684506206439,0.0
2024-01-20T04:30:00Z,1.075684506206439,1.0757714143872714,1.0748614055936472,1.0752430271922209,0.0
2024-01-20T04:45:00Z,1.0752430271922209,1.0754469662824369,1.074831654916157,1.0750321633094586,0.0
2024-01-20T05:00:00Z,1.0750321633094586,1.07533358347883,1.0739766198292406,1.0742746773192227,0.0
2024-01-20T05:15:00Z,1.0742746773192227,1.0750189429686392,1.07419078359347,1.074876166585474,0.0
2024-01-20T05:30:00Z,1.074876166585474,1.0751690433443841,1.0743688665961657,1.074632061621888,0.0
2024-01-20T05:45:00Z,1.074632061621888,1.0748419212665525,1.0744201076755364,1.0744817431322924,0.0
2024-01-20T06:00:00Z,1.0744817431322924,1.0753401470108288,1.0742790196523968,1.0751514126076638,0.0
2024-01-20T06:15:00Z,1.0751514126076638,1.0756897289571778,1.0748624211258568,1.0756105855949725,0.0
2024-01-20T06:30:00Z,1.0756105855949725,1.0759355638538828,1.075338115675114,1.075375856454823,0.0
2024-01-20T06:45:00Z,1.075375856454823,1.0756301005115283,1.0748244397242774,1.0750173994897174,0.0
2024-01-20T07:00:00Z,1.0750173994897174,1.0752488580667594,1.0747333090692845,1.0748204079101045,0.0
2024-01-20T07:15:00Z,1.0748204079101045,1.074821168333861,1.074400737187999,1.0747202058242218,0.0
2024-01-20T07:30:00Z,1.0747202058242218,1.0750524911364507,1.074105626574661,1.0743264845631153,0.0
2024-01-20T07:45:00Z,1.0743264845631153,1.0747393150325761,1.0742763054460893,1.0744889009445138,0.0
2024-01-20T08:00:00Z,1.0744889009445138,1.0750492903868143,1.074143793204065,1.0749324668754754,0.0
2024-01-20T08:15:00Z,1.0749324668754754,1.0756619120239397,1.074606395164689,1.0753906504974882,0.0
2024-01-20T08:30:00Z,1.0753906504974882,1.0756599897630534,1.0749082168502755,1.0752893361892553,0.0
2024-01-20T08:45:00Z,1.0752893361892553,1.075329625427816,1.074627110746782,1.0747918884106455,0.0
2024-01-20T09:00:00Z,1.0747918884106455,1.0748668286537266,1.0747034125108168,1.07480718558387,0.0
2024-01-20T09:15:00Z,1.07480718558387,1.0755488746639104,1.0747476205013802,1.075393678103654,0.0
2024-01-20T09:30:00Z,1.075393678103654,1.075624670238585,1.0748104318032141,1.074886413593522,0.0
2024-01-20T09:45:00Z,1.074886413593522,1.0751015006234355,1.0746706166391875,1.0748464850927075,0.0
2024-01-20T10:00:00Z,1.0748464850927075,1.075187140512068,1.074839796316154,1.0748524136148907,0.0
2024-01-20T10:15:00Z,1.0748524136148907,1.0756200312694817,1.0748370901253155,1.0755403357334514,0.0
2024-01-20T10:30:00Z,1.0755403357334514,1.076196387508329,1.075325173836402,1.075968408181777,0.0
2024-01-20T10:45:00Z,1.075968408181777,1.076280838334032,1.0753940413433507,1.0755166021354106,0.0
2024-01-20T11:00:00Z,1.0755166021354106,1.0759709915416071,1.075287467679575,1.0758796869117464,0.0
2024-01-20T11:15:00Z,1.0758796869117464,1.0762654999527521,1.0756877109104632,1.0761168404817638,0.0
2024-01-20T11:30:00Z,1.0761168404817638,1.0763741785083996,1.0751447123396949,1.0754212206957505,0.0
2024-01-20T11:45:00Z,1.0754212206957505,1.0756414940170587,1.074573412442607,1.0748666393546324,0.0
2024-01-20T12:00:00Z,1.0748666393546324,1.0752022069439529,1.0738802424677532,1.0742284047042578,0.0
2024-01-20T12:15:00Z,1.0742284047042578,1.0743277690183546,1.0734755647859249,1.0735091905294798,0.0
2024-01-20T12:30:00Z,1.0735091905294798,1.0735437066442597,1.0729177316609515,1.0731134743848407,0.0
2024-01-20T12:45:00Z,1.0731134743848407,1.073233523429086,1.0725294617327341,1.0727140633621797,0.0
2024-01-20T13:00:00Z,1.0727140633621797,1.0730294591402347,1.0722194502885836,1.0725085372277203,0.0
2024-01-20T13:15:00Z,1.0725085372277203,1.0725979221735402,1.0718877613251598,1.071891066161655,0.0
2024-01-20T13:30:00Z,1.071891066161655,1.0719343221537465,1.071339058446276,1.071617922795672,0.0
2024-01-20T13:45:00Z,1.071617922795672,1.07246477240206,1.0715343177227243,1.0720664531838253,0.0
2024-01-20T14:00:00Z,1.0720664531838253,1.0723692199491464,1.071160421016755,1.0713251210976604,0.0
2024-01-20T14:15:00Z,1.0713251210976604,1.0721718349128662,1.0712001331931775,1.0720148517601673,0.0
2024-01-20T14:30:00Z,1.0720148517601673,1.0723940106885856,1.0711262987091927,1.0713311504073173,0.0
2024-01-20T14:45:00Z,1.0713311504073173,1.0715059850508746,1.0709288247210302,1.0712362621574048,0.0
2024-01-20T15:00:00Z,1.0712362621574048,1.0719559728689583,1.0711649961773162,1.0717655774115877,0.0
2024-01-20T15:15:00Z,1.0717655774115877,1.072122101619242,1.0714525937032406,1.07161567630649,0.0
2024-01-20T15:30:00Z,1.07161567630649,1.072097023680846,1.0714311354924693,1.0718731402629544,0.0
2024-01-20T15:45:00Z,1.0718731402629544,1.072090900672682,1.0716501731881174,1.0719928563934784,0.0
2024-01-20T16:00:00Z,1.0719928563934784,1.0726083781736075,1.0718452786877994,1.0725764373656541,0.0
2024-01-20T16:15:00Z,1.0725764373656541,1.0735767408299848,1.072571123703188,1.0731854414272446,0.0
2024-01-20T16:30:00Z,1.0731854414272446,1.0736415212265116,1.0728482077134012,1.0733887042151617,0.0
2024-01-20T16:45:00Z,1.0733887042151617,1.0734410923523674,1.0732205949854698,1.0733406851733593,0.0
2024-01-20T17:00:00Z,1.0733406851733593,1.0739723371872443,1.0732588538190313,1.0736810086887214,0.0
2024-01-20T17:15:00Z,1.0736810086887214,1.074171890473205,1.0734178886654222,1.0739091908423408,0.0
2024-01-20T17:30:00Z,1.0739091908423408,1.0740858404745568,1.0730142333476287,1.0731442295922973,0.0
2024-01-20T17:45:00Z,1.0731442295922973,1.0734344487502132,1.0730929615867815,1.073299759904734,0.0
2024-01-20T18:00:00Z,1.073299759904734,1.0736870898030886,1.0729834947350678,1.0735723182014025,0.0
2024-01-20T18:15:00Z,1.0735723182014025,1.0737906550329974,1.0729382185808805,1.0732614663627602,0.0
2024-01-20T18:30:00Z,1.0732614663627602,1.0735539196119834,1.0726191310324265,1.0726463859476507,0.0
2024-01-20T18:45:00Z,1.0726463859476507,1.0733544775671877,1.0723567680369182,1.0733444149448217,0.0
2024-01-20T19:00:00Z,1.0733444149448217,1.0734162884774034,1.0729763584185856,1.0731343402900615,0.0
2024-01-20T19:15:00Z,1.0731343402900615,1.0733024334911476,1.07308539923179,1.0731364602453626,0.0
2024-01-20T19:30:00Z,1.0731364602453626,1.0732929440426235,1.072749563356618,1.0731729002538117,0.0
2024-01-20T19:45:00Z,1.0731729002538117,1.073347028598245,1.0728946300302145,1.072985850770831,0.0
2024-01-20T20:00:00Z,1.072985850770831,1.0738646424108733,1.0727273494684932,1.0737359337786418,0.0
2024-01-20T20:15:00Z,1.0737359337786418,1.0744253206084768,1.0734338083587982,1.0742680465246268,0.0
2024-01-20T20:30:00Z,1.0742680465246268,1.074311858133735,1.0738972178862063,1.0739140953784305,0.0
2024-01-20T20:45:00Z,1.0739140953784305,1.0742636706891504,1.073751221180163,1.0738324326432371,0.0
2024-01-20T21:00:00Z,1.0738324326432371,1.074137561180682,1.073626733867581,1.0737372019850606,0.0
2024-01-20T21:15:00Z,1.0737372019850606,1.073944901850674,1.0730112858475576,1.0731814372336657,0.0
2024-01-20T21:30:00Z,1.0731814372336657,1.0742419797155922,1.0730862156095213,1.073883028013361,0.0
2024-01-20T21:45:00Z,1.073883028013361,1.0741468824518696,1.0738694844325491,1.0739803899835074,0.0
2024-01-20T22:00:00Z,1.0739803899835074,1.0743466387723106,1.073770226735156,1.0738913395553966,0.0
2024-01-20T22:15:00Z,1.0738913395553966,1.0743132796929087,1.0738661128130624,1.074029142912519,0.0
2024-01-20T22:30:00Z,1.074029142912519,1.0747514296125473,1.073908526179963,1.0747077559410483,0.0
2024-01-20T22:45:00Z,1.0747077559410483,1.0750608623833864,1.0745575720268514,1.0750531291164052,0.0
2024-01-20T23:00:00Z,1.0750531291164052,1.0752424758235368,1.0744494367015456,1.0744557581318326,0.0
2024-01-20T23:15:00Z,1.0744557581318326,1.0745447390409366,1.0738649441618628,1.073897540910379,0.0
2024-01-20T23:30:00Z,1.073897540910379,1.0739753326357893,1.0730353287118253,1.073242392756511,0.0
2024-01-20T23:45:00Z,1.073242392756511,1.073570846154169,1.0724947650026493,1.0726615118796077,0.0
2024-01-21T00:00:00Z,1.0726615118796077,1.0727579044077624,1.071928681338413,1.0722645157699549,0.0
2024-01-21T00:15:00Z,1.0722645157699549,1.072561393291161,1.0715005359109306,1.0715395703268407,0.0
2024-01-21T00:30:00Z,1.0715395703268407,1.0724141460250096,1.0713005138079927,1.0722508560330786,0.0
2024-01-21T00:45:00Z,1.0722508560330786,1.0728722671863813,1.0722252519382987,1.072832092301502,0.0
2024-01-21T01:00:00Z,1.072832092301502,1.0733768325751498,1.0725436853725379,1.073141789526773,0.0
2024-01-21T01:15:00Z,1.073141789526773,1.0733405450035143,1.0727116361095912,1.0727862948687514,0.0
2024-01-21T01:30:00Z,1.0727862948687514,1.0728989499554369,1.0724513740683046,1.0726856453452713,0.0
2024-01-21T01:45:00Z,1.0726856453452713,1.0727955712013801,1.07210716763685,1.0723641618828237,0.0
2024-01-21T02:00:00Z,1.0723641618828237,1.0726846333916735,1.0715027466993872,1.0717010486355976,0.0
2024-01-21T02:15:00Z,1.0717010486355976,1.071747022670612,1.0710637343000202,1.0712672468459412,0.0
2024-01-21T02:30:00Z,1.0712672468459412,1.0715612598021824,1.0711176996825518,1.0712734572361664,0.0
2024-01-21T02:45:00Z,1.0712734572361664,1.0716304885562409,1.0710235196245268,1.0711330434501576,0.0
2024-01-21T03:00:00Z,1.0711330434501576,1.0722597512800929,1.0707369563507418,1.0719027302992548,0.0
2024-01-21T03:15:00Z,1.0719027302992548,1.0727148401803182,1.07157699790761,1.0726119657464843,0.0
2024-01-21T03:30:00Z,1.0726119657464843,1.0728726227301617,1.0722129598281376,1.0727910234733633,0.0
2024-01-21T03:45:00Z,1.0727910234733633,1.0733511817538608,1.0725678111775472,1.0730273057400754,0.0
2024-01-21T04:00:00Z,1.0730273057400754,1.0733726301809825,1.0722843662400685,1.0723545480937215,0.0
2024-01-21T04:15:00Z,1.0723545480937215,1.0726010319439907,1.0718915364932275,1.0719691289716198,0.0
2024-01-21T04:30:00Z,1.0719691289716198,1.0722545622838293,1.0718708232705894,1.071909214861603,0.0
2024-01-21T04:45:00Z,1.071909214861603,1.0722080684657669,1.0717189587528362,1.0721662726690613,0.0
2024-01-21T05:00:00Z,1.0721662726690613,1.0726803288406406,1.072149022465285,1.0724053979628965,0.0
2024-01-21T05:15:00Z,1.0724053979628965,1.0727894618993448,1.0717547466663617,1.0719111616480999,0.0
2024-01-21T05:30:00Z,1.0719111616480999,1.0720610028990756,1.0715124177838646,1.071790891386284,0.0
2024-01-21T05:45:00Z,1.071790891386284,1.0724356711524574,1.0716299519382302,1.0721755852946913,0.0
2024-01-21T06:00:00Z,1.0721755852946913,1.0724930054167037,1.0721004168657025,1.072286840349163,0.0
2024-01-21T06:15:00Z,1.072286840349163,1.0733918725162273,1.071975872282895,1.0730059258892295,0.0
2024-01-21T06:30:00Z,1.0730059258892295,1.0739802596739927,1.0726702845078417,1.0737940269729396,0.0
2024-01-21T06:45:00Z,1.0737940269729396,1.0740911163144493,1.073093085699887,1.073379074500289,0.0
2024-01-21T07:00:00Z,1.073379074500289,1.0744141515001,1.0730273496349074,1.0740807979229647,0.0
2024-01-21T07:15:00Z,1.0740807979229647,1.0743957734214598,1.0735189391712983,1.073709061800501,0.0
2024-01-21T07:30:00Z,1.073709061800501,1.0738564421405523,1.0730894822603532,1.0734090367975608,0.0
2024-01-21T07:45:00Z,1.0734090367975608,1.0742952941428847,1.073141250323998,1.0739574352706323,0.0
2024-01-21T08:00:00Z,1.0739574352706323,1.0740197036347403,1.0732027183224337,1.0734299152588327,0.0
2024-01-21T08:15:00Z,1.0734299152588327,1.0735645409645065,1.0729281537907471,1.0729691434535273,0.0
2024-01-21T08:30:00Z,1.0729691434535273,1.0732559605796552,1.0723273301353786,1.0724167889167975,0.0
2024-01-21T08:45:00Z,1.0724167889167975,1.0731050725248155,1.0720772515040091,1.0729734367874848,0.0
2024-01-21T09:00:00Z,1.0729734367874848,1.0730804364953206,1.0724997036228452,1.072657632903004,0.0
2024-01-21T09:15:00Z,1.072657632903004,1.0728318498208165,1.0717250086235355,1.0718769700558326,0.0
2024-01-21T09:30:00Z,1.0718769700558326,1.0722215807219626,1.0709471241921802,1.0710971891606063,0.0
2024-01-21T09:45:00Z,1.0710971891606063,1.0714813356600774,1.070206502660452,1.07029787255282,0.0
2024-01-21T10:00:00Z,1.07029787255282,1.0703075892918594,1.0698628397187073,1.0699026566628953,0.0
2024-01-21T10:15:00Z,1.0699026566628953,1.0704710973903224,1.0697010396601392,1.07023829688377,0.0
2024-01-21T10:30:00Z,1.07023829688377,1.0703529915333858,1.0694441416935858,1.0698321767318737,0.0
2024-01-21T10:45:00Z,1.0698321767318737,1.0702279563714512,1.0692730797292862,1.069627755230403,0.0
2024-01-21T11:00:00Z,1.069627755230403,1.0699670145884241,1.069018713841861,1.0690271267085387,0.0
2024-01-21T11:15:00Z,1.0690271267085387,1.0696885883158487,1.0687489267035881,1.069364751730314,0.0
2024-01-21T11:30:00Z,1.069364751730314,1.0697695526221438,1.069302999107307,1.0694444100615468,0.0
2024-01-21T11:45:00Z,1.0694444100615468,1.0696144149246811,1.069284743779129,1.0695080751948185,0.0
2024-01-21T12:00:00Z,1.0695080751948185,1.069791395439917,1.0687848843435293,1.069014130574805,0.0
2024-01-21T12:15:00Z,1.069014130574805,1.069712194842412,1.0687744559487118,1.069460901775267,0.0
2024-01-21T12:30:00Z,1.069460901775267,1.0704609381015107,1.0692342000814852,1.0701359536813015,0.0
2024-01-21T12:45:00Z,1.0701359536813015,1.0705070910097503,1.069709307471593,1.0698577491811916,0.0
2024-01-21T13:00:00Z,1.0698577491811916,1.0699910634547105,1.0689385840837433,1.0692211363610211,0.0
2024-01-21T13:15:00Z,1.0692211363610211,1.070169504275676,1.0689561329383015,1.0699112286736328,0.0
2024-01-21T13:30:00Z,1.0699112286736328,1.070922093143769,1.0697330507642302,1.0706109418969716,0.0
2024-01-21T13:45:00Z,1.0706109418969716,1.0709147988615795,1.0704227242926576,1.0705498066343284,0.0
2024-01-21T14:00:00Z,1.0705498066343284,1.0707976689887717,1.0696018966582077,1.069925484859949,0.0
2024-01-21T14:15:00Z,1.069925484859949,1.0701989592095598,1.069165626085601,1.0695226493924068,0.0
2024-01-21T14:30:00Z,1.0695226493924068,1.0695769460683544,1.068729696691466,1.0689268982047189,0.0
2024-01-21T14:45:00Z,1.0689268982047189,1.0693066650305536,1.0682631559694893,1.0686618395106908,0.0
2024-01-21T15:00:00Z,1.0686618395106908,1.068979084967406,1.068322151817842,1.0685748386457325,0.0
2024-01-21T15:15:00Z,1.0685748386457325,1.0689635586635766,1.0679825456896435,1.0680523405961584,0.0
2024-01-21T15:30:00Z,1.0680523405961584,1.0682333601468124,1.0673668211404435,1.0673739539921743,0.0
2024-01-21T15:45:00Z,1.0673739539921743,1.0675387776956546,1.0669614223387907,1.06734315500554,0.0
2024-01-21T16:00:00Z,1.06734315500554,1.0676830619934998,1.066893070938785,1.0672049790558709,0.0
2024-01-21T16:15:00Z,1.0672049790558709,1.0674381589141468,1.0670830432930172,1.0673430381880997,0.0
2024-01-21T16:30:00Z,1.0673430381880997,1.0675010699201144,1.0670711708377025,1.0673294102943627,0.0
2024-01-21T16:45:00Z,1.0673294102943627,1.0674671965101288,1.0670866840494724,1.0673379915274985,0.0
2024-01-21T17:00:00Z,1.0673379915274985,1.0682134802407217,1.0672037292041585,1.0681324533432273,0.0
2024-01-21T17:15:00Z,1.0681324533432273,1.0681699626023389,1.067329537034747,1.0673517206522591,0.0
2024-01-21T17:30:00Z,1.0673517206522591,1.067686328871793,1.066949245527488,1.06722833108463,0.0
2024-01-21T17:45:00Z,1.06722833108463,1.0683088742617375,1.0669939831529514,1.0679740933418915,0.0
2024-01-21T18:00:00Z,1.0679740933418915,1.0681077570684034,1.0678206822824283,1.0681027442851185,0.0
2024-01-21T18:15:00Z,1.0681027442851185,1.0683510271735273,1.0676951996666841,1.0677213914481445,0.0
2024-01-21T18:30:00Z,1.0677213914481445,1.0679392970208321,1.0675245988035902,1.0677890697867556,0.0
2024-01-21T18:45:00Z,1.0677890697867556,1.067829940702103,1.067343493205999,1.0676360928167814,0.0
2024-01-21T19:00:00Z,1.0676360928167814,1.068355932526908,1.0675897744504572,1.068116661768205,0.0
2024-01-21T19:15:00Z,1.068116661768205,1.068623696650051,1.0677220179821099,1.0682752958403852,0.0
2024-01-21T19:30:00Z,1.0682752958403852,1.0687072057049962,1.0679238988791095,1.0686888995551391,0.0
2024-01-21T19:45:00Z,1.0686888995551391,1.0690635500098191,1.0683208693825443,1.0689529281591248,0.0
